# Resource object code (Python 3)
# Created by: object code
# Created by: The Resource Compiler for Qt version 6.11.0
# WARNING! All changes made in this file will be lost!

from PySide6 import QtCore

qt_resource_data = b"\
\x00\x00\x13\xcc\
\x89\
PNG\x0d\x0a\x1a\x0a\x00\x00\x00\x0dIHDR\x00\
\x00\x00@\x00\x00\x00@\x08\x06\x00\x00\x00\xaaiq\xde\
\x00\x00\x00\x01sRGB\x00\xae\xce\x1c\xe9\x00\x00\x00\
\x04gAMA\x00\x00\xb1\x8f\x0b\xfca\x05\x00\x00\x00\
\x09pHYs\x00\x00\x0e\xc3\x00\x00\x0e\xc3\x01\xc7o\
\xa8d\x00\x00\x00\x18tEXtSoftwa\
re\x00Paint.NET 5.1\
.7\x8b\xd6\xf79\x00\x00\x00\xb6eXIfII\
*\x00\x08\x00\x00\x00\x05\x00\x1a\x01\x05\x00\x01\x00\x00\x00\
J\x00\x00\x00\x1b\x01\x05\x00\x01\x00\x00\x00R\x00\x00\x00\
(\x01\x03\x00\x01\x00\x00\x00\x02\x00\x00\x001\x01\x02\x00\
\x10\x00\x00\x00Z\x00\x00\x00i\x87\x04\x00\x01\x00\x00\x00\
j\x00\x00\x00\x00\x00\x00\x00`\x00\x00\x00\x01\x00\x00\x00\
`\x00\x00\x00\x01\x00\x00\x00Paint.NE\
T 5.1.7\x00\x03\x00\x00\x90\x07\x00\x04\x00\
\x00\x000230\x01\xa0\x03\x00\x01\x00\x00\x00\x01\x00\
\x00\x00\x05\xa0\x04\x00\x01\x00\x00\x00\x94\x00\x00\x00\x00\x00\
\x00\x00\x02\x00\x01\x00\x02\x00\x04\x00\x00\x00R98\x00\
\x02\x00\x07\x00\x04\x00\x00\x000100\x00\x00\x00\x00\
%G\x9e\x8d\xa34\xb5\xc5\x00\x00\x12{IDAT\
x^\xed\x9aytU\xd5\xbd\xc7?{\x9fs\xef\xb9\
S\x06B\x06\x12H\x08I\x98\x05\x8a\x0c\x02\x0e@\x1f\
Vm-V[mm\xb5\xef\xf5Uk_i\xb5\xb6\
U\xeb\xd4\xe2\xb2OZ[\xed\xa4\xaf\xcb\xda\xdaW\x87\
V\xb4N\x15\xab\xb6\xa8\xd1\x0a\xca(Ce\x90\x10\x02\
$\x84\x90y\xb8\xe3\x19\xf6\xfbc\xdf\x98p\x1f\x89\x10\
\xd0Z\x97\x9f\xb5\xee\xe2r\xf9\xed}\xf6\xfe\xfe~\xfb\
\xb7\x7f{\x1f\xe0C\xfe9\x5c\xa80\xb2\xd4\xc8\xe1%\
\xaa$\x94\xf9o\x1fx\x82\xaaj\x94\xf4\xca\x1fa\xe7\
\xa8\x06Q;j\xbb\xe1\x94\x9f7C\xcd\xf0e\xda}\
 \xb1Te\x95h)\xdb\xc2U\xd9\x1eA\xe1\x12\x11\
\x8a\xafe9\xb2\xa1tyX\x95\x8f\xc8\xb4\xff@\x11\
h,/\xe7\x99\xa2=\xcc\xf0+\x0c\xbcP\x15Nx\
\xbaP\x22K(N\xb5<V\x15\xd7K5f\xc9d\
5\xd9\x9f\xd9\xf6_\x9f\xbf\xe4M\xe2\xb2H\x079B\
\x89\x1c\xa1J\xaf@}\xac\x15uV;\xaa\xf2&\x14\
Al\x86K\x97\xef\xe5&\xc4\xa1\xd2\xc7\x22\xaa\xaa \
\xb3\x8b\x7f9\xcaUy \x10\x1f=&\xeb\xe9\xdc\xff\
\x15\xf3\xfc.&\xca7\xd7T\xb3_@}\xdcF\x9d\
\xab\xf4\xe7\x13\x1ej\xce\xcb(k\x9ch\x22\x22\x1c\xce\
\x0e\xbal.Yg\xa9\x8aq\x99}\xfeK\x90\xaf\xc6\
g\x19\xaa\xe2\x5c\x11-[/\xee\xcas\xc8\x97\x8a,\
\xa1r\xbe\xe6W\x8b:\xfb&\x9e\xf9\xf9X\x0bj\xe4\
\x97\xb0\xf1\xe12\xce\xf4X]r\xc0Pc\x16_\xa8\
02\x9fq\xa2\x10\x99?\x1c\x0f3\xd4\x0c\xdf&\xda\
\xce\xf6\xe0:Uc\x9f\xc2\x95-&/'\xf0\x8f\x12\
L\xbd\x07\x0a\xe7+\xe4;<Qy\xd0\xf00\xea\x1f\
\xd7\x08\xe5\xf8\xa4\xe0\x7f\x86'\xe5\xd9\xa1\xfb\xc3\xd2\xbe\
\xa1[4\xb4f\xda\x1f/\xef0\x9c\xa3\xc7R\x95U\
)\xe5\xde\xc1~w\x91\xba\xb3S\x8a\xfb\xbb\x03\xf4(\
\x0a\xcf\x85\x93~\x0a\xc1\xd1\x99-\x06F\xb9\xd0\xb4\x02\
6_\x8e\xb2\x13B\xf0\x8dlO\x5c\x9f[+#\xc6\
\xd5\x0e\xb5\xcf\x08\x81\xcal3T\x8e[\x80\x05j\x81\
\xf9\x0a\xfb.Wq\xf76\xf5D<\xc4\xb7[\x95\xe8\
t\xfd\x91*\xc4\xf8\x1f@\xc1Y`X\x99\xad\x8e\x8e\
\xceM\xb0u\x09\xaas+B\x9d\x19r\xc4\xaf\xf2\x93\
\xa2P\xdex\x06\xe5wW\x8bj'\xd3~(\x1c\x97\
\x00J!\x0c\xcaoV\xbb\x9d\x1b\xd45m\xf0T\xcc\
\x0c\x96!+\xafE\x8c\xfc\x02\xf8\xb23[\x1c;\xa9\
V\xd8\xfa58\xf8$\xa8J\xd3aY\x9e-?\x1e\
Z>\xdc\x17\xfeF\xb3x\xb3'\xd3\xfeX\x19\xb2\x00\
\x93\xd5d\xff\xf6D\xcf5\xde\xf2\xe8\xf7\xb9\xb1\x1dZ\
\xdcx\xc9g\xc8\x9a\xb8\x0c\x11\x18\x05b\xc8=\xff\x7f\
\x94\x0b\xf5\x0f\xc2\xb6k\xc1\xb6\x85\xe2\xda\x5cW\x5c\x99\
\xfd\xbc?\xe4\xbb*)jvg\xda\x1f\x0b\xc7<L\
\xa5\x10\x16c\xa6\xa4\xd6%\x7f\xc9-\xed\xa7\xf1BB\
\x88\xb0j?\xf9\xd7\xe4\x15\x9d\x0b\xf2]*a\x94\x82\
\xae\xcd\xb0\xf1b\x88\xd6\x00\x0b\x03\x8a[\x865\x9b\xb3\
\xac\x7fw|u\xcfe\xda\x1f-\xc7$@\x96\x1a\x97\
\x1f\xedH,\xf1~\xd1\xf5\x1d~\xd9\x15&\xa1T\xf1\
g\x11\x93\x96*\x11\x1c\xa5m\x94:\xb1\xde\xcf$V\
\x07\xdb\xaf\x87\xa6g\xc0\xf3KX:,.\xbf\x9c\xf5\
\xcb@\xd0\xfd\xf9\xb5\xec?\xb8T\xe0e\xb6\x19\x8c\xa3\
\x1aj\xae*\xcf\xedB~\xde\xdb\x94\xb8\x89o\xb6\x8e\
`]\x0a\xab\x141\xf1V\xc5\xc8\x0b@\xbck\xbb\xf4\
\x91\xf1\x1ch~\x166}]`\xb7\x01\x17\x86=\xbe\
\x9b\xdb \xab\xcc\xbb\xa6\xcb\xe1?\xdd 6\xd8\x99m\
\x06\xe2\x1d\x05\xf0\xab\x8a)v\xc2\xbdO\xdd\xdb=\x83\
\xff\xee\x102\xa9\x18y\x89b\xd2\xad\xe0\xcb\xcd\xb4~\
o\x89\xed\x81\xad\xdf\xc6k~\x16\x18n\xc0U\xd9\xf8\
\xaf\x08=*\xb3\x8d\x1bB\xf8[\xdaDMWf\x9b\
L\x06\x15\xc0R\x95U\xa9\xa8\xf3\x8cZ\xdaQ\xc1]\
]\x04\xc7(1\xf5\x17\x88\xfc\x85\xc8\xf7\xda\xeb\x03\xe1\
\xa5\xf4r\xd8v\x1d\xc4\x1b\x80sBpSNLL\
\xb5v\x9bR~\xd9\x16\xb5\xeb2\xdb\xf4g@\x01\xca\
\xf7\x94\x07\xea\x1a\x93/pG\xe7\x1c\x9e\x8c\x11\x9e@\
\xc3\xdc\xe7)\x0d\x8c\xcc\xb4|\x7f\x90<\x04[\x96@\
\xf3\xf3\xe0\xd9\xb8\x9c\x12@<^\xb87'O\xce\xe8\
\x10u\x1d\x99\xf6\xbd\xc8\xcc\x1fz\xa9\xabI\x5c\xcc\xa2\
\x83\xf3x<&\xf3\xcf&uj\xf5\xfbw\xf2\x00V\
!\xccx\x08f<\x8cK\x8a\x0e^I\x18\xea\xc1\x9e\
\xa28r\xd0S\xe5\x80\x02\x90'\xcbz\x0bN_\x84\
\x80\x0cd\x1a\xbc\xff\xb0\xdb\xe1\xcdo\xd2\x88\xc70@\
a\x89\x94\x81;h\xb14\xa0\x00\xb2\xcalg\xb4\xe9\
\xe1'\xd1\xf8(j\xfd\x85\xd8\xc9\xe6L\xab\xf7\x0f=\
;a\xed\xf9\x10\xabed\xd1Y\x08\x0c\xa0\xd8h\x0f\
\x13\xe9\xce\xb4\xed\xcf\x80\x02\x90-a\x96\xe5J\x13\xb3\
\xf8\x02\xe2\xad/\x92z\xed\xa3\xd4wl\xc4U'\xec\
(r\xfc(\x05\x87\x9e\x87\xd7\xe7\x10\x8b\xfd\x03o\xec\
\xb50\xe2\xf3\x08@\x90k\xe4\xc4\x88F2\xdb\xf4\xe7\
\x88\x02,UH\x85\xf8\x04g\x05lec\x94]\x86\
\xaf\xe2j\x82\xc9\x03\x8c\x5c\x7f\x1e\xb2\xe9I\xfd\xe0\x7f\
6n\x1cv\xdd\x0a\xeb/\x00W\x12\x98\xf0\x13\xc4\xd8\
\xa5\x08\x9f\x8b'\x14\x0a\x8b,{(9\xe0.\xc6\x87\
\x81brd'\x02\xa4\x859\xe1\x07\xc8\x99\x8f#\x8c\
\x10\xe2\x8dKQ\xdb\xae\x06\xfb\x1dw\xd9w\x8f\xe4!\
\xd8\xf89\xa8Y\x06\xe1*\x98\xb3\x129\xfa+\x08i\
\xc2\xdb\xb5\xa0\x10\x86\x877<\xa3\xe9a\x1cQ\x80\x16\
\xb1\xb3\x1b\xa8\xa3\xdd\xcbA!\x84\x0f!\x0c\x18>\x1f\
f\xad\x80\xbc\xd3\x11\xfb~\x8b\xb7\xe6\x1c\xe8\xd8\xf0\xde\
D\x83JO\xcaM\xc0\x81G`\xd5<h^\x09%\
\x9f\x839\x7f\x85\x9c\xe9\xda\x0c\x09\xa9$B\x09\x04\xae\
\xe7\x19\x88\xc6\xc3{:\x9c#\x0a\x80.\x10\xfe\x86\xa7\
\xeb\x04_\xbc\xef\xf7\xac2\xd4\x8c\xe58c\xaeB\xf4\
\xbc\x89Z{\x0e\xd4\xdc\x06\xce\xa0\xb9\xf6\xf8\x11\x12b\
{a\xc3\x85\xb0\xe5+\xe0%a\xea=0\xf5^\xb0\
\x8a\xd2F\x0a\x81\x82\xc4\x9b8\xd2\x84\xaa\xdad\xe3\xf5\
\xb7\xec\xd9\x95\xd1\xd5a\x0c\x22\x80jF\x22\x94B\xb9\
\x01\x1dV\xc1z(z\x19eFp?r9b\xd6\
S\x88`9\xec\xfe\x09\xac[\x8cj_\xd3\xe7\xa9\x13\
\x89g\xc3\xc1?\xc3k\x0b\xa0\xf99\x18\xf1)\x98\xf7\
*\x8c\xba\x04\xa4\xd9k\xa4\xff\x90ITx\x0d>\xbf\
\x0b\x8b\x9f\xe8,\xf6\xd72\xac\x7f_\x99\x0c(\x80D\
\xbd\x85O(<(~\x1a\xaa\xee\x83\xc9\xb7C\xf6N\
$\x0a+Q\x0a\x93\x1c8u9N\xd9\x97\xa1k+\
b\xc3g\xa0\xf6\x0e}\x891T\xbcT\xbf\xefI\xe8\
X\x0f\xaf/\x82M_\x047\x06\x13o\x87i\xf7A\
\xa8\xff\x15[\xef\x12\xf4P\x81\x06D\xb4\x11\x84@\xf9\
<\xafS8\x83\x9f\x0e\x07\x14 \x84\xdac\xe4\xca\x1e\
\x04B\xae\x85\xa2W\xc0j\x87\xc8^\x906\x04\x0fB\
\xd9cPR\x839\xe968e\x05*X\x06;n\
\x84U\xa7\xe3\xd5?\xa8\xd7\xeb\xb1\x22\x0cp\x93\xd0\xb6\
\x16\xd6]*\xd4k\x0b\xf5=\xc0\xf0\x850\xf7%\xa8\
\xb8Z/\x87\xc3P <\xd4\xf8e\x88\x89w\xe8\x9c\
dJR>\x93\xa8\xb0\x87(\xc0\xd5\xec\xeb\x9c\xffR\
\xd7.CA<\xd6\xf7{\xa0\x09>r\x13L\xbd\x05\
\xfc\xddP\xbe\x1c\xa6,\x83\x93\xf6!N\xf9\x0bL\xba\
\x1d'y\x80\xd6\xadW\xe0\xae\xfd\x04tm=\xfa$\
\xe9\xc6\xa0\xf1O\xb0\xe6,Xs\xae\xa0\xb9Z\x88\xc8\
\x22\x83\xaaW\x82\x8c}\xccGdRf\x8b>\x8a\xff\
\x84\xca\xd9!\x10\x1d\x06)\x17\xa4\x00\x01\x86\xf2\x0d<\
G\x06\x13\xa0\xf8\x0a\x8c\x93w\xc6#\xa6\x84C\xfd\x8e\
\x12\x02\x086\x81\x99\x16\xc5HBv\x8d\xfe\x98\x11(\
_\x821\x7f\x0b\x05#.@\xb6\xbd\x8a\xbb\xfat\xd4\
\xb6k`\xb0*R)h\xfe+\xac>\x036_\x06\
\x9d\xb5\x12\xf7\xd3\x11\xe4\x8aB\xd4\xc3\x85\xec\x9c:\x82\
\xf5r\x04\xae'\xfa\xb68\x95^\xf7\x0e\x94>\x04#\
\x9fF\x1a(\xdel\xab$j\x87\x90\x12G\x08\x22\xae\
\xc9\xa0o\x9f\x07\x14\xa01J\xd04\x88\x98\x06\xaa+\
\x0e\xb6g\xb0\xa3\xa3\x92\xa8\x13|\xdb\xc6v\xc1K\x0f\
\xa8k\x22\x08\x17\x84\x0f\x11,\x83\x8f\xdc\x8f\x98\xfd4\
F\xa8\x0c\xf6\xde\x05\xab\xe6B\xed\xcf\xc1\xee\xec{\x06\
@\xaa\x1d\xde\xbc\x0a\xd6}\x0a\xa2\xad\x12n\xcd\xc5[\
7\x12\xf1\xab|\x98\x1d n\xf90q\x99@\x1b\xa6\
\xa3<\xb3\x7f{\x01\xd9\xdba\xc4s`\xa6\xcf\xb5\xa5\
\xe1&\xfc\x22\x89\x10X(\xfc~g\x88\x02\x84|\x84\
\x04DH{(\xe1\xfai\x8a\xe7\x13w\xf4\xa9\xc8\xf5\
\xe0@+\xb4\xf7\x80g@\xe7$\x90\xfd.\xaa\x85\x80\
\x82\x8f\xc1\xbc\xbf\xe3M\xbc\x8d\x98r`\xdb\xb7`\xcd\
Y\xa8\xce7\xf4n\xd1\xb5\x05\xd6/\xc2\xd9\xfb{\x14\
\x1f\x0d\xe0U\x97\xe0]\x95\x03E&\x02\xc50\x12\xcc\
v\x0e\xaaE\xc9}\x94&\xa3\xe4\xbf\x8a\xcc\xda\x95\xf6\
|z\xc2Y;\xc1\x10\x90H\xe9H\xcd\x0bt\x12\xf2\
\xbbJ)L\x04\x86\x92\x03\xcf\x91\xc1\x04p\x92\xe4\x22\
\xc8\xe9\xfd{\xc4\x8c3\xb7p#\xc3\xadv@\xaf\xb1\
\xdc0\x84\x03\xe0D Q\x08^\xef\x1b~\x0f\xd5\x9b\
\x99\xcd\x1c\x8c1W\x128m\x15j\xf4\x85tF7\
\x22^;\x0d^_\x84\xb7\xf6\x93\xa8\xf6\x9d\x18\xea\xbf\
\xb2\x85\xef\xe1\xe1\xa8\xd1&\x08\x81@QE\x07\xb3i\
R\xa3\xf6\xa5\x84\xe1\x03_\x14*\x1e\x85\xc2\xd7\xd3\xcf\
P\xfa\x13l\xd7\x02x\x1e\xb8\xaev\x96\x94\x08O\x81\
\xa7\xf0\xb9\xef\xf0Zm@\x01\x94\x89)@\xa2\xd2\x09\
E\x80\xdf\xb0\x0f\xbb\xf0\xcc\x0eA\xc0\x0f\xc9<\xf0,\
P\xa6\x1e\xd4\xe8\xe5\x88I?\x06\x7f\x9b\xb6\x13 #\
!\xc4\xe4\xdf\x933\xfbvpmh\xadF\xaa\x80P\
\xe2\x91\x02\xe1[\x96C*\xe2\x03\x04\x06\x8a\xf9;\x0e\
2\xce\xeb\xc0\xf0\x94(z\x05\x84\x03V+\x18q\xc8\
\xdd\x0a\xa1\x86>\x01|m\xda\xfb!\x0b\x8a\xf3\xc04\
\xc0\xf2\xa1\x5c\x0f\x1c\xf7\x9d\xdf \x0d(\x00\x80\xa7P\
\x9eB\xe4\x84\x0f\xff\xddq\xa11\xfd`\xd0\x11\x00z\
\xa6\xc2\x81\x82\xd50l+\x9c|\x0d\x94=\x0a\xa1z\
\xb0s@\xfa \xfbr\xc8\x9e\x0a\xc12\x08?\x99\x97\
R\xe7\x84p\x84\xaef,\x1c\xe6E\x1b9\xf5\xfe\x04\
9\xdb!{\x17\x14\xac\x82\xe97\xc0\xa4\x9f\x80t\xc1\
L@\xd5\xbdZ\x10\xb3U\x90\xaa\x0b\xd2\xd0\x0a\xb1$\
\xc8\xf4lL\x03\x91v\x94\xab\x0czK\xa5#2\xa0\
\x00\xc1\x04\x07\x926mJA\xc0\xa7C+i\x83\x97\
\xd6T\xa4\xa3\x02@\xf5\x06\x99\x0b\xe1=\xd0U\x0f)\
\x07\x8c\x14\x94\xfe\x19&\xde\xa1\x07,<0\xfd\xe0\x13\
\xa0\x1c((JY\xba\x13\xc5\xf8\xcd1.x\xe9\x00\
3\xeeO\x11\xaa\x87\x89w\xc2\xe4\x1f\xea\x09\x07\x9b\xc0\
\x88\xc2\xa1\xf8p\x1ac\x85Dja\xca\xf7\x04\xf2\xca\
\x09\x1c\xa8\xab\xa08O\x10\xb2\xb4c\x926t\xc7P\
\x02\x1c)H\xa1\x86X\x07|\xebQ\xda\x12)^$\
\x9do\x1c\x17\x1aZ\xa0;\xa6\xc3\xac0\x17\xac\xf4\x9a\
W\xa2o\xfd\x17?\x06\xd1(8\xfd\x12\xa2\xd5\x01\xe3\
\xef\x86\x91+`\xd4\xd3\x90\xdb\xa2\x13f\x09=\xa2\x92\
\x0e\x16\xado\xe2\xf3?ma\xca}.\x85\xabA(\
-^\xff\xa4\xaa\x10\x1c\x8a\xe7\xd3\x18+D!\xb0z\
\x14S\xe5n&\x0f{\x8b\x90\xa5\x90R'\xe4}\x87\
\xa0;\x01\xa6A\xcag\xe0\x99\x8aA\xaf\xc8\x07\x14\x00\
\xa0\xbe\x95\x15\x0ap<=\xe9\xa2a:\xe9\xb9\x1e4\
\xb5CO\xfa\x90\x14h\x06\xb3\x07\xf2\xd7@\xc16\x18\
\x95\x0fAKGMC\xb4\x88\xbd=#\x89\xd4\xc0\xe8\
\xc7\xa0\xec\x09}\xd7\x22\xba\xa0\xe4\xaf\x8aO\xff\xb0\x83\
\x09?\x0c\xf3VK\x15\xae\xa7\x87\xe3z\x92\xb8c\xa1\
T\xbf\xc4&\x14c\xb3wq\xd2\xb0\xed\xb8\xca \xe1\
XXF\x0a\xcb\xb0\xdf\xf6|N\x08,\xbf\xfe\x1e\xb2\
\xf0\x0cI\xb7\x14\xe8\xac=\x00\x83\x0a\xd0\x9d\xa0Q\x00\
\xfb[\xb4\x08\xe1\x80\x16B\x00\x86\xec[s\xe1z\x98\
\xfe]\x18{\x8f\x8e\x90\xd6.=h\x85\xa0#\x95C\
[2\x17\xd5\xef\x02:\x92>\x5c\x95>\x02\xb9o\x82\
\xedX$]\x7f\xef\xe1\x93\xfd\xd1\x12\xd67O\xa33\
n\xe8g\xbbZ\x88\x83m\x1e\xf1\x84\xcb[\x9dcx\
\xa3u2vZ\xb0\xd6.\x9d\x93\xf6\xb5\xc0\xc3\xafB\
g\x0cQQDHJV\x8fN0\xe8\xc9d\xd0-\
\xe2?\x16\xf2\xc5\xa6\x0e\x16\xd66\xe9\xad\xa6\xbc\xb0o\
\xed\x07,AS\xb2\x04\x9fp\xf0\x1b\x0e\x86\xadC7\
\x91\xd2\x05R8\xa0\x05\xca\xb3:(\x08\xb4\x90Ly\
Z<\x01\xfb\x9a\xf5`O\xae\x84\xb0\x05\xd9\xfe\x1e\xb2\
\x8c\x16\x1c\xdb\xc3o\x82_\xda\x04\xcc\x049\xfenP\
}}\x81\x8e\xac\x80i\x136c\xe4\xf8\xa3\x08\x01>\
\x13\x1aZ\xe1\xc9\xb5\xda\xfbgN\xc3\xfb\xe8I\xd4\x18\
\xf0\xa5\xaf.'\xbd\x17\x1d\x99A#\xc0o\xb2\xf7\xec\
\xe9\xd8YAxu\xbb\x1et/\xb6\xe7gow)\
m\xc9\xc3_\x0fe\x87\xa0(\xb7_F\x96.\xb6\xed\
r\xb0\x0d\xec\xf4\x9a\x16\xbaN\x7f\xfb\x8c P\xc4\x12\
\x1e\x9d1\xfd[\xd8\x17gT\xb8\x09\xcb\x07\xf99}\
}e\x87 \x9a\x007\xd9Mq\xa8\x19!\xb4\xfd\xce\
\x03z\xf2R\xe0]|:\xd13&\xb2\xdb38\xfb\
\xfa?P\x9b\x1e\xd6\x80\x0c\x1a\x01\x17\xcde\x9b\x12\x14\
\x14\xe71k\xeb>DM#jl\x09\x22d\x81)\
\x5c\x8aC\x87\xc8\xb5\xba\x0e\xab\x0d\xfa\xef\x0e\xbd\xf8\x0c\
\x08\x07\xc1\xaf\xeb\x1c\xf6\xb7\xc2\x9e&\x98Y\xa9\x97\x83\
\x10\x10\xf4\xeb\xefF\xbf\x11\xf5.#! \x9e\x82\xd6\
n]\x93(\xf4\xbe\xef)X\xbf\x1bV\xac\x07\xd3@\
]|:\xed\x95E\x18H\xbe~\xd3\x03\xbc\xd6\x7f\x0c\
\x031h\x04\x5c\xf1kl\x9f\xe4\xba\xd1\x85<\x7f\xfa\
Dh\xe9F\xfci\xb5\xdes\x85\x00\xcb\xb0\x91\xa2\xaf\
\xd6P\x0a\xa2v\x90\xa4{\xf8;r!\xf4\xe4\xbbc\
z\x22!\xbf\x9e\x84\xdbo\x832\xa4\xce/\xf4\xf6\x93\
\x80=]#\xd9\xda6\x01\xd7\x93x\xae\xb6\xcf\x09C\
~\xb6\x0e\xf5\x95[\xe0\xb97\xc0\x90x\xe7\x9fB\xf3\
\x98B\x82R\xf2\xa3\xaa\x04O\xf5\xf5<8\x83F\x00\
\xc0\xdf\xb6`\x9f1\x95\xa7G\x0fgfO\x82\xca\x1d\
\x0dz\x0dO*\xd5\x9e\xed\x8f\xab\x0c\xdeh=\x89\xae\
T\x16\xf9\xc1Vz\xe2\x10O\xea\xed\xd2S\xd0\x9c>\
\xc8$l\xd8V\x0f'\x95\xc1\xb0t\x11e{&)\
\xd7\x8f)\x1c\x1cW\x9f3\x84\x94x2@~\xb0\x0d\
\xcb\x07YA-R{\x14\x1e|\x19\xb6\xec\x85\xa2\x5c\
\xecK\xe7\xd3]^D\x16\x8a\x9b\x93\xf5\xdc\xb1\xe4/\
\xb8\x87\x0dl\x10\xdeQ\x00\x80\x97\xb6\x92\xaa\x9e\xc8\x13\
\xe3FQ\x95t\x98\xb4\xa3\x1e\xd1\xd4\x09e\xf9:t\
{\x11(\xc2\xbe(yV'\x96\x91\xa2\xb5K'\xc5\
\xec\x90\xf6p$\x00\xa1\x00\xf4$`s\x1d\x8c+\x81\
\xc2\xf4icW\xe7\x18j\xba\xc6P\x1c:\x84\xcf\xf0\
\x08[\x90\x1bLR\x10l\xc3H/+!\xe0P'\
<\xf8\x0a4u\xc0\x8c\x0a\xec\x8bN\xc5\xcb\x8d\xd0\xae\
\xe0;\xd7?\xc4\xaf\x16\xd6\x0d^\xf8d2\xe8\x12\xe8\
E\x80b2\xb1`\x88\xcb\xce\x9c\xca\xb33\xabP;\
\xebQ\xbfY\x09u\x87\x0e\xaf\x0e\xf3\xac.\xb2\xfd=\
\x08\x9dD1\xd2O\xf0<\x9d\xccd:k\x83\xf6d\
/\xa5\xe1\x03L\xc8\xa9\xc1'\xf5y\xc3\xf2ko\xf7\
\xffou\xed=\xf0@5\xb4t\xc1\xa9\x13q\x17\xcf\
\xa6#\xe8g\x99+\x98{\xc3\x83\xfc.\x9d\x1e\x8e\x89\
\xa3\x8a\x00\x80\xeaj\xd4\xdf\xde\xc0^7\x93\xd7\xabF\
03'\xc4\xc8\x9a\x83\x88-u:)\x96\x0c;<\
\xf9\xbd\x9d\xd8\xd2\xd7\x07M\xedZ\x84\x80_o\x93\x1b\
kaX\x18*\x8at\xd9\x1c\xf49\x84\xfb]?g\
&\xd2\xfd-\xf0\xc0\xcb\xd0\xd1\x03s'\xe0\x9d9\x8d\
\x95\x96\xc9\xe7\xae{\x90\xc7\xe6of\xc8o(\x8e*\
\x02z\x11\xa0\xae\xfd=\xbb\x85\x9f\xf3gU\xf2\xd4\x17\
\xce\xc0\xf6\x9b\xf0\xe7u\xf0\xfc\x1bz\x22\xfd\x91RG\
\x80\xd0\x07\x94\xb7\xa3\xc1JGFw\x5c{\xf5`Z\
\x1c\xd0\xc9\xed@\xab\xeeK)\xe8\x8a\xe9Dw\xdf\x0b\
\xd0\x19\x83\x85SH-\x9a\xc2\xd5EY|\xf2\xba\x07\
\xd8>\x14\xaf\xf7\xe7\xa8#\xa0?/l\x22\xb6x\x01\
O\x85%M\x15#\x98u\xb0\x9d\xf0\x8e\x06\xa8o\xd5\
w\x04\x91~\x85\x0bio\x86,\xf0\xfb\xf4w\xd7\xd3\
\x11\x000g\xbc\x8e\x92\xde\x22\xa9\xb7\xac5\xa5\xae=\
\x9e\x5c\x03\xbb\x1a!7\x04\x8bg\xe1\xcd\x1e\xc77o\
~\x98\xbbgn8\xfaD7\x18C\x12\x00\xe0\xd9\xb5\
\xb8+\xb7\xb0\xfe\xb3\xd3\xb8\xaf\xa8\x80\x9a\x8e8\x0bk\
\x0fbm\xa8\xd5{|8\xa0\xbd\xec7\xfb\xee\x13z\
\xc3\xdaS\xf0\x8f\xbd\xda\xc3\xd3+\xf4.\xd1\xfbo\x86\
\x84\xe6.\xf8\xe3*\xd8\xd9\xa0\x97\xd1\xa7\xe6\xe0\x9d3\
\x9dTq\x1e\xbf\xb6\xc7r\xeb\xc2\xea\xe3\xf3z\x7f2\
V\xda\xd0Y\xba\x00\xf3\xd56\xce\xeb\x8c\xf1\xd0\x8ez\
\xac\x84\xad=]\x90\x0d\x8bg\xc3\xe8\x82\xbe%\x90\xb4\
\xe17+Q\x80\xb8lQ\xdf\xa9\xd2S\xb0z\x07\xbc\
\xb8UG\xc2\xecq\xb0p2-\xe1\x00Y\x02\x9e5\
\x04\x97\x5c\xf3\x00\xfdR\xe7\xf13\xe4\x08\xc8\xa4\xba\x0e\
\xaf\xb6\x89\xed\xe7\xcd\xe5\xeeI\xa3\x18\x17M2\xb63\
\x8a\xecN\xc0\xa6=Ps@\xef\xf9\xb9a=\xb9\x8d\
\xb5\x08\xcb\xa7#\xa07\x1f<\xb3\x1e\xfe\xbeM\x0br\
\xee,\xec\x05\x93\xf1\xfc&>\xe01<\xbez\xddC\
COv\x03q\xc2\x04\xe8e\xfd.\x12\x8b\xbf\xc8\xa3\
\xd3r\xf9\xed\xac\x0a\xc6V\x8d`\x9c\xed \xf6\xb7\xc2\
\xe6=\xda\xeb\xc5y\xba\x84\x0d\xf8`Z9\xbcu\x00\
\xf7\x8f\x7fG\xd6\x1d\x82\x92<\x9c/\xfd\x1b\xc9\xca\x22\
\xda\x95\xe0\x19\xe1qy2\xc5\xbd7/?\xb1\x9e\xef\
\xe5\x84-\x81#q\xe7\x85\x04\x13\x01~\xa3\x5c\xce\xdf\
s\x88\xe0\xe3\xaf\xeb\xac>o\x02l\xaa\x83\xfc,\x1c\
\xdb\xa3\xa5\xa9\x9d\x11R\xa0\xe6\x8e\xc7\x9d?\x89\xfd~\
\x8b\x9f)\x87\xe5c\x1dZ.z\xf4\xc4$\xbb\x81x\
W\x05\x00\xb8\xe7+\xf8Zz8\xcd\x90<\xde\xdaC\
\xf6\xef^@vD\xb1=0<\x0fL\x89\x1c]\x80\
:s\x1a\xaa4\x9f'\x14|\xfb\xc6?\xb0\xefx\xb7\
\xb7\xa3\xe5]\x17\xa0\x97\x1f_J\xa1\xa3\xb8\xf9\xad\x03\
,y\xa0\x1a\xcf\xf10\xa4\xa0\xed\x92\xf9XU#\xe8\
\xf6\x99\xdc\x99\xac\xe2\x8e\xa5K\x8f\xad\x94=^Nx\
\x0e\x18\x88S/ \xee&\xa8.\xb4\xf0\x85\x83\xbc\xbc\
\xa3\x816\x05\xf7\x5ct\x1a_w\xfd\xfc\xec\xe6\xfby\
\xb1\xfa\x04no\xef;\x96.E\xaat\xc4-]z\
l\x15\xe8\x07\x86\x1f\xfd'YK\x17\x0c~O\xff!\
\x1f\xf2!\xef)\xff\x07\xe74z\x8e\xf44\xbc\xc4\x00\
\x00\x00\x00IEND\xaeB`\x82\
\x00\x00\x04D\
\x89\
PNG\x0d\x0a\x1a\x0a\x00\x00\x00\x0dIHDR\x00\
\x00\x00\x80\x00\x00\x00\x80\x08\x06\x00\x00\x00\xc3>a\xcb\
\x00\x00\x00\x01sRGB\x00\xae\xce\x1c\xe9\x00\x00\x00\
\x04gAMA\x00\x00\xb1\x8f\x0b\xfca\x05\x00\x00\x00\
\x09pHYs\x00\x00\x0e\xc3\x00\x00\x0e\xc3\x01\xc7o\
\xa8d\x00\x00\x00\x18tEXtSoftwa\
re\x00Paint.NET 5.1\
.7\x8b\xd6\xf79\x00\x00\x00\xb6eXIfII\
*\x00\x08\x00\x00\x00\x05\x00\x1a\x01\x05\x00\x01\x00\x00\x00\
J\x00\x00\x00\x1b\x01\x05\x00\x01\x00\x00\x00R\x00\x00\x00\
(\x01\x03\x00\x01\x00\x00\x00\x02\x00\x00\x001\x01\x02\x00\
\x10\x00\x00\x00Z\x00\x00\x00i\x87\x04\x00\x01\x00\x00\x00\
j\x00\x00\x00\x00\x00\x00\x00`\x00\x00\x00\x01\x00\x00\x00\
`\x00\x00\x00\x01\x00\x00\x00Paint.NE\
T 5.1.7\x00\x03\x00\x00\x90\x07\x00\x04\x00\
\x00\x000230\x01\xa0\x03\x00\x01\x00\x00\x00\x01\x00\
\x00\x00\x05\xa0\x04\x00\x01\x00\x00\x00\x94\x00\x00\x00\x00\x00\
\x00\x00\x02\x00\x01\x00\x02\x00\x04\x00\x00\x00R98\x00\
\x02\x00\x07\x00\x04\x00\x00\x000100\x00\x00\x00\x00\
%G\x9e\x8d\xa34\xb5\xc5\x00\x00\x02\xf3IDAT\
x^\xed\xdd?kSQ\x18\x80\xf1S\x89\x98\xa14\
\x15\x1a\x08B\x06\x07\x1d\xc4\xd1\x8f\xd0APg\x09v\
\xd0\xc1\xd9-\xaev\xd3,\xae\x1d\xb3\xe5\x0b8\xfb\x09\
:\xbb8F\x9c\xa5\xea \x16\xea\xe2\xe0y\xc1{\x13\
n.\xf7\xcf\xf3\xfc\xe0,\xef\x90\xa1y\xb8\xf0\x9e\xb4\
\xe9^\x82{\x90\x1e_\xc5\xd9.\x9d\xa7\x0f{q\xd6\
&\xd7\xe2@,\x06\x00g\x00p\x06\x00g\x00p\x06\
\x00g\x00p\xad\xdeQ7Q\xf7\x1e_\x95\xf7\x00j\
5\x03\x803\x008\x03\x803\x008\x03\x803\x00\xb8\
V\xef\xa8i\x07{\xfe\xddt\x1cG\x99\xd3\xf4\xeak\
\x9c\xfdk\x96\x9e\xdc\x8a\xb3mx\x0f\xa0V3\x008\
\x03\x803\x008\x03\x803\x008\x03\x80k\xf5\x8e\x9a\
6\xb8\x07\x98\xa4{q\x94y\x9f\xde\x15\xee\xf9\x07q\
\x10<\xf2\x1e@}f\x00p\x06\x00g\x00p\x06\x00\
g\x00p\x06\x00\xd7\xf9\x00~\xa5\xdf\x85\xe7\xe0\xef\xae\
\xff\xbfsQr\xfa\xae\xf3\x01\xa8\x1a\x03\x803\x008\
\x03\x803\x008\x03\x803\x00\xb8\xce\x07p#]/\
<q\xaf\x8f'\xde\x0b\xc4\xd3w\x9d\x0f@\xd5\x18\x00\
\x9c\x01\xc0\x19\x00\x9c\x01\xc0\x19\x00\x9c\x01\xc0u>\x80\
\xf8\xf9\x7f<q\xaf\x8f'\xde\x0b\xc4\xd3w\x9d\x0f@\
\xd5\x18\x00\x9c\x01\xc0\x19\x00\x9c\x01\xc0\x19\x00\x9c\x01\xc0\
u>\x80\xf8\xf9\x7f<q\xaf\x8f'\xde\x0b\xc4\xd3w\
\x9d\x0f@\xd5\x18\x00\x9c\x01\xc0\x19\x00\x9c\x01\xc0\x19\x00\
\x9c\x01\xc0\xb5\xfa;\xec\xd2\x06\xdf\x13x3\xdd\x89\xa3\
\xcc\xd9\xfe\x9b8\xca\x5c\x5c\x15\xbe|z\xf9\xf3$\x8e\
\xb6\xe2\xf7\x04\xaa\xd5\x0c\x00\xce\x00\xe0\x0c\x00\xce\x00\xe0\
\x0c\x00\xce\x00\xe0\x1a\xdfQg\xb3Y\xe1\x22\xfey\xf5\
=\x8e2e\xff/\xe0t\xf8:\x8e2\x87\x83A\x1c\
e\x9e\xfex\x16G[\xf1\x1e@\xadf\x00p\x06\x00\
g\x00p\x06\x00g\x00p\x06\x00\xd7x\x00\xd3\xe9\xb4\
\xf0\x94\x89\xdf\x07\x10\xcf\xe1`Px\xbe]^\x16\x9e\
\xbek<\x005\xcb\x00\xe0\x0c\x00\xce\x00\xe0\x0c\x00\xce\
\x00\xe0\x0c\x00\xae\xf6\xcf\xaa\xcb>\xef/\xdb\xf5?.\
>\xc5\xd1Vn\xa7\xe38\xca\xbc\xdd\x7f\x11G\x99\xaa\
\xbf\x0fp\xff\xf9Q\x1ce\x96\xcbe\xed\xefA\x11\x9f\
\x00p\x06\x00g\x00p\x06\x00g\x00p\x06\x00g\x00\
p\xb5\xef\xa0\xf3\xf9\xbc\xf0\x1e`\xbd^\xc7Qf4\
\x1a\xc5Q\xe6\xfc\xecK\x1c\xb5J\xd9=@\x99\xba\xef\
\x09|\x02\xc0\x19\x00\x9c\x01\xc0\x19\x00\x9c\x01\xc0\x19\x00\
\x9c\x01\xc0\xd5\xbacn\xa2\xee{\x822u\xdf#\x1c\
=,\xfe\xdb\x82\xc9d\x12G\x19\xef\x01T+\x03\x80\
3\x008\x03\x803\x008\x03\x803\x00\xb8Zw\xcc\
]\xa8zO0\x1e\x8f\xe3(3\x1c\x0e\xe3(S\xf6\
\xfae\x7f\xd7Pf\xb1X4\xfa\x1e\xf8\x04\x803\x00\
8\x03\x803\x008\x03\x803\x008\x03\x80kt\x07\
\xdd\x85\xb6\xdf\x13\xacV\xabV\xff\x8c}\x02\xc0\x19\x00\
\x9c\x01\xc0\x19\x00\x9c\x01\xc0\x19\x00\x9c\x01\xc0\xfd\x01F\
0\xc2N\xfek\x01\xa0\x00\x00\x00\x00IEND\xae\
B`\x82\
\x00\x00\x12\xc3\
\x89\
PNG\x0d\x0a\x1a\x0a\x00\x00\x00\x0dIHDR\x00\
\x00\x00@\x00\x00\x00@\x08\x06\x00\x00\x00\xaaiq\xde\
\x00\x00\x00\x01sRGB\x00\xae\xce\x1c\xe9\x00\x00\x00\
\x04gAMA\x00\x00\xb1\x8f\x0b\xfca\x05\x00\x00\x00\
\x09pHYs\x00\x00\x0e\xc2\x00\x00\x0e\xc2\x01\x15(\
J\x80\x00\x00\x00\x18tEXtSoftwa\
re\x00Paint.NET 5.1\
.7\x8b\xd6\xf79\x00\x00\x00\xb6eXIfII\
*\x00\x08\x00\x00\x00\x05\x00\x1a\x01\x05\x00\x01\x00\x00\x00\
J\x00\x00\x00\x1b\x01\x05\x00\x01\x00\x00\x00R\x00\x00\x00\
(\x01\x03\x00\x01\x00\x00\x00\x02\x00\x00\x001\x01\x02\x00\
\x10\x00\x00\x00Z\x00\x00\x00i\x87\x04\x00\x01\x00\x00\x00\
j\x00\x00\x00\x00\x00\x00\x00\xf2v\x01\x00\xe8\x03\x00\x00\
\xf2v\x01\x00\xe8\x03\x00\x00Paint.NE\
T 5.1.7\x00\x03\x00\x00\x90\x07\x00\x04\x00\
\x00\x000230\x01\xa0\x03\x00\x01\x00\x00\x00\x01\x00\
\x00\x00\x05\xa0\x04\x00\x01\x00\x00\x00\x94\x00\x00\x00\x00\x00\
\x00\x00\x02\x00\x01\x00\x02\x00\x04\x00\x00\x00R98\x00\
\x02\x00\x07\x00\x04\x00\x00\x000100\x00\x00\x00\x00\
B\xa9\xa9\xe2\xba\xf9e\xf1\x00\x00\x11rIDAT\
x^\xed\x9b\xebo\x1c\xd7y\xc6\x7fgfvw\x96\
KR\xb4D\x8a\xbaXw\xd9\xb2$\xcb\x8alKv\
\xd2\xd8\xa9a\xc7Nj\xa4\x05\xaa8ha\xb4I\x81\
\x14hj\x07-\x8a\xf6s\x91\x7f\xa0\x1f\x82\xa2@\x81\
\xb6A\x8a\xba\xed\x87Bm\x0c$N\x02'p\x9c\x8b\
S\xcbV\x0c\xdfe\xd9\x8edI\xa6(Q\xe4\x92{\
\x9b\x9d\xcby\xfba\xde!g\x87\x5c^$9\x0d\xd0\
\xbe\xc0\xc1\xcc\xce\x9e\x9d9\xcf\xf3^\xcf9\xb3\xf0\x7f\
\x5cL\xf1\xc2\xafJ\x9e\x1a\x19\xe9y\xf6\xe3\xf5\xba\xe4\
?\xff\xaa\xe4#%\xa0\x00\xd2\xd1\xe79\xfa9\xfb.\
\x0f\xdc\xeag\x01\xe4WA\xca\x0d% \x07\xd8\x00\xae\
\x82u\x01O[I\x8f\xae\xf619\xc0\x16\x08\x81\x08\
\x88s\xcd\x02\xf6\xa3\x22\xe3\x86\x10\xf0\xd4\xc8H\xa6\xdd\
\x0ch\x19\xa8\x00U`@[\x15\xf0\xf5X\xd1~\x99\
\xc6\x13\x05\xdf\x06Z\xda\xb2\xf3\x0e\xd0Ub\xec\xe3\xf5\
\xba->\xffz\xe4\xba\x08P\xe0N\x0ep\x0d\x18\x06\
\xd6\x017i[\xaf\xc7!\xfd># \xb3\x02\xab\xe0\
\xba\x0ax\x16\x98\xd1vE\xdb\x14\xd0\xd4\xef# \xba\
Q\x16qM\x04\xa8\xa9\xbb\x0a\xbc\xa6\xe06\x00\x9b\x80\
\xcdz\xdc\x08\x8c\xe9\xf5\x0c\xbc\xaf\xbf\xc9\xdc#{~\
f\xee\x99\x154\x94\x80\x09\xe0B\xaeM\x00W\x819\
 |\xbc^\x8f\x0aC[\xb3\xac\x99\x00\xd5zI\xcd\
z=0\x0el\x03\xb6\x03;\xf4|\x5c\xbf\x1bT\x8d\
g\xbe\x9f\x81\xceZ&\xf3\x81O\xdd!#\xa3\x01L\
+\xf0_\x02g\xb4\x9dS\xcb\xc8\x88\xb8f\xb7X5\
\x019\xad\xfbj\xe2\x9b\x80\x9d\xc0-\xdav\x00[\x14\
\xf8@\xce\xcc\x8bQ\x7f%)f\x85X\xe3\xc0\x8cZ\
\xc1i\xe05\xe0-\xe0}%\xa2\x03\xc4\xd7\xe2\x16\xab\
\x1a\x94\x82\xf7\x14\xd8\xa8j{?p\x10\xb8U\xb5>\
\xaa\xdf\x97\x0b\xe6}#\xc4j\x0b\xd4\x05\xce\x01\xaf\x00\
/\x03\xaf\x03\xe7s\xd6\xb0&\x12\xdc\xe2\x85\xa2\xe4\xc0\
\x0f\xaa\x7f\xef\x03\xee\x06\xee\x05>\x06\xecU\x93\x1fT\
S\xbf\xd1\xe0\xd1\xfbe\xae7\x98\x8b7\xebul\x91\
\x92\x13\x1d\xf7}{\x22\x08VM\xc2\xb2\x04\xe4\xc0\x0f\
\xa9y\x1f\x04\x8ei;\x08\xdc\xac\xeeP^\xc2\xaf?\
\x0a\xc9\x88(k\xb6\x19\xcd\x91\xd0\xcdR\xe6q\xdf\x97\
\xd5\x92\xd0\x97\x80\x9c\xcf\xd7T\xf3\x07\x80{\x80\xa3j\
\xfe\xe3j\xf2}\xef\xf1\x11J6\xb6\xaa\x12\x90\x91\xd0\
\xd2t\xd9]\xad%\xf4\x1d\xfcq\xdfw\x15\xe08p\
\x9bj\xfd\xa8\xba\xc0\xa8\x06\xb9,\xc0\xfdoI\xde\x1a\
\xd6\xe9\xb5\xa6\xc6\x83UY\xc2\x92\x04\xa8\xf6+Z\xc0\
\xecU\x9f?\xa6\x9a\x1f\xcd\x99\xfc\xaf\x83\x18\x8d\x0d\xc3\
\x1a\x1fb\xa0\x9eY\xc2\x89 X6E\xf6\xd3`\x16\
\xf1\xb7(\xe8;4\xd5m\xf85\x03\x9f\x89\xa3\xe3\xdd\
\x0b|R]u\x1bP{jddI%g\xb2\x88\
\x00-t\xca\xeaW;\x95\x80[\xb5\xaa\xab|\x94\xe0\
w\xdd\x1dr\xe4s\x1d\x1cwY\xab\xed'\x8e\x06\xeb\
}\x9a\xa1\x0ei5Z*v\xcc\xcb\x22\x02r\x81o\
S\xae\xc8\xd9\xa4\x0c\xaf\x1a\xfc\xf8-\x11\xc7\x1ek\xb3\
\xfbh\x17\xb7\xb42 \xc7\x15\xf6\xdc\xd3e\xcb\xfe\x08\
\xc7+~\xbbjq\x81\x11\x05\x7f\xb7*p\xf8\xa9\x91\
\x91\xbe$\xf4\x10\xa0\xbe_\xd2\x80\xb2\x0d\xd8\xa3\xa9n\
\xa8\xd8\xb7\x9f\xb8ea\xdd\xa6\x84;?\x17\xb0\xe7X\
\xc8\xb1/tx\xe4\xcf\x1a\xd4\xd6'\xc5\xae=\xe2\x0f\
\x0b\x83\x1b,\x8d+\x0e\xc9\xf5U\xf8%\x0d\xdc\x875\
U\x8f/g\x05EPYj\xd9\x90\xab\xef7\xac\xce\
\xf4\x85-\x07\x22\x1e\xfc\x93&\x9f~\xb2\xc1\xf0\xc6\x84\
\xd6\x8c\xc3\xd5\x0f\x5c\x86\xc6,\xf7\x7f\xa9\x8dW^\xb0\
\x04c\x84\xcd\xfb\x226\xdd\x1aQ\xa9Y\xaaC\x16\xb7\
\x04S\xe7<\xc4.\xfd\xa8\xd1\x9d1\xc7>\xdf\xa6\x5c\
]6\xae\x19\xc5\xb0Sc\xd7N`\xe8\xa9\x91\x91%\
\xedj>@\xe4\xb4?\x0c\xec\xd6*\xef\xa0\x9a\x7fi\
y\x02\x84m\x87\x22>\xfe\xfbm*5a\xf2L\x89\
SOWy\xf5{>\xef\xfe\xbc\xc2\xd0\xa8elw\
\xcc\xcc\x84\xcb\xdc\xe5\xf4\x91\x95\x9a\xf0\x9b_n\xb1\xe7\
\xde\x90\xddGC6\xeeN\x18\x18\xb1L\x9d\xf5h\xcf\
\x1aD\x0c\x08\xe9Qelg\xcc\xcd\x87\x22\xce\xbfV\
&\xee.3\x9ct\xac\xd9z\xc3e\x9dL\xcd\x9e\x08\
\x82\xb8\xd8q\x9e\x80\xe3\xbe\xef\xa8\xa6\xc74\xe8\x1dV\
\xff\x1f\xe9\x97.3\xa9\xae\x13\xee\xfbb\x0b\xc75\xbc\
\xf0\xef5\xdex\xb6B\xf3\xaa\x8b\x8d\x0d\x88\xa19\xed\
\xb0\xeb\xae\xd4\xae/\xbc^\x06 \x89\xe0\xd2\xbb\x1e\x8d\
+.\xe5\xaa0\xb2\xd9\xe2\x95alW\xcc\x9ec\x11\
{\x8ev\xd9y$b\xdb\x1d\x11\x1b\xb6\xc7\x5c~\xd7\
\xa3>\xe1r\xee\x17e\xc2V\xd1p\x17\x89\xc9\x95\xe4\
u\xe0\x03`\xea\xb8\xefw\x8buA\xfeN\x99\x05\xd4\
4\xd7\x8fi^]\xe1i\xc2m\xf7w)U\x85W\
\xbf\xe7s\xf1\x0d\xafGk\x00\xed\x19\x87\xb0c\x18X\
'\xb8%a\xeb\xc1\x88\xea\xb0\xd0\x9eq\xf8\xe5K%\
~\xfc\xcd\x1agO\x95\x88\x02x\xfd\xfb>\xef\x9f,\
3{\xd9\x05\x03C\xa3\x96\x91M\x16\xb7$\x88\x98\x95\
4\x9f\x17G\x95\xb7K\xe3\xd8\xe0R\x8a\x9c\xbf\x9b\xfa\
\xc8M\x9a\xf6\x1e\x06\x1e\xd1\xf2\xb7\xba\x9c\xf9\x8flN\
x\xe8\x89\x063\x17=\x9e\xfb\xc7\x1aI\xb8\xb8k\xc9\
\xb7<\xfc\xd5&A\xd3\xe1\xe5\xff\xaa\xf2\xc8\x9f7\x08\
\x1a\x06\x9b\x18\x1cGH\x12C\xd86T\x87,\xcf\xfc\
\xcd\x10a\xc7\x01#\xb8%p\x1c\xc1Z\xb3\xe4}W\
!\x91\xae\x1f\x9c\x00\xfe\x13x\x1b\xe8\xe4g\x8cE\x0b\
\xc8\x82\xe0:\x8d\xfc\xder\xe0\x01\xc6\xf7F\xb8%x\
\xfd\xd9\xca\xf2\x834 \x02q\x98\x9a\x7f\xc9\x17\x82\x86\
av\xd2\xa5:d\x19\xd9\x92\x104\x1d\x92X\xef!\
)\xe8(p(Ud\xa5\xc0\xd7O\x5c\x0d\xe2\xdb\xb5\
&XT\xbe;,\x04\xc0\xcco|5\x97UMt\
\x06F\x84$4\xccM\xf6\xef\xeaU\xc0\x1f\x12\xba\xad\
T\xd3A\xc3\xa1]wx\xee\x1f\x06y\xfe\x1b5f\
/\xbb\xb8.\xcci\x0at\xdc\xd4U\xd2\xdf\x0a\xbf\xf1\
\x07-\xee>~M\x05\x92\x93\xabh7\xaa{\xf7h\
\xa9\xe8\xdf%\xb5\x80\xa1\xd5\xa5>\xb0\x09\x18G(W\
\xfb\x0fn|OL\xc9\x17\xa6\xce\xb9\xc4\x91\xa13\xe7\
\xa4\x01\x924\xf7W\x07S\xed\xb6\xa6\xd3\xb8u\xe8\x91\
\x80c\x8f\xb5q=\xc1\x18\xc1\xaf\x09\xd5\xa1\xfe\xf7_\
A\xb2\xaav\x5cq\xb9\xf9\xfd\x0a\x87\x85]\x19\x93\x9b\
\x03\xd4V[\xf3O\x9e\xf10\x0e\xec\xbc+,~\x05\
\x80?d\xd9\xff@@\xd82\x9c\x7f-\xcd\x00\x18\xc1\
\xf1\x84]wE<\xf0\xc7M\xfcaA\x80\xe6\xb4C\
y\xc0\xb2\xf3H\xc8\xc8&\x8b\xe9oTk\x91\xac:\
\xdc\xa8)^\x07\x91J\xd1\x02\xb2\x18\x90\xad\xee\xacH\
\xc0\xd5\xf3.\xadi\x87[>\x1er\xf3\xed!%\xdf\
\xe2z\xa9\xcf\x8e\xed\x8a\xb9\xefK-\xd6\x8d[\xde?\
Y\xa6=\xe3\xe0\x95\x84u\xe3\x96\xe1\x8d6\xad\xfb=\
x\xe7'\x15\x10\x18\x5co\xf9\xd8\xa3\x01\xd5\x11\xe1\xdc\
+%b\xe5\xd4Z\x90k\x0a\x01\x90s\x83\xd1\xc2\xe2\
\x0d\x14\xea\x80\x8av:\xa85\xc0&\xb5\x88e\xc5\xc6\
\x86v\xdda\xdb\x1d\x11\xdb\x0fG\xec8\x12\xb1\xf3H\
\xc4\xfeOu\xd9{o\x88?$\x5c:\xed\xf1\xd2\x89\
\x01\xc4\x1a\x86\xc7\x13n\xbb/Ev\xfa\xf9\x0a\xa7\xbe\
U\xe5\xc3\xb7<v\xdd\x15\xb2io\xccM7'\x5c\
y\xcf\xe3\xe5\xa7\xabHb\x90\x04\x82\xa6\xc3\xe4\xbb\x1e\
\x8d\xa9,\xb5\xafYb-\x86\xce\x00\x17\x81vV\x0f\
\xb8\xf4\xce\xffG\xb5|<\xac\xd1sUF\xd8\xb8\xe2\
\xf0\xe1\xdb\x1e\x18\xf0Ji\x84\xef\xb6\x1c.\xbeY\xe6\
\xd5g\xaa\x9c~\xbe\x82M\xd2\x81\xdb\x18\xb6\x1f\x8e\x88\
C\xc3\x0b\xff:@{6-\x98\xc4\x1a6\xeeN\xb8\
\xf2\xbe\xc7O\xffe\x80\xb8\x9b\x19g\x1a`\x9bW\xdd\
k\x05\x8f\x120\xa9+\xca\x17\x80\xd6\x89 H\xc8\xee\
\xa8S\xe0!\xe0v\xe0w\x81\xdf\xd1e\xee\x15-\xa0\
(\x8e'\xb8\x1e$qj\x1dE\xa9\xd4,\x8f\xfeU\
\x83\xfa%\x97\x1f\xfe}\x0d\xb2\xa2I\x83]\xd8I\xeb\
\x83\x1b(\xa2\x9b-/\x03\xff\x06<\xab$t\x1f\xaf\
\xd7e\x81\xe6\x85\x00\xb8\xea\x0c\xb0\x94\xd8\xd8\x10\x05f\
I\xf0\x00\xc3\x1b-^Y\x98:\xeb.\x80'\xcd\xfb\
A\xd3\xb9\xd1\xe0\xc9\xa5\xf7,\xc3y\xf9\xd8\x97\x9d8\
\x1a\x1c\x065\x03\xac*\x00\x16\xc58\x82q\x96OW\
7mM\x10\xe0\xd2;}g\xa8=\x22\xb2\xf8~\x22\
\xb2\xe4\xf5e$S\xb0W\x9c\x1a\xe7\x09\xc8\xef\xe6\xae\
\xd1\xe1\x84\x1dGB\x1e\xfej\x93\x8f=\x1a,\x22\xc1\
8B\xa5\x96\x86\xf1\xb0mhM;4\xa7\x8b\x09(\
\x95\x0c\x5c\x1e\xe4R\xd7\xd6(R\xd8q\x9a\xc7\xe6\xe4\
vxK\x85-\xadU\xcb\xee\xa3!\xf7<\xd6fx\
<\xe1\x96\x8fwY\x7fs\xef\xe2\xc7\xee\xa3!\x0f=\
\xd1d`\xc4r\xee\x95\x12\xcf\xfe\xdd \xedz/\x01\
\xd7\x02\xaeHL\x9f{Hn\x8b-{\xdf \xab{\
z, \xf3\x91lkkUR\xa9Yn\xfft\x97\
84\xbc\xfe}\x1f\x11\x16-\x81M\x9d\xf5x\xef\xbf\
\xcb\x04\xcd\xb4r\xec\xb6\xccJ\x83\xbe.Y\xe2\x9eV\
7[3\x02\xc8,\xc2\xd1\x13'\xe7#k0\x7fa\
\xdf\xfd]\xfcA\xcb\x1b?\xa8`-8n\x9a\xea\xf2\
\xe0\xea\x97\x1c\xdez\xaeB\x12\xad\xee\xb6\x99\xbd\x0a\xc2\
\xba\xcd\x09\xfb\xee\xef\xb2\xf5`\x04&\xad\x18\xfb\xb5\xa2\
\xe4H\xc86X\x83\x02\x09=\x9avr\xc0\x97\xba\xdf\
\x22)\xf9\xc2\xf6\xc3\x11\xad\xba\xc3\xf9\xd7J\xec\xba;\
$\x0c\x0csW\x16nk\x1ca\xe3\xee\x18\xaf\xb2\xc4\
-\x8dP\x19\xb4\x8c\xdf\x1aq\xe0\xc1\x80\xe1\xf14@\
\x8a\x0e~\xeb\x81\x88\x87\xbe\xd2\xe2\xc8\xa3\x01\xf7\xffQ\
\x9b\xf5\xdbb\xac\xc8|\xeb\xb1\xa2>d\x88\x88\xd5m\
\xb3\xb9\xdc\x0b\x16\xf3\x92\x81\x16e%\xdb\x9b_\xb6\xf0\
\xcc\x1e\x9a\xad\xe5]\xfd\xc0\xe5\xce\xdf\xee0\xb4\xc1r\
\xfa\xf92\xddV\xca\xa31\xc2\xfeO\x85<\xf8\xa7-\
\x8e\x1e\xef \xa4\x03uJ\xc2\xfa\xed1\xf7|\xa1\xc3\
\xa3\x7f\xd9\xe4\x81/\xb79\xfc\x99.\x0f?\xd9d\xcb\
\x810\x05\xe7\x08\xfb\xee\x0bq=!\xea\x1a\xe2.4\
\xea\xa6\x87\x80$;\x87^RzI\xb0\x22\xd2\xd6\xed\
\xf5\xba\x92\xb1\xc8\x02D\xc1w\xd5Wz\xa2X\x0f\xd3\
\x99Y\x19a\xf3m1\x8e\x07\x9b\xf7\xc5l=\x10s\
\xee\x95\x12\xa7\x7fRA0\x18W\xd8\xff@\x97\x83\x0f\
\x05 \xb0\xf9\xd6\x98\xa1\xb1\x84m\x87B\x1e\xfcJ\x8b\
\x87\x9fh\xb1\xeb\xce\x88N\xc3\xf0\xca3e^z\xba\
\x82q\xe1\x9e\xcf\x07l\xde\x17Q\xae%x\x15\xc1\xab\
\xa4\x96v\xea\x992s3\x10\x8b\x10+\xf8\xf9f-\
V,\xc6\xb38%\x9b\xb7\x0aQ\x85\xce\x88\xc8\x15}\
\xe1\x22$\xf7\xd2\x95\xd12\xb8\xaa\xcbF\x9f\x00\x1e\x05\
>!\x22\xe3\xf9lP\xf2%]\xb3w\xd3\x05\xcd\xb1\
]1[\xf6\xc5\xb8\xe5t\x16\xf7\xc6\x0f*\x8c\xed\x88\
)\xd7\x84\x0b\xaf{l\xbf#f\xd3\xad1\x8d\xab\x0e\
\x97\xce\xb8\xdcroD\x14\x98ti\xcb\xc2\xf97<\
\xdex\xaeL\xfd\xb2C\xdcMGz\xe8\xc1\x90;?\
\x13b\x1c\x88\x02(\xf9`L:\x19\x9a|\xdfa\xf2\
\x9cC\xac\x8b.\x86t\xdd\xa02\x00\xb5\x11\xa1\xec\x0b\
\xe5*\xc4]\xc3\x0f\xff\xa9J\xdc1\x18c\xaccL\
\xdd\xc0I\xe0\xdb\xc6\x98\xe7\x80\xb3@\xb3H@E'\
?G\x81\xcf\x8a\xc8\xfd\xba\x8a2_4l=\x18q\
\xdf\x17\xdb\xe9\xc3M\x9a\xcf\x1dO\xb0\x89\xe1\xbb_\x1f\
 h8\xfc\xd6_4\x19\x1eK\x01\xc6!|\xf8\x8e\
\xc7\xc9oU\xe84\x0cG>\xdbet[\xc2\xe5\xb3\
.\xef\xbd\xec1=\xe1 6\xe7\xb3\x92:\xc8\xd8\x0e\
\xcb\xbe{b\xfcAa\xfa\x92\xc3\xc4{\x86C\x9fJ\
\x18\xdbf)\xfb\xd9h\x16$\x8e\xd2\x1b\xc4\x91!\xec\
\xc0\xf4E\x97\x9f\xfdG\x05\x1b\x1aq\x8d\x89\x8d1\x17\
\x1cc~d\xe0;\xc6\x98\x17\x81\xc9\xc7\xeb\xf5 \xfb\
}F@I'?\x87D\xe4\xd3\xc0\x83\xba2\x5c\xcb\
|\xc9q\xd3\x95[\x8c\xa4K[\x01|\xf2\x0f; \
\xf0\xbd\xbf\x1d \xec\x1a\x866X\x1ey\xb2\x8d_\x13\
~\xf8\x0d\x9f\x8b\xa7]\x92$]\x0b\x13\x04\xe3\xa5\xa5\
r\x8f\x9f\xe6\x03Xv\x9e\x15@\xf3\xd7RM\xfb\xb5\
Bz2\x86\xa4\x0b`\xb01\x18\x0c6\x02\xb1\x0e\xae\
1\xe2\x1a\xd3r\x8cy\xd31\xe6\xbb\x8e1\xcf\x02o\
9\xc6\xcc<^\xaf\xcf\xbb\xb8\xa3\xa6`5E\xd4u\
\x1d}\x1a\xe8\x88\x06\x0b\x11!\x89a\xea\xbc\xc3\x95\x0f\
\x5c\xa6\xce\xbb\xb4\x1a\x06\xaf$\x04mC7L}q\
f\xca\xf0\xe6\x8f=\x1c\x17Z\x0d\x08#!\xb66\xf5\
[+\x84\xa1\x10Y\x9b^\xcb\x9ah\x9f\xc2\xb5\xf9~\
\xfa\xdbVS\x98\x9a\x14\xaeL\xa6\xc7\xab\x97\xe1\xea\xa4\
0[\x17\xe6f\x85vKh\xb7\x850\x86\xc4Z\x89\
E\x92Dd\xd6\x8a\x5c\xb0\x22\x1f$\x22SV\xa4S\
\x0c\xf0Y\x10\xb4\x9a\x1e\xea:o\x9e\x10\x98\x13\x88\xac\
\xe6\x91\xf9\x88\xabA'\x11\xc1\xb8\xa9\xa9G\x09\xf3\x83\
\x1f\xdeh\xb1\x09\xb4;\x0b\xc0\xa2\x02\xd0(\x7f\xde\x8f\
\x0c\x0dv\xb1>\xab\x18\xf8\xf2\xfd\x92\xfcq\xe1<H\
D\xa6b\x91s\xb1\xb5\x17bkg\x13\x91E\xef\x17\
\xe6\xb3@\xa8\xb9rB\x03\xc5\xa4\x88t\xac\x88d)\
g~\x80\x22\x84\x91%\x89\xa1v\x93\x05/!\xb6\x16\
SN\x18\xdbni\xcd\xc1\xec\xb4\xf4\x05\x9a\x0d8?\
\xf8\xec<\x1f\xd9\xf3\x9f\x8b\xe9/\x7f\xbdp\x1f\x89\xad\
Mb\x91fl\xedDl\xed\xd9\xc8\xda+\xdd$i\
5\xa3h\xd1\xce\x90\xc3\xc2\x9a`\x0c\xb4\x8d1\x13\xfa\
\xfa\xd9Y`Z JD$\x1bT\x06\xa2\xdb\xb5L\
]4\x0c\x8f\x0a\x1b\xb6'Db\xd9{w\xcc\xf0\x06\
\xe1\xcc/\x1c:j\x01\x8b4\x9c#e^sE\xf0\
\xc5<\xdf\xa7\x89\xfe\xae\x87\x14k%\x11\x09\x12k\xa7\
bk\xcfE\xd6^\x0c\xad\x9d\x09\xad\x0d\xaf.\xf1\xb6\
H~I\x0c@\xac\x881\xe9\xf5\x9a\xc0z\x81\x91D\
\xa4\x92X\xeb\xc4Zt\xa4\x0fK\xfd\xfc\xc0\xbd\x96m\
\xfb,%_8\xfaHj\x15\xdf\xf9\xa6C\x10\xa4\xb1\
#\x9by\xcc\x1f5\xd0e\x9f\xe7\xcfs}\xc9\x1d{\
\x82d\xae\x01\x881\x0b\xfd\xd2\xeb\x22\x10\x1b\x985p\
F\xe0\x94\x88\xbc\x19[;\x11Z\xdbID\xec\x8fr\
\xfd\xc9\x13p\x22\x088\xee\xfbb\x8c\x11\x0d~\xae(\
\x09Vd(\xb1\xd6KDL^C\xf5)!\x8e\x0c\
\xbbo\x17\xb6\xee\x11\xa2\x10\x9e\xf9g\x87\x0f\xcf\xa6\x99\
b\x11\xd0B\x95\xb6\x14\xa8\x0cpQ\xb2k\xfdf\x13\
bL\xf6\xb8\xc0\xc0E\x81\xd7\x04N\xc5\x22\xef&\x22\
\xf5\xd0\xda\xf0k\xb9\xc7d\xd23\xedU+\xb0\xc6\x98\
XI0\x02\x83Vd]\x02\x03\xb1\xb5^l\xadI\
r`.\xbe'\xbc}\xca\xf0\xe6K\x86\x17\x9f5\x5c\
<\x9b\xaa\xa1\x08n)\xd0\xe4\xd2]Q\x96\xba\xb6\x94\
\xe4\x08\x11\x8c\x89\x0dL\x19c\xde\x12xQD\xdeJ\
D&\x1cc:\x89HR\xd4>E\x022+P\x12\
\xba\x92\xc6\x05\x11\xa8Y\x91\xe1\x04\xfcD\xc4\xb5\x22f\
\xde\x94\x05\xdaM\x98\x9b\x81 -\x0b\xfa\x82\xec\x07\xaa\
\xdf\xf55\x88\x18HLZ\xf5\xbd\x8d1'E\xe4\x94\
M\xdf(\x9d\x8bE\xa2\xaf\xf5\x99\xdf,Z\xf8\xc8\x91\
\x90\x9f\x1bX\x01_D\x86\x12\x11\xdf*\x09=@Y\
(`V\x92\xd5\xf5Z\xb5\x08\x9080k\x8cy\x07\
8)i{\x17\x98\xb2\x22\x01\xb0\xa4\xf6Y\x8a\x00R\
\x12D\xe3AhE:\x02\x81\x88D\xd9\xf6\xb9\x15\xf1\
-\xb8\x16L\x11\xf4\x0d\x06\xb7\x92\x08\x10\xa9\xd9\x9f\x06\
~\x8e\xc8\x8b\x02o\x0bLJ\xba\x1a\x9c,\xe5\xfb\x99\
,I\x009\x12\x12\x91X\xa0%\x22M\x9bZ\x84\xe8\
\x06\xaa/\xe0Ij\x09\xfdb\xd3G)\x09\xd06\xf0\
\xa1I\xdf\x1e\xff\x99j\xfeM\xe0\x92\xce\xfd\xe3~\xa6\
\x9fI_\x02P\x12\x1e\xabVmhm$\xd0\x16\x98\
\x95\xf4\x05\xc4\x08p\x8c1eI\xadb\x0d\xabH\xd7\
%\x92\x8b\xf4WM\xba\xd3s\x12\xf8\xa9\xc0I\xfd|\
Y\xc1'+\x81g%\x02P\x12~o` \xe9&\
I$\x22m+2#i\xc9\xdc\x00Bc\x0c\xc6\x18\
W\x8b*G\xad\xe1F\x92\x91\x85\x99\xc8\xa4\x1a\xbfl\
\xe0=\xe0\x14\xf0\x02\xf0\x82\xc0\xab\xfa\x87\x8ai]\xfa\
Z\xd6\xec\xf3\xb2\xa6\x81~\xdd\xf7=\xc0\xb7\x227\x89\
\xc8\x16\x0b{Dd\xbfM\xdb\xaeDd\xcc\xc2\xb0h\
\xa0\x5c#!\xf3\xb1T\xa3z6?\x09L\xef?G\
>\x90\x94\x80\xb3\x92\xfeO\xe0\x92\xfe\xcf(\xf3\xf7\xe5\
\xdf\xc7+\xc8j\x06\xd6#\x7f\x0d\xcep\xb9\x5c\x16\x91\
\xaa\xbeR\xb3I`\x87\x88\xec\x16\xd8iE\xb6\x0a\x8c\
\x89\xc8\x88@MD|\xd1\xdd\x18Ylq\x99v\x13\
\xb3\xf07\x99P\xb58\xa7\x7f\x8e\x98\x02.\x0b\x5cB\
dB\xd2\x89\xdae]\xe2j\xe4\x16:W\xad\xf5\xbc\
\xac\x99\x00R\x12\x0c\xe0T=\xaf\xe4@U`\xd0\x18\
\xb3\x01\x911I\xf7\xe17\x02\xa3\x22\xb2A\xd2=\xf9\
\x1aP\x92\xde=\x87D[\xa8\xe9\xb6\x094E\xa4A\
\x1ak\xea\x02\xd3\x22R\x17\x98\x15\x91\x86\xa4\x80;\xda\
\xb2\xff\x17\xdak\x01\x9e\xc95\x11\x90IFD\xd9q\
\x5c\xd7q\xca\x06*\x02\xbekLMDj\xba\xd12\
 \xe0\x9b4X\x96rn\x11\xe7@\x84\x02\x1dD\x02\
\x0b]D:\x16\x02\x81\xd0Z\x1b\xda\xb4_~\xc1\xd6\
\x02r=\xc03\xb9.\x022Q\x22\x00L\xc5u]\
\xd7\x18'\x11q=c\x5c\x01\xe3\x18\x93\xed7`4\
&h\xb5\x8c\x15\x89\x81X\xa7\xdd\xd6\xa6E\x8d\x0d\xad\
\xcd\xdc#\xdf\x00\xb8\x11\xc03\xb9!\x04,'9r\
2\xc9>/\x02q#\x81\xfd\xbf\xacR\xfe\x07E7\
\x8a\xb3\x1b[_\x09\x00\x00\x00\x00IEND\xaeB\
`\x82\
\x00\x00\x1a\x0d\
\x89\
PNG\x0d\x0a\x1a\x0a\x00\x00\x00\x0dIHDR\x00\
\x00\x00@\x00\x00\x00@\x08\x06\x00\x00\x00\xaaiq\xde\
\x00\x00\x00\x01sRGB\x00\xae\xce\x1c\xe9\x00\x00\x00\
\x04gAMA\x00\x00\xb1\x8f\x0b\xfca\x05\x00\x00\x00\
\x09pHYs\x00\x00\x0e\xc2\x00\x00\x0e\xc2\x01\x15(\
J\x80\x00\x00\x00\x18tEXtSoftwa\
re\x00Paint.NET 5.1\
.7\x8b\xd6\xf79\x00\x00\x00\xb6eXIfII\
*\x00\x08\x00\x00\x00\x05\x00\x1a\x01\x05\x00\x01\x00\x00\x00\
J\x00\x00\x00\x1b\x01\x05\x00\x01\x00\x00\x00R\x00\x00\x00\
(\x01\x03\x00\x01\x00\x00\x00\x02\x00\x00\x001\x01\x02\x00\
\x10\x00\x00\x00Z\x00\x00\x00i\x87\x04\x00\x01\x00\x00\x00\
j\x00\x00\x00\x00\x00\x00\x00\xf2v\x01\x00\xe8\x03\x00\x00\
\xf2v\x01\x00\xe8\x03\x00\x00Paint.NE\
T 5.1.7\x00\x03\x00\x00\x90\x07\x00\x04\x00\
\x00\x000230\x01\xa0\x03\x00\x01\x00\x00\x00\x01\x00\
\x00\x00\x05\xa0\x04\x00\x01\x00\x00\x00\x94\x00\x00\x00\x00\x00\
\x00\x00\x02\x00\x01\x00\x02\x00\x04\x00\x00\x00R98\x00\
\x02\x00\x07\x00\x04\x00\x00\x000100\x00\x00\x00\x00\
B\xa9\xa9\xe2\xba\xf9e\xf1\x00\x00\x18\xbcIDAT\
x^\xed\x9bip\x1c\xe7y\xe7\x7fo\x1fs\x1f\xc0\
`p\x0cf\x06\xf7A\xf0\x12a\x8a\xa4HI\xa4-\
\xcb\x92,\xcb\x86m\xd9\x89l\xa9|\xd0G\xacl\x9c\
-\xafw\xbfl9\xbb\x95\xaa\xdd\xda\xad-\xa7\xac\x8d\
+\xb1lW\x98\xec*)9\x917\x11d):)\
\x8a\x92hR\xa4(\xf0\x04A\x82 \x08\xe2\x1a\xcc\x80\
s\xdf=\xdd\xbd\x1f\x1a\x04%D$%\x99Tjk\
\xf5\xff4\xd5\xd5\xfd\xbe\xfd\xfc\xdf\xe7}\x8e\xff\xdb\x03\
\x1f\xe1#\xfc\x7f\x0d\xb1\xf2\xc2\x87\x81]\x83\x83\xea\x89\
l\xd6\xebS\x14\xa3\xcd\xe5*\xec\x1c\x19\xd1V\xde\xf3\
a\xe1C%`\xd7\xe0\xa0\x04\x0c\xc4\xca\xe5\x87\x1f\x9b\
\x9e~\xa0\xd9\xe1(=\x18\x89<.\x0b\xf1\xd7\xc0\xe9\
\x9d##\xc6\xcagn4\xe4\x95\x17n\x14\x96\x8c\xbf\
5V.?\xfe7\x17.\xdcs\xbaPp](\x16\
}\x9aal[\xe5\xf5\xde-\x091:\x14\x0a\x9d\x1f\
\x8e\xc5\xcc\x95\xcf\xdeH|h\x04\x0c\x85B\xab\xe6\xca\
\xe5'~69\xd9\x1d\xabV\xd9\x5c_\x8f\x09\x1c\xcd\
fE\xd0fkhs\xb9>\x03$\x87B\xa13\xc3\
\xb1Xu\xe5\xf37\x0a7\x9c\x80]\x83\x83\xea}-\
-[\xdfJ\xa7\xff\xcf_]\xb8\xd0\x99\xa9\xd5\xb8\xbf\
\xb7\x97\xcf\x0f\x0c\xd0\xedrq0\x1e\xe7x.G\xbb\
\xd3\xe9j\xb4\xd9\xee\x16B\xb4\x0e\x85B\x87\x87c\xb1\
\xdc\xca\xb1n\x04nX\x0c\xd858(\x80\xe6\x8b\xd5\
\xea\x0f\xf7..\xfe\xd1\x9e\xc5E\x87\x09|\xb5\xbb\x9b\
\xad}}\x08!\xc0498>\xce\xff\x1a\x1fG\x95\
$\xfe\xa8\xb3\x93\x1e\x8f\xc7\x00^\x05\x1e^\x8a\x0b7\
tK\xdc\x10\x0f\xd858\xe8\xcf\xd5j_;\x90L\
\xfe\xea\xf1\xb9\xb9\xbb\x8ee\xb3J\xa3\xdd\xce\x1fvv\
\xb2>\x18D8\x9d \x04\x08A\xa8\xae\x8ezM\xe3\
X&\xc3\xf1l\x96u>\x9f\xf0(J;\xb0\x1dx\
}(\x14J\x0c\xc7b+\xa7\xb8n\xb8\xae\x04\xec\x1a\
\x1cT?\x1e\x0c~\xfct>\xff\xd4c\xd3\xd3_\xdf\
\x97Jy\x84\xcb\xc5=\xb7\xdd\xc6W\x9cN\x9am6\
\xd0up:A\xb6\xa6\x16\x92D\xc4\xed\x86j\x95#\
\xe94\xe3\x85\x02k|>\xe1\x92\xe5f\xe0\x16\xe0\xe5\
\xe1X,\xb9r\xae\xeb\x85\xebB\xc0\xae\xc1A\xf1\xc9\
\xc6\xc6\xc8\x89l\xf6'\xcf\xc6\xe3?\xfe\xe7\x85\x85`\
\xd90\xd8\x16\x08\xf0\xf0\x03\x0fp\xf3]waw:\
1\xa6\xa6\xac\x07*\x15p\xb9,/\x00\x84,3\xf0\
\x85/P\xa9Vysb\x82\xa3\xd9,].\x17u\
\xaa\x1a\x12B\xf4\x0f\x85B\xcf\x0f\xc7b\xc5w\xcez\
}\xf0;\x13\xf0\xa3\xbe\xbe\x86\xf3\xc5\xe2\x0f\x9e\x8f\xc7\
\xff\xee\xf9x\xfc\x96x\xb5*\xad\xf7\xf9\xd8\xd9\xdd\xcd\
\xd6\x96\x16\xec\xb1\x18r4\x8a\xdc\xd5\x85Y,b\xc6\
\xe3`\x18\xa0i\xe0p \x87B\xd8\xb7mCil\
d\xc0fC\x9b\x9cd,\x97\xe3\xadL\x06\x9f\xaa\x12\
r8:%!\xfcC\xa1\xd0\x9e\xe1X\xec\xba\x17L\
\x1f\x98\x80\x87;:d\xbf\xaa>t(\x9d~r\xef\
\xe2\xe2\xe7\xa6K%G\xd8\xe5\xe2\xeb\xd1(wE\x22\
\xf8C!\x84\xdb\x0d6\x1b\xc6\xf88J\x7f?r[\
\x1b\xc6\xfc<\x98&r{;\xb6-[P\xfa\xfb\x11\
\xb2\x8c>>\x8e\xf6\xca+\xf4\xbb\x5cD\x9cNN\xe6\
r\x1cJ\xa7IU\xab\xa2\xcb\xe5\xba\xc9.\xcb\xc9\xa1\
P\xe8\xad\xe1XL_\xf9.\xbf\x0b>P\x16\xb8\xb9\
\xae.\xa0\x19\xc6\x8f'\x0a\x85\xafWMS\xeaq\xbb\
\xf9D$\xc2\xc6\x07\x1fD\x9d\x9dE;q\x02\xfc\xfe\
e\x17\xa7RA\xf6\xfb\xb1\xddy'\xa6\xa6!\x14\x05\
l6\xa8V\xa9\xcd\xccP\x1b\x1f\xc7\x9c\x9d\x85Ba\
y\x8ed\xb5\xca\xe333\x1c\xcff\x09\xda\xed|\xa9\
\xb5\xb5\xb0\xca\xe3\xf9\x8eC\x96\xffa\xe7\xc8\xc8u#\
\xe1}{@\x9d\xaa\x0ef4\xed\x99\xe9r\xf9\xce\xa0\
\xcd&}\xbd\xb3\x93\xfb\x9a\x9a\x88\xf8|86nD\
\xee\xe8\x80Z\x0d#\x93\xb9L\x80,c\xa6RP,\
\x22wvbV*h\xbf\xfd-\xda\xd8\x18\xfa\xfc\xfc\
\xf2v@\xd7\xad\xdf\x80S\x96Y\xef\xf3aWUF\
\xb3Y\xdeH\xa5l\xb1r\xf9>\x8f\xa2\xcc|\xab\xbd\
\xfd\xe4p,v]\xca\xe6\xf7C\x80C\x82?\xad\x9a\
\xe6/\xcb\x86\x11\xda\x16\x08\x88oo\xd9B\xdf\x83\x0f\
\xa2x\xbd\x18SS\xe8\x13\x13\xc8\x9d\x9d\xc8\xed\xed\x18\
33\x98\xd5\xear\xbaCU1\xa6\xa6\x90\xea\xeb\x91\
\x9a\x9a\xd0\xc7\xc71\x92IPUkt!,\x12\xca\
e+F\x00j]\x1d\xab\x1fx\x805uu\x9c?\
\x7f\x9e\x13\xb9\x9cr2\x97\xfb\xect\xa9\xd4\xba\xb5\xbe\
\xfe\xe5\x93\xb9\xdc\xef\x1c\x13\xde\x13\x01.Y\x8ej\xa6\
\xf98\xf0P\x9d\xaa\xaa_\x09\x87\xc5\xbd\xa1\x10.\xaf\
\x17\xa5\xb7\x17\xb9\xad\x0da\xb7\xa3OL`,,\xa0\
\xacZ\x85\xdc\xd2Bm|\x1c$\xe9\xf2@\x9a\x861\
?\x8f20\x80\xd4\xdcL\xed\xd81\x8b\x80K\xf7\x5c\
\xf2\x98r\x19\xe1\xf5b\xbb\xf7^\xe4P\x08\xef\xc5\x8b\
l.\x95\xf0\xab*g\x0b\x05q\xbeT\x1aLk\xda\
\x17\xd6\xf9|\xaf\x5c(\x95\x12\x97'x\xff\xb8*\x01\
\xbb\x06\x07\x15\x01[\xcf\x16\x8b\xbf1a\xedZ\x9f\xcf\
\xf8AO\x8f\xda\xd3\xd4\x84\x14\x0c\x82$Q;}\x1a\
9\x10@\xee\xebC\xa8*\xfa\xc9\x93\x08EA\xee\xee\
Fr\xb9\xd0\xe7\xe6\xac\xc1L\xd3\xda\xe3\xf9<\xc2\xed\
F\xee\xecD\xf2\xf9\xd0\x8f\x1d\xb3\xea\x02I\xb2\xee)\
\x97\x01\xb0\x0f\x0d!56R\x1b\x1b\xa3\xf6\xfa\xeb\xc8\
B\xd0\xe9v\xb3\xc1\xefg\xa6T\x12\x17\x8a\xc5\xc6\x82\
\xae\xef\xbc\xaf\xb9\xd9\xff\xc3\x9e\x9eSC\xa1P\xe1\x83\
4RW$`\xd7\xe0\xa0\x12\xafT>\xf5\xcc\xc2\xc2\
\x13iM\x0b}\xba\xa9I~(\x1aU\x9d\xb2l\x05\
8\x9b\xcdziEA\x9f\x9dEimEnk\x83\
R\x89\xda\xd1\xa3\xc8--\x96g\x98&\xc6\xc4\x84e\
|\xa5\x02\x8a\x82\xb2n\x9d\xb5\x15\x02\x01\x84\xaab\x8c\
\x8f[\xfb\xbf\x5c\x86j\x15\xdb\xed\xb7#\xb7\xb5\xa1\xcf\
\xcc\xa0\x1d?\x0ev;\x94J`\x9a\xb8\x15e\xb9\x91\
:\x99\xcb\xa9g\x0b\x85[\x9d\xb2\xfc\xf5\x88\xc3\x11\xf8\
bk\xeb\xe4P(\x94y?D\x5c\x91\x80\xa1P\xa8\
\xa3\xa0\xeb\x7f\xf9\xcf\x0b\x0b\xdd}\x1e\x0fw55\x09\
\x9f\xaaZ5\xfc\xa5(~\xc9e\x01=\x1eG\x0e\x87\
\x91\xbb\xba\xd0\x13\x09j\xf18J8\x8c\x1c\x0aa\xce\
\xcfc..\x2255Yn\x1d\x0ec&\x93\x98\xf9\
\xbc\xe5\x09~?\xfa\xc4\x04\xc2\xe9\xc4\xfe\xa9O!\xf7\
\xf4\xa0\xc7bTGF\xacx \xcb\xef A\x12\x82\
~\x8f\x87&\xbb\x9d\xd3\xf9<\xc7\xb2Y\xd7L\xa9t\
\xabGQ\xeen\xb4\xdb\xdf\x1c\x0a\x85\xe6\xde+\x09\xef\
J\xc0R#\xf3\xe5\x8aa\xec|eqQv+\x0a\
\xbf\x89\xc5(\x1b\x06}\x1e\x0f\x92\xa6Y$(\xcae\
\x12\xaaU\x84\x10H\xad\xad\xe8\xf18f6\x8b\x91L\
\xa2\xb4\xb5!E\xa3\xd6\x9e\xde\xbe\x1d\xe1\xf5\xa2ON\
Ry\xfai\xf4\xf1q\xa4@\x00\xb9\xa3\x03\xa5\xbb\x1b\
u\xc3\x06D}=\xfa\x993T_{\xcd2\xfc\xd2\
\xf8\x92\x04\xd5*\xd4j\x00\x08!\x08;\x9d\x0cx\xbd\
\x8c\xe5\xf3\x9c\xca\xe7y#\x99\x0c\xbadyG\x97\xdb\
\xfd\x8f\xc3\xb1X\xf6m&]\x11o\x8bP\xef\x80\x0c\
l\xaa\x1a\x86j\x98&\xad\x0e\x07nE\xe1\xb9\x85\x05\
\x1e\x9b\x9e\xa6\xa0i\x90LB&c\xad\x90i\x82\x10\
\xc8\xfd\xfd\x00(\xed\xed\x00\x18\xa9\x14\xb5\xb3g\x11n\
7\xca\x86\x0d\xa0\xebh\xaf\xbeJ\xf5\xd9g-\xc3\xbc\
^\xaa##\xd6=\x0d\x0d\xe0pP;~\x9c\xea\x8b\
/B:m\x8do.-\xa4i^\xfe\x0d\x94t\x9d\
\xfd\xc9$\x8fNN2_.c\x13\x02I\x08\x9eO\
$zr\xb5\xda\x03K\x02\xcc5q\xa5\x9b$ p\
i\xba:U\xe5?\xf4\xf4\xd0\xe9v\xf3\xfa\xc5\x8b\xfc\
\x8f\xb3g9\x95\xcba\xe4r\xb0\xb0\x00\xb9\x1c\xf6\x8d\
\x1b\x11\xaaj\xb9u4\x8a\x1c\x89\x00\xa0\x9d>\x8d\x99\
\xcb\x81iRy\xed5+\xf2\x1b\x86\x15\xf8\x14\xc5\xba\
\xe7\xe4I\xaa\xfb\xf6A\xa9de\x90\x8e\x0ek\xe2|\
\x1e\x12\x09\xc8f!\x95\xb2b\x08p\xbeX\xe4\xc7g\
\xcf\xf2WSSdk5n\xae\xab\xe3G\xfd\xfd\xac\
\xf2z/\x19\xf4y\xc0\xb9\xf4\xfaW\xc5\x95\x080\x00\
+\x1c/\xa1\xc9\xe1\xe0\xdf\xafY\xc3}\xe10\xc9j\
\x95\x9f\x9e;\xc7\xa3\xe7\xcf3_\xad\xe2\x18\x1aB\x8a\
F1\xe6\xe6\xa8<\xf9$\x94\xcb\xa8k\xd7Z\xa5\xb0\
\xae[\x99\xc04\x91C\xa1\xcb\x03.\xb92X\xe9O\
\x8f\xc5\xa8\xbc\xfc2H\x12\xea\xf6\xed\xd6\xb3X[\x8b\
l\xd6\x0a\xae\xa6\xc9\xeeD\x82?;{\x96\xe9R\x89\
\x1d\xc1 \x7f\xd2\xdf\xcfw\xda\xdb\x898\x9d\xd4\xab*\
\xf9Z\x8d\x8c\xa6\xf5\x02\x0d\x97'\xb82\xde5\x06\x0c\
Y/\xfa\xb1|\xadv\xdb\xab\x17/\x8a\x1e\x8f\x87\xfe\
p\x18\xa5\xbe\x9e\xfe\x96\x16V\xd5\xd73\x97Ns*\
\x97\xe3\x8dd\x12\xc9n'T,b\xee\xd9c\xad\x9a\
\xae#wu\xa1\xb4\xb5Y\x811\x12\x01!\x10^\xaf\
U \x15\x0a\x97\xab\xbf\xa5\xb6\x18\xc0L$\xacg\xbb\
\xbb\x91\xa3Q\xf4\x0b\x17\x96W=\xabi<>3\xc3\
\x8b\x89\x04\x0eY\xe6k\xdd\xdd|:\x1a\xc5c\x9aV\
`\x06*\x86\xc1\xa1t\x9aN\x97Kjs\xb9\xfen\
8\x16[X\x1e\xfc\x0axW\x02\x86c1s(\x14\
\x0aV\x0d\xe3\x8b{/^\x94\x22.\x17\xab[[A\
Q\x10B\x10p\xbb\xd9\x1a\x8dR\xa7(\x9cN&9\
<:\xca\x91\x93'q\x01-\x0e\x87\xe5\xb6BXi\
\xd0\xed\xc6\xccf\xd1''\x91[[\x91;;1\x96\
\x82$\xc5\xe2\xe5@Z\xa9@>\x8f1;\x8b\xb0\xdb\
\x91\xbb\xba\x90\xdb\xda\xd0N\x9d\xe2t&\xc3O''\
\x19/\x14\xe8\xf3x\xf8~O\x0fk\xbe\xf4%l[\
\xb7Zc\xe5r\x08\x8f\x07{$\xc2+\x13\x13x\x15\
E\xdc\xe4\xf7\xff\xef\xe1Xlv\xa5m+\xf1\xae\x04\
\xb0\xe4\x05U!\xbe\xf1J*e\xabkm\xe5c6\
\x9b\x95\x8a\x96\xd8\x96$\x89\x8e\xfaz\xb6y\xbd\x18\x1e\
\x0f\xe7\xcbe\x0e\xc6\xe3\xcc\x97\xcb\x84\xedv\xfc}}\
H\xcd\xcd\x18\xc9$\x95}\xfb0\x16\x16\xac\xd5\x0d\x85\
P\xfa\xfa0b1\x8b\x84R\xc9\xaa\x11\x96R\x1c\x80\
13\x03\xa6I\xaaP`x\xff~\xfe~f\x86\xaa\
i\xf2\xb9\x96\x16\xbe\x12\x89\xe0\x95e0M\x94\xfe~\
\xa4\x86\x06\xa4\xc6Fl;v wv\xf2\xf2\xee\xdd\
\xe45Ml\xaa\xaf\xff\xdb\xe7\xe2\xf1%\x01\xe2\xca\xb8\
\x1a\x01\xbaf\x9a_\xdd\x9bN\x07|\xcd\xcd\xdc\xb6}\
;\xfa\xb9sV\xe9z\xa9\xbe7M\xec\xe52\x83\xf7\
\xdf\xcfM\x9b61s\xf4('2\x19\x0ee2\xf8\
;:\x88\x04\x02T\x9f~z9\x9d\x19\x17/ZA\
2\x12A\x8eF\xa9\x9d<\xb9\x5c\xf7\xbf\x1d\xbaap\
lt\x94\xbf\xd8\xb3\x87S\xd9,\x8d6\x1b\xdf\xed\xe8\
`K}=\x8a$\x81\xdb\x8d\xa9i(\x9d\x9dH\xc1\
 RC\x03f.\x87~\xe0\x00\xa3\xe7\xcf\x13\xafT\
D\x8b\xdd\xfe\xf2\xe1L\xe6\xd8\xca\xb1W\xe2j\x04\xd4\
\xca\xb5\xda'\xf6\xc4\xe3\xfd\x0d\x1e\x0f\xb7\x0d\x0d!\xb9\
\xdd\xe8\xe3\xe3\x96\xebj\x9aU\xd6\xfa|\xd86m\xc2\
[\xabq\xf3\xec,-v;c\xb9\x1c\x07\x8e\x1f\xa7\
4:J\x8f\x10\xc8\x0e\xc7r\xc47s9$\x9b\x0d\
)\x14\xb2\xc6;\x7f\xfe\x1d\xe9\xad\xa8\xeb\xfcjf\x86\
\x7f\x9a\x9f\x07\xe0\xb3--<\x18\x8d\xd2\xe2p $\
\x09\x82A\xf0x@U15\x0d\xb9\xb5\x95\xda\xe4$\
\xd5\xc3\x87\x11\x95\x0a\x17K%\xce\xa4R\xb48\x1co\
\x8d\xe5\xf3\xaf-\x0f|\x05\x5c\x8d\x00s\xae\x5c^\xf5\
\xda\xc5\x8b;z\x15\x85\x0d\xed\xed\xc8==(\xbd\xbd\
\x08E\xc1\x5c\x5cD\xb8\xdd\xd8\xef\xbd\x17a\xb3Q\xdd\
\xb3\x072\x19\xc2N'k}>N\xe5r\x1cI&\
9\x9d\xcf\x135M|\x0e\x87\xa5\x03\xe8:\xfa\xe4$\
J4\x8a\x14\x89 d\x19cv\x16\xd30\x98.\x95\
\xf8\xf9\xd4\x14G2\x19\xba\xdcn\xfe\xa0\xa3\x83\x8f\xf9\
\xfd\xd8$\xc9\xf2\xb8`\xd0\x0a\x9cK\xdb\xd0,\x16Q\
\xda\xdb\x91\xecvj\xe7\xce\x01P\xd6u\xde\x9c\x9b\xa3\
\xd1n\x9f:_,\x0e\xaf0\xeb_\xe0\x8a\x04\x0c\xc7\
b\xb49\x9d\xa1\x13\xb9\xdc\xfd\xab\xddnz\x17\x17\xc1\
0\x90ZZ\x90;;Q\xd6\xaeEY\xbd\x1a\xe1t\
\xa2\x9d<\x89>1a\xa5,\xc0\xab(\xdc\x5cW\xc7\
l\xa9\xc4\xe9|\x9e\x03\xe94\x85\x5c\x8en@-\x95\
\xa0TB\x9f\x9b[\x0et\xc5\xb99\xf6\x9c=\xcbc\
\xd3\xd3\xa44\x8d;\xd6\xaf\xe7\x0fn\xbf\x9d\xbaLf\
9\xc2\xe3\xf1\x80\xdb}\xb92\x5cj\x9c\xe4h\xd4*\
\xa5gf\xa0RAh\x1a\xaf\xcd\xce\xe2S\xd5\xe2\x7f\
\x1d\x18\xf8\xebk)\xcaW$\x00\xc0\xa7(u\xb3\xa5\
\xd27\xfb\xbd^\xd1\xefvc\xcc\xcdQ\x1b\x1b\xb3&\
no\xc7\xd44\xb4\xe3\xc7\xad\xd8`\xb7[\xab#I\
\xa0\xeb\xd8\x85`s0H\xcf\xc7?\xce\xc4\xfc<G\
\xe2q\xc6r9z].\xbc\x8a\x02\xc5\x22\xd5\x89\x09\
\x0eMM\xf1\xd3\x17^\xe0p:\x8dGQ\xf8ZW\
\x17\x9f\xf9\xde\xf7\xb0\x85\xc3\xef\x8c\x11n7Rk+\
\xc2n\xc7,\x95\xa0XD\xe9\xeaB\xe9\xed\x05\xc3\xc0\
H&\xad\xae4\x1cf\xcf\xb1c8\xc0vk \xf0\
\xe7\xd7\x92\xd0\xaeJ\x80\x00\x7f\xaeV\xfb^\x8f\xdb-\
Vy\xbd\xd6\xc5Z\x0d#\x9dFioG8\x1c\x18\
\x99\x8c%l\x80\xb5\xcf\x1d\x0ek\xb5l6\x04\x10\xbd\
\xe7\x1en]\xbf\x1ecl\x8c\x13\x99\x0c\x07S)\xe6\
\xcbeL\xd3\xe4\xf9\xe9i\xfe\xe9\xc8\x11t\xc3\xe0\x13\
\x8d\x8d|c`\x80\xceH\x049\x18D\x0a\x04\xd0O\
\x9f\x86Z\x0d\xb9\xbf\x1f\xfb\xf6\xed(\x03\x03V\x99\x9d\
\xcd\xa2\xf4\xf5\xa1\xdct\x13f\xa9\x84p8\xacz\xa3\
\xa5\x05\xe1\xf1\xf0\xcao\x7f\x8bQ\xad\xda\x826\xdb\xae\
\xfd\xa9\xd4U{\x82\xab\x12`\x93$G\xc54\xff\xb8\
\xdd\xef\x97\xd6\xb4\xb5Y\x06j\x1ah\x1a\xfa\x85\x0b\xc8\
\x1d\x1d\xc8mmH^/\xfaR\x11\x03K\xc2\x86\xa2\
X)\xaf\xb7\x17iz\x9a\x9eD\x82\xb0\xd3\xc9X>\
\xcf\xc9\x5c\x8e\xc3\x99\x0cS\xc5\x22\x1d.\x17\x0fwu\
q[_\x1f\x0e\x9f\xcf\xf2 IB\x8eF1\x0d\x03\
u\xf3f\x94\xf5\xeb\x116\x1bF\x22a\x19\xdb\xde\x8e\
T_\x8f\xb1\xb0@e\xff~\x8c\x85\x05\x84\xcd\x86\xe4\
\xf3Q\xde\xb3\x87\x83\xa7NQ\xd44\xe9\x96@\xe0\x85\
W/^\x9cXi\xd7\xdbq\xa5R\x18\xac\x86\xa3&\
\x09a\x96$\xc9\xaa\xdd}>\x08\x85\xa0\xa1\x01\xb3Z\
\xa5\xf2\xd4S\x16\x11\xe10\x8e\x1d;\xdeY\xea\xaa*\
\xea\xe0\xa0%|\x8e\x8c \x0b\xc1\x06\xbf\x9f\x7f\xdb\xd5\
\x85S\x92\xd0M\x13\xa7,\xf3ozz\xe8\xe8\xec|\
gp+\x95\xac!\x06\x07\x91\x82A\x8cD\x82\xf2\x9e\
=T\x0e\x1d\xa2\xb6$\xb0\x18\xc9$\x957\xde\xb0\x04\
\xd7\xc6F\xe4\xe6f\x8cx\x1c#\x1eG\x95$L\x10\
^EY\xb3\xd4\xd9^\x11W%\xa0\xc1f\xab\xaa\x92\
d\xa6+\x15\x84\xcb\x85\xa8\xaf\xb7\xbc\xc0\xe9\x84@\x00\
\xd3\xe3\xb1\xd2\x18 \x9cNl\x9b7c\xbf\xfdv\xd4\
\x81\x01\xd4\xde^D @mt\x143\x9d^\x1e\xd3\
\xa7\xaa\xf8U\x15\x87$!\x00\xc9\xe7[N\x91\x00\xc2\
\xe3A]\xb7\x0e\x84\xc0\xccf-\xc3\xf7\xed\xc3\xcc\xe5\
\x90\x83A\x94\xb66\xb4c\xc7\xa8\xbc\xfe:\x18\x06\xea\
\xc0\x00Jo/f6K\xe5\x8d7P\xdcn\xbcn\
7E]\xa7l\x18\x91k)\xdfW%`\xb5\xd7\xeb\
\xc04EU\xd3P7l\xc0\xb1c\x07\xf6m\xdb\x90\
\x96\xf6\x1a\x8a\x82\xdc\xd3\x03\xbaN\xf5\x85\x17\xac2\xd6\
\xe9DY\xb5\x0ae\xf5j\xab\xfe\xf7\xfb\x91\xd7\xac\xb1\
\xee\x07\x14!\xb0I\x12NYF7M\xf2K\x99\x03\
@\xaa\xaf\xc7~\xcb-H\xf5\xf5\x96\xf1\x07\x0e,w\
\x92R}=\xcaR\x87\x89\xa2\xa0\xf6\xf7\xa3\xac^\x8d\
\xd2\xdf\x8f\x99\xcbQ\xd9\xbf\x1f4\x0d\xe1p\xd010\
@\xd54\x99/\x97\x0d\xe0\xaa\xc2\xc8Uc\xc0\x1d\xc1\
`\xebD\xa1\xf0\x87*H\x9b\x85@]\xd2\x02\x95H\
\xc4\xca\xbf\xc1 \x92\xdf\x0f\xc5\x22\xda\xbe}\xe8\xa3\xa3\
\xd4FG1\xa6\xa7\x91\x83A\x84\xaa\x22\xd5\xd5!w\
w[)\xd3\xe1@[X\xe0\xf5x\x1c\xdd4)\x1b\
\x06[|>\x02.\x17J\x7f?\xb6\x0d\x1b\x106\x1b\
\xfa\xe9\xd3H\xa1\x10\xa2V\xc3,\x14\xb0o\xd9\x82\xba\
j\x15\xc2\xeb\xc5L\xa5\xa8\x9d:\x85m\xd3&\xe4@\
\xc02\xfe\x99g0\x0d\x03\xa9\xa1\x01\xfb-\xb70\xb1\
\xb8\xc8\x89\xd1Q\xec\x92\xf4\xe4O''\xf7\xad\xb4\xeb\
\xed\xb8\xaa\x07t\xb8\x5c>\x87\xaaJz]\x1d\xca\xda\
\xb5Tw\xef\xb6\xfayM\xc3\xc8f\x97\xa3\xae\x91N\
/\xeb\xf9T*\x18\xd3\xd3\xd4\xce\x9c\x01U\xa5r\xf8\
0\xda\xe8(&\xa0\x0c\x0e\xa2n\xdb\x86\x01\xc8B \
\x01e\xd3\xc4\xb6y3\xea\x86\x0d\x98\xb2L\xf5\xc5\x17\
\xa9\xbe\xfa*\xe6\x926`\xbf\xf3N\xa4\xc6F\x8cD\
\x82\xca\xf00\xe5\xc7\x1f\xc7\x98\x9c\xa4\xf2\xe2\x8b\x98\xc5\
\x22\xc2\xefGY\xbf\x1e\xa5\xbd\x1d\xfbm\xb71\x1e\x8b\
\xf1\xe4SO\xa1\x08QMi\xda\xb3+mZ\x89\xab\
\x12`\x93\xa4\x06\xbb$\x89J\xb5\x8a\xdc\xd9\x89\xe3\x8b\
_Dx\xbd\xa0\xaaT\x8f\x1c\xa1r\xe0\x80U\x1c5\
4 ]rO\xac, \xb7\xb7\x83\xa6Y+v\xfa\
4\xe5\xdd\xbb\xa9\xbe\xf5\x16\xa5\xe3\xc7\xd1\x0c\xc3\xaa\xee\
\x80\xca\xfa\xf5\xd662\x0c\x84a`\xc4\xe3\xe0\xf3Q\
=x\x10\xb3R\xc1\xacT\xd0c1\x84\xdfo5O\
\x1e\x0f45a\x94JV\x93\x15\x8f\xa3\xac]\x8b\xbc\
q#o\x1e<\xc8\xff|\xe4\x11j\x9afD\x9d\xce\
\xff\xfc\xc3\x9e\x9e\x93\x97_\xea\xddq\xd5-\xf0\xe9\xe6\
\xe6\x9b\x8fe\xb3\xf7\xe7\xcbeq\xab\xdf\x8f=\x1cF\
jl\x04IB\x9f\x9f_N?rs\xf3e%G\
\xd7\xa1ZE\xd9\xb8\x11\xcaej\x13\x13V\xd5\xa6\xeb\
\x98\xe94\xd5x\x9c\x97\xe3q\xbc\x8aB^\xd7\xe9w\
\xbbi+\x950\x16\x16\xac\xd4g\x9a\x18\xf9<f\xb9\
L\xed\xfcy\xa8VQ\xbb\xba@\xd7\xa9MO\xbf#\
[\x08\xbb\x1d\xe1\xf3Qs\xb9x\xf2\xa9\xa7\xf8\xdb'\
\x9e\xc0\xd0uc\x95\xd7\xfb_v44\xfc\xb7?\x19\
\x1b\xfb\x97\x9d\xd6\x0a\x5c\x95\x80\xbb\x9b\x9az\xde\xc8d\
~\xbfd\x18bG0\x88\x94H \xd5\xd5!\x5c.\
\x94\x96\x16\x8cT\x0a}r\x12#\x95Br\xb9,\x81\
\xb3\xbb\x1b\xb9\xb7\x17\xe1\xf1 $\x09sz\x1a\xb3R\
Y.]K\xb9\x1c{\x16\x17\xa9WU\xd2\x9a\xc6j\
 \x9a\xcdb\xa6R\xc8\xabVYg\x01\xd3\xd3\x08\x97\
\x0b\xfb\xe0 JO\x0f,\x19\xab\xc7b\x96t.I\
(}}\xd87m\x22Q\xab\xf1\x93\x9f\xfc\x84\xfd\x87\
\x0f\x13PU\xfd\xce\xc6\xc6?~(\x1a\xfd\xb3\xf7b\
<\xd7\x22\xe0\x8e`\xd0v8\x93\xf9nF\xd3\xa4\x9e\
@\x80\x80,[\x8aN:\x8d\x1c\x0e\xa3\xb4\xb5\x01\xa0\
_\xb8\x80>5\x85>;k\x151--\xd6*I\
\x12ro/J$\x82\xe4p`\xcc\xcd\x91\xcb\xe7\xd9\
\x93H\xd0l\xb7\x13\xafT\xd8PWG\xd4\xe5\xb2&\
t\xb9\x90\xc3a$\xbf\x1f\xdb\x9a5\x96\x82\x14\x8f\xa3\
\x1d:\x84\xdc\xd5\x85\x90$\x8cT\x0a\xdbM7!:\
:\xd8\xfd\xc2\x0b\xfc\xc5\xcf\x7fN\x22\x99dc]]\
\xf9\xfeP\xe8{[\x02\x81]\xef\xe7s\xbb\xab\x12\xf0\
\xd5H${\xa1X\xbco\xaaT\x0a\x1d\x9e\x9f\xa7\xac\
\xebD\xbd^\xd4B\xc1\x0a\x80.\x97U\x8446b\
\xe6\xf3\x98\xd9,B\x92\x90\xc3a\xf4\xb11\xaa\xbbw\
[)\xcc\xefG\x0a\x87Q\x06\x06\xb8x\xea\x14\xaf\xce\
\xceR\xa7\xaa\x5c\xacV\xf9Do/\xadw\xdd\x85z\
\xcb-\x96t\xa6(H^/f6\x8b\xb6w/\xda\
k\xafa\xa6R(\x03\x03\x88@\x00\xa5\xa3\x83\xac$\
\xb1\xeb\x17\xbf\xe0\xb9\xbd{Q\x81\xdf\x0b\x87\x13\x9f\x0f\
\x85\x1e\x0c\xda\xed\xff\xf8~O\x8e\xafJ\xc0p,V\
\xfbw\xdd\xdd\xfb\xba\xdd\xeeO]\xa8T\x1a\xde\x8c\xc5\
8\x1a\x8b\xd1b\xb7\xd3\xfc\xb1\x8fA&\x83\x91H \
\xb7\xb4X\xfa_k+\xf2R\x8b\xab\x1d9\x82y\xe1\
\x02\xc6\xe4$\xb5S\xa70\xe3q\x8cl\x96\xc5\xf1q\
^O$\xf0*\x0a9]\xe7s\xdf\xfe6\xbe\xceN\
\xd0u\x8c\xc5E\xab\xe77M+\xad\x9e9c\xbd\x88\
a \xea\xea\xd0\x1b\x1a\xd8\xfd\xdcs<\xfa\xcb_2\
1;K\x9b\xcb\xc5\xc3\x9d\x9d\xfb\xd7\xf9\xfd_\x91\x84\
x\xfd\xfd\x1a\xcf\xb5\x08\x00\xf8r8\x9ch\xb6\xdb_\
\xb9\xd9\xe7\xebS\x84\xe88\x9b\xcb\x89C\x0b\x0b\xe8B\
\xd0Y\xab\xa1\xef\xdd\x8b1;\x8b\x14\x08 54 \
\x96\x8e\xcc\x94\xceN\xe4\x8e\x0e\x84\xc3\x81\x99Nc,\
,`\xcc\xce2_,r0\x95\xc2&IT\x0c\x83\
;\x22\x11\xeb\x9b\x82\xd1Q\xf4\x99\x19\xf4\xa9)\xd4\xae\
.\xa4`\x90\xda\xe8\xe8\xb2X2?3\xc3\xcf\x9ey\
\x86\x97\x0e\x1e\xc4-\x04\xf767W\x7f?\x1c~$\
h\xb7\x7f\x7f\xe7\xc8\xc8\xc4{=\x09Z\x89k\x120\
\x1c\x8b1\x1c\x8b\xc5\xbf\x1c\x0e?\xb3\xca\xebM\x0fx\
<\xb7\x8c\xe7\xf3\xb6\x03\xa3\xa3\xccMN\xb2\xce\xe3A\
\xce\xe7\xd1O\x9d\xc2X\x92\xbf\xa5\xa6&\xccL\x06\xc9\
\xe5\xb2\x8e\xcb\xfb\xfb\x91\x02\x01\x8c\x5c\x8eX*\xc5\xe1\
L\x06S\x08\xfc.\x17;\x1a\x1a\x90\xcb\xe5\xcb\xaaP\
\xb1\x88\xdc\xd8\x88\xd4\xdc\x8c>9\x89\x9e\xcf3\x9a\xcb\
\xf1\xb33g\x98O\xa7\xd9T_\xcfw;:\xce\xae\
\xf3\xfbw\xda$\xe9\x17;GF\xae\xda\xed]\x0b\xd7\
$\xe0\x12\x86c\xb1\xd2P(t\xc0\xaf\xaa\x87\x07\xfd\
\xfe;\x12\xd5\xaa\xf7\xad\xa5\xaf\xba\xd6\xfa|8$\x09\
3\x97C\xe9\xebC\xf2\xf9\xa8<\xfb,\xda\x91#P\
(X\x15c8\x8c\xd2\xdf\xcf\xfc\x91#\x1cJ$\xa8\
\x18\x06\x11\xaf\x97[\xa3\xd1\xcb\xa2G\xad\x86\xe4p\xa0\
n\xd8\x00\xaaJqr\x92_\x9f8\xc1\xaf\xe7\xe6\x90\
\xac\xbdn|\xb6\xa5\xe5\xd7\x1eE\xf9\x06p\xf0\x83\xb8\
\xfcJ\xbcg\x02\xb0H0\x86B\xa1svY>\xb0\
\xde\xe7\xdbQ2\x8c\xc0\xf1\x5c\x8e\x93\xb9\x1c\xbd\x1e\x0f\
^\x87\xc3:\x02\x03+g\xcb\xb2u<v\xf4(\xc6\
\xb9s\x1833\x9c\x9f\x9ab$\x9d\xa6f\x9all\
meuc\xa3%z\x94\xcb(\xd1(\xb6\xdbo\xc7\
P\x14\xc6\x9e~\x9a]/\xbd\xc4\x9b\xa9\x14\x1d.\x17\
\xdfjo/\xae\xf7\xfb\xffT\x91\xa4\x1f\xed\x1c\x19\x89\
]K\xe9y\xafx_\x04p\xf9\xcc`F\x91\xa4\xdf\
\x0ex<\x1b%\x08\x1dJ\xa7\xc5h.G\x8f\xd7K\
}[\x1b\xd4j\x97\xbf\x0bX:\xd95s9\xccX\
\x8cc\x99\x0cc\xf9<\x06pO$B\x0b \xd9\xed\
\xd8\xef\xbc\x13\xb9\xaf\x8fR2\xc9\xdf<\xf2\x08O\x1c\
<HF\xd3\xd8\x5c_\xcf7\xdb\xdb'\x9a\x1d\x8e\xef\
\x08!\x1e\xdb92r]?\x97{\xdf\x04\xb0\x14\x17\
\x86B\xa1yI\x88\x97z\xdd\xee\x90[QV\x1d\xcd\
d\xa47\x93I\x98\x9c$\x94J!\xbf\xed\x0c\x01!\
,\xc9\xacRa$\x99\xe4\x5c\xd1\xb2\xe1\xd3\x81\x00\x0d\
\xdb\xb7c\xbb\xfdv\x84\xd3I\xf2\xcd7y\xe4\xd1G\
9\x1c\x8b\xd1\xeap\xf0P4Z\xb9\xb3\xb1\xf1WN\
Y\xfe\x0e\xf0\xc6\xf5p\xf9\x95\xf8@\x04p98\xa6\
>\x1f\x0a\xbd\x14q:cQ\xa7s\xd3\x99B\xc1u\
 \x99\xe4L2IX\x92\xf0/U\x83\xcb(\x979\
\x99J1Q(\xe0\x92e>\xf3\xc9O\xe2\xd9\xba\x15\
3\x93!\xff\xf4\xd3\xfc\xf4\x99g\x18\xcbf\xd9R_\
o|\xab\xbd\xfdp\x9b\xcb\xf5}I\x88?\xdf92\
\xb2p\xbd\x5c~%>0\x01\x970\x1c\x8b\x95\xbf\xd8\
\xdaz\xb8\xc5\xe1xz\x8d\xcf\x17)\xebz\xef\xe9|\
^\xecO$H\xa5Rty\xbd\xd8\x14\xc5*a\x8b\
E\x8e.Ia.Y\xe6\xae;\xee\xc0\xe6v\x93\xff\
\xf5\xaf\xf9\xd5\xb1c\x1cJ\xa7\x19\xf0z\x93\xdflk\
{\xd8\xa7\xaa?\xda92r\xf4F|\x1c\xf9v\x5c\
U-y\xbf\xd858\xe8\xae\x18\xc6W\xce\xe6\xf3\xff\
\xfd\x1f\xe6\xe6\x1a\x16\xcae\x82v;\x0fE\xa3\xf4\xbb\
\xdd\x08!\xf8\xcb\xc9I\x8ed2\xd4\xa9*\xffi\xdd\
:\xf2\xc0\xdf\x8f\x8fs\x22\x9b5\x1d\xb2|a[ \
\xf0\xf1\x17\x13\x09Kf\xfa\x10\xf0;{\xc0\xdb1\x1c\
\x8bi\xf7\xb7\xb6\x1em\xb2\xdb\x9f\xbf5\x10\x88(B\
t\x9d\xcc\xe5\xa4\x03\xc9$\xd9Z\x8d\xa0\xcd\xc6H&\
\xc3b\xb5\x8aGQ\xd0k5\x1e;w\x8e\x85J\xc5\
t+\xca\xab\x15\xc3\xb8{\xbcP\xb8\xe6\x81\xe6\xff\x13\
\xd858\xe8\xdf58\xf8{?\xe8\xee~\xab\xc5n\
\xd7\x15!L\x87$\x996!L\xc0\x94\xc1\x14`\x06\
T\xb5vs]\xdd\xcf\xd6\xf9|\xf6\x95c|\x18\xb8\
\xae[\xe0\xdd\xb0kp\xd0=U,n\x1d\xc9d~\
\x98\xacV7\x8f\x17\x0au\x9aa\x88\x92ap[ \
pf\xbd\xcf\xf7\x1f\xd7\xf8|\xbf\xf9\xd7\xfa\xe7\xd8\x0d\
'\xe0\x12v\x0d\x0e\xca\x80?^\xa9t)B\xb8\xe7\
\xca\xe5\xf2Z\x9f\xef\x14\x90\xbb\xd1\xff\x0a\xf9\x08\x1f\xe1\
#|\x84\x8fp\x05\xfc_s\xcc\xf8\xe6n\xb2x\xbc\
\x00\x00\x00\x00IEND\xaeB`\x82\
\x00\x00\x147\
\x89\
PNG\x0d\x0a\x1a\x0a\x00\x00\x00\x0dIHDR\x00\
\x00\x00@\x00\x00\x00@\x08\x06\x00\x00\x00\xaaiq\xde\
\x00\x00\x00\x01sRGB\x00\xae\xce\x1c\xe9\x00\x00\x00\
\x04gAMA\x00\x00\xb1\x8f\x0b\xfca\x05\x00\x00\x00\
\x09pHYs\x00\x00\x0e\xc2\x00\x00\x0e\xc2\x01\x15(\
J\x80\x00\x00\x00\x18tEXtSoftwa\
re\x00Paint.NET 5.1\
.7\x8b\xd6\xf79\x00\x00\x00\xb6eXIfII\
*\x00\x08\x00\x00\x00\x05\x00\x1a\x01\x05\x00\x01\x00\x00\x00\
J\x00\x00\x00\x1b\x01\x05\x00\x01\x00\x00\x00R\x00\x00\x00\
(\x01\x03\x00\x01\x00\x00\x00\x02\x00\x00\x001\x01\x02\x00\
\x10\x00\x00\x00Z\x00\x00\x00i\x87\x04\x00\x01\x00\x00\x00\
j\x00\x00\x00\x00\x00\x00\x00\xf2v\x01\x00\xe8\x03\x00\x00\
\xf2v\x01\x00\xe8\x03\x00\x00Paint.NE\
T 5.1.7\x00\x03\x00\x00\x90\x07\x00\x04\x00\
\x00\x000230\x01\xa0\x03\x00\x01\x00\x00\x00\x01\x00\
\x00\x00\x05\xa0\x04\x00\x01\x00\x00\x00\x94\x00\x00\x00\x00\x00\
\x00\x00\x02\x00\x01\x00\x02\x00\x04\x00\x00\x00R98\x00\
\x02\x00\x07\x00\x04\x00\x00\x000100\x00\x00\x00\x00\
B\xa9\xa9\xe2\xba\xf9e\xf1\x00\x00\x12\xe6IDAT\
x^\xed\x9a{PTW\x9e\xc7?\xf7\xde~\xf3j\
P\xc0i@\x90\xa7!\x8b\x98U\x0cq&\x80J\xd4\
\xd4\x98\x18\xa2\x19u\x88\x89\x1au\xc7I2y\xcd\xec\
\xd4V\x92\xdd\xbb\xb3\xe5lm%\xa9\xdd\x99\xa9d\xd7\
<\x18+\x0f\x8d\x9a\xa8I,u\x8c\xc4V#\xea\xa0\
1\xe0\x13P\xa2\x80\x86\xa7<\xba\xed\xa6\xbb\xb9\xf7\xee\
\x1f4,64\xa2\x83\xc9\x1f\x9bO\x95U\xd6=\xe7\
w\xe8\xfb=\xbfs~\xbf\xf3;\x17~\xe0\xff7B\
\xe0\x83\xdb\x89,\xcb\x02\xa0\x07\xf4\xf5\xf5\xf5\xc6-[\
\xb6\xa4z<\x9e6\x8f\xc7S\x0bh\x81\xfd\xbf\x0b\xc4\
\xc0\x07\xb7\x0bY\x96#\x80\x07\x80\xf5W\xae\x5c9Y\
ZZz\xd9\xe9t\x1e\xd14\xedLrr\xf2\x87\xf3\
\xe6\xcdK\x92e\xf9;\xfb=}|'\x1e \xcb\xf2\
x\xe0\xdfUU]x\xfe\xfcy\xc3\xa7\x9f~\x8a\xc7\
\xe3!::\x9a\xce\xceN\xdcn7\xd1\xd1\xd1\xbe{\
\xee\xb9\xe7\xcd\xc9\x93'\xff\x1eh\x92eY\x09\x1c\xe7\
vp\xdb\x05\xf0\xbf\xfc\x07N\xa7\xf3'\xfb\xf7\xef\xa7\
\xa2\xa2\x02A\x10\x981c\x06S\xa7N\xc5\xedvc\
\xb7\xdb\xa9\xac\xacD\xaf\xd73e\xca\x14\xe7\x94)S\
\xde\xb3Z\xad\xef\x00\xa7eY\xee\x0e\x1cs4\xb9m\
\x02\xf8\xdd9]U\xd5\x0f+**\xb2\xedv;]\
]]\xd8l6\xe6\xcc\x99CBB\x02\x82\xd0\xfb\xe7\
5M\xe3\xcc\x993\xec\xdb\xb7\x8f\xf6\xf6v\x22\x22\x22\
\x98;w\xae;55u\x9f(\x8a\x7f\x02\x0e\xc9\xb2\
\xec\x08\xfc\x1b\xa3\xc1\xa8\x0b \xcb\xb2\x01H\x05\xfe\xc1\
\xedv\xaf\xde\xbd{\xb7\xe9\xe4\xc9\x93\x18\x8dF\xee\xb9\
\xe7\x1erss1\x18\x0c\x81f\x00twws\xf8\
\xf0a\xfe\xfa\xd7\xbf\xa2i\x1a\xf9\xf9\xf9\xdc}\xf7\xdd\
\x1eQ\x14\xf7\x03\xaf\x00_\x8e\xb6G\x8c\xaa\x00\xb2,\
\xc7\x03/i\x9a\xf6\xd8\xe5\xcb\x97\xcd;v\xec\xa0\xa5\
\xa5\x85q\xe3\xc6\xf1\xd0C\x0f\x11\x1d\x1d\x1dh2\x08\
M\xd3\xa8\xaf\xafg\xdb\xb6m8\x1c\x0ef\xcd\x9aE\
nn.\x82 \xb8\x80\x0f\x81\xb5\xc07\xb2,\x8fJ\
\xd4\x18\x15\x01\xfc\xe1-\x17\xd8\xe8v\xbb\x13\x8f\x1d;\
FYY\x19===L\x9a4\x899s\xe6\x04\x9d\
\xf5`\xb4\xb6\xb6\xf2\xfe\xfb\xef\xe3p8\xb8\xfb\xee\xbb\
\x999s&:\x9dN\x03j\x81\xdf\x02;dY\xf6\
\x04\xda\xdd,R\xe0\x83\x9bE\x96e\x13\xf03\xe0\xc3\
\xba\xba\xba\xd8-[\xb6p\xfa\xf4i\xc6\x8c\x19\xc3\x83\
\x0f>\xc8\xb4i\xd3\xd0\xeb\xf5\x81f7\xc4b\xb1\x90\
\x9c\x9cL]]\x1dUUU455\x91\x92\x92\x22\
\xe8\xf5\xfa(\x7f8\x8d(((8a\xb7\xdb]\x81\
\xb67\xc3-{\x80\x7f\xd6\xe3\x80\x97zzz\x96U\
TT\x18KKK\xf1\xf9|\xe4\xe4\xe4p\xef\xbd\xf7\
b6\x9b\x03\xcdn\x1a\xa7\xd3\xc9\xb6m\xdb\xb8t\xe9\
\x12111\xdc\x7f\xff\xfd\xc4\xc7\xc7#\x08\x82\x06|\
\x01<\x0dT\xc9\xb2\xac\x06\xda\x8e\x84[\xf2\x00\xff\x0e\
\x9f\xa3i\xda\xbb\xed\xed\xed\x0fl\xdf\xbe]w\xec\xd8\
1\x0c\x06\x03\xf3\xe7\xcfg\xea\xd4\xa97\xed\xf2\xc10\
\x18\x0cL\x9c8\x11\x9f\xcf\xc77\xdf|Cee%\
.\x97\x8b\xf1\xe3\xc7\x0b\x92$%\x03\xf7\x01\x15\x05\x05\
\x05\xf5v\xbb\xfd\xa6\xf7\x85\x9b\x16\xc0?\xf3\xf7\xfa|\
\xbe\x0d_}\xf5U\xe6\xf6\xed\xdb\x85\x96\x96\x16l6\
\x1bK\x96,!!!\x01Q\x1c\xdd\x84N\xa7\xd3\x91\
\x9c\x9cLBB\x02uuuTWWs\xe1\xc2\x05\
\x8cF#\x11\x11\x11ct:\xdd|\xa0\xab\xa0\xa0\xe0\
\x9c\xddn\xf7\x06\xda\x0f\xc7M-\x01\xff\xcc\x1746\
6n\xd8\xb1cG\xec\xb7\xdf~\x8b\xc5ba\xfa\xf4\
\xe9\xe4\xe4\xe4\xa0\xd3\xe9\x02MF\x1d\x97\xcb\xc5\xde\xbd\
{9{\xf6,^\xaf\x97\xf0\xf0p\xee\xba\xeb.r\
ss}\x06\x83a/\xf0o@\xb9,\xcb=\x81\xb6\
C1b\x01dY6\xd7\xd5\xd5\xfd\xe2\xd4\xa9S\xbf\
\xaf\xac\xac4\xf9|>222\x989s&c\xc7\
\x8e\x0d\xec~[QU\x95\xb6\xb66\x8e\x1e=JM\
M\x0d\xd7\xae]#22\x92\xc2\xc2B\xd2\xd2\xd2Z\
DQ\xfc\x1d\xf0\x8e,\xcb\xee@\xdb@F$\xc0\xb2\
e\xcbBO\x9d:\xf5\xe7\x9a\x9a\x9a\x05\x0e\x87C\x88\
\x8a\x8a\x22??\x9f;\xef\xbcs\xd4\xdd\xfdf\xd04\
\x0d\xa7\xd3\xc9\x81\x03\x07\xa8\xac\xacDQ\x14\xa6M\x9b\
\xc6\xacY\xb3\xdc\x92$=\x0f\xbc}#O\xb8\xe1\x1e\
0e\xca\x14\xfd\xe9\xd3\xa7\xb7\xd4\xd4\xd4<$\x08\x82\
\x90\x97\x97\xc7\x03\x0f<\x80\xcdf\xebOe\xbf/\x04\
A\xc0h4\x92\x96\x96Frr2\xb5\xb5\xb5\x9c?\
\x7f\x1e\x87\xc3\xa1OJJ\x9a\xa6\xd3\xe9v\xda\xed\xf6\
\xe6@\xbb\x81\xdcP\x00A\x10\xfe\xa5\xb1\xb1q\xa5\xd9\
l\x16\x8a\x8b\x8b\xb9\xe3\x8e;n)\xae\xdfN\x04A\
 <<\x9c\xf4\xf4\xf4~\x11\xce\x9d;\x17\x92\x9d\x9d\
\xad\x15\x16\x16\xee\xb1\xdb\xedAC\xe4\xb0\xfe\x1b\x1d\x1d\
]\xdc\xd4\xd4\xf4\xa2\xd1h\x14\x8a\x8b\x8b\xb1\xd9l\xdf\
\xab\xcb\xdf\x08\xab\xd5JVV\x16\x82 \xe0p8\x00\
\x8a\x00[`\xbf\x81\x04}\x9b\x82\x82\x82P\xb7\xdb\xfd\
\x07EQ$EQ\xb8t\xe9\x12\xaa\x1aT\xc8\xef\x9d\
\xee\xeen\xfe\xf2\x97\xbfp\xe0\xc0\x01\x04A\xc0`0\
\xa0iZ\x0c0\xc5\x1f\xba\x87$\xa8\x00YYY?\
6\x1a\x8d\x91\x11\x11\x11\x98L&>\xff\xfcsv\xef\
\xde\x8d\xc7\xf37\xa7\xdf\xa3\x8e\xdb\xed\xe6\xa3\x8f>\xe2\
\xe8\xd1\xa3X\xadVl6\x1b:\x9d\x0eM\xd3t@\
\xf6p\x9b\xfd\x90\x02\xc8\xb2l2\x1a\x8d\xcbTU\x15\
\xadV+K\x97.%!!\x81\xaf\xbf\xfe\x9a\x8f?\
\xfe\x18\xa7\xd3\x19h\xf2\xbd\xe1t:\xd9\xbcy3\xb5\
\xb5\xb5$''\xb3b\xc5\x0a\xacV+>\x9f\x8f\x9e\
\x9e\x1e\x80\x1f\xdd\xb4\x00@\xb4$Iy===\xe8\
\xf5z\xa2\xa2\xa2X\xbcx1\x19\x19\x19\x9c?\x7f\x9e\
\xf5\xeb\xd7\xf3\xed\xb7\xdf\x06\xda|\xe7\xb4\xb4\xb4\xb0~\
\xfdz\x1a\x1a\x1aHIIa\xd1\xa2E\x98\xcdf\xcc\
f3\x9a\xa6\xa1i\x1a\x80\x07\x08\xbav\x83\x09\x90\xe2\
\xf3\xf9\xc6\xf6\x09\xd0\x17n\x8a\x8a\x8a\xc8\xcf\xcf\xc7\xe1\
p\xf0\xc1\x07\x1fp\xec\xd81|>_\xa0\xedm\xa4\
7\xd5W\x14\x85\xf2\xf2r\xd6\xaf_OGG\x07w\
\xddu\x17\x8f<\xf2H\xff\xf9C\xa7\xd3\xe1\xf3\xf9\xf0\
x<\x9a\xbf\xac\x16\xf4\x8c\x10L\x80$\x97\xcb\xa5\xf3\
\xf9|\xc4\xc4\xc4\xf4?\x14E\x91\xbc\xbc<\x16,X\
\x80$I\xec\xd9\xb3\x87M\x9b6\xd1\xd0\xd0\xd0\xa7\xf6\
m\xe7\xda\xb5kl\xda\xb4\x89]\xbbvb0\x18\x98\
7o\x1es\xe7\xce\xbd\xee\xf0\x15\x15\x15\x85\xaa\xaa\xa8\
\xaa\xaa\x00_^7@\x00\xc1\x04\x18\xd3\xda\xda*\x00\
$$$\x5c\xd7 \x08\x02\xe9\xe9\xe9,_\xbe\x9c\xe4\
\xe4d.^\xbc\xc8\xbb\xef\xbe\xcb\x97_~\x89\xa2\xdc\
\xbeB\xae\xcf\xe7\xe3\xfc\xf9\x0b\xbc\xf3\xce;\xd4\xd6\xd6\
\x92\x96\x96\xce\xaaU\xab\x98<y\xf2\xa0\xd0\x1c\x1e\x1e\
\x8e\xa6i\xb8\xddn\x0d\x18v\xc3\x0a&\x80\xd4\xd1\xd1\
\x81$I\x84\x84\x84\x04\xb6\x81?\xe6.\x5c\xb8\x90\xe2\
\xe2b\xacV+\xfb\xf7\xefg\xcf\x9e=}\x1b\xcf\xa8\
\xa1i\x1a\xb5\xb5\xb5\xbc\xf7\xde{l\xde\xbc\x19\xb7\xdb\
Mnn.\x0b\x17.\xc4b\xb1\x04v\x07\xbf\xa7\xd2\
k\xab\x03\xc6\x07\xb6\x0f$\x98\x00\x1e\x93\xc9\x84\xa6i\
\xc3\xaeq\x9dN\xc7\x84\x09\x13X\xbcx1V\xab\x95\
\xe3\xc7\x8f\xb3u\xeb\xd6Q\x89\x12\x9a\xa6\xd1\xda\xda\xca\
\xd6\xad[\xd9\xb8q#\x8d\x8d\x8d\xa4\xa7\xa7\xf3\xe8\xa3\
\x8f2\xfb\xbe|ff\x97!\x8aC\x8b\xedt:\xd1\
4\x0d\xa3\xd1\xc8\xad\x0a\xe04\x99L\x08\x820\xa2\xb8\
\x1f\x15\x15\xc5\xe3\x8f?N||<UUU\x94\x94\
\x94\xb0\x7f\xff\xfe\xfe\x1fr\xb38\x1c\x0eJKK)\
))\xe1\xec\xd9\xb3\xc4\xc6\xc6R\x5c\x5cLQQ\x11\
qqq\xa8\x9aDS\xc78Tu\xf8L^Q\x14\
\x01\x18\x17\xf8| \xc1\x04p\x98\xcdfm\xa4\x02\x00\
\x84\x85\x85\xf1\xe8\xa3\x8f\x92\x97\x97\x87\xa2(\xec\xdf\xbf\
\x9f7\xdex\x83\xcd\x9b7\xd3\xd2\xd22\x22!\xdcn\
7\xc7\x8f\x1f\xe7\xad\xb7\xde\xe2\xe8\xd1\xa3\x84\x86\x862\
\x7f\xfe|\x1e\x7f\xfcq\x12\x13\x13\x91\xa4\xde\x17\x16\x04\
\x8d\x8b\xcdIA\xc3\xbb\xc3\xe1@\x92\xa4>\x0f\x08\x0b\
l\x1fH0\x01\xdat:\x9d\x82\xdf\xcdGZ\xdb\xd3\
\xe9t\xe4\xe7\xe7\xb3z\xf5j\xe6\xcf\x9fOhh(\
555\x94\x94\x94\xb0k\xd7.:;;\x87\x14B\
Q\x14\xbe\xfa\xea+\xde~\xfbmv\xed\xdaAO\x8f\
\x8f\x82\x82|\x9ex\xe2\x09\xb2\xb2\xfe\x0e\xbd^\xdf[\
\x03hm\xc1\xe3\xf1\xe0ry\xf0\xf5\x0c\x9e}A\x10\
\x08\x0b\x0b\xa3\xa7\xa7\x07Q\x14\xfb\x043\x05\xf6\x1bH\
\xb0\x12\xce\xb7\x06\x83\xc1+\x8a\xa2><<\x9c\x94\x94\
\x14\x9a\x9b\x9bin\x1e\xf6d\xd9OHH\x08\xd9\xd9\
\xd9dffRYYIYY\x19\xc7\x8f\x1f\xe7\xdc\
\xb9sL\x9a4\x89\xe9\xd3\xa7\xf7o`\x9d\x9d\x9d|\
\xf6\xd9g\x5c\xbcx\x11\x8b\xc5Bn\xeetr\xa6N\
%\xc2\x1a\xd9?^\xdf\xf5\xd9\xc9\x93\x15\xa8joA\
$<<\x9c\x9f\xff\xfc\xe7DEE\x81_\xfc\xc4\xc4\
D,\x16\x0b\x06\x83\x01I\x92\xfaN\xad\xc3\x1e]\x83\
y@\xa3\xa2(\xed\x9a\xa6\xd1\xd0\xd0\x80\xd7\xeb%&\
&\x861c\xc6\x04\xf6\x1b\x16\xff]\x1fO<\xf1\x04\
\xf9\xf9\xf9\x00\x94\x95\x95\xf1\xe6\x9bo\xd2\xd0\xd0\xc0\x99\
3g())\xe1\xd2\xa5K\xa4\xa6\xa6\xb2j\xd5*\
\x0a\x0b\x0b\x89\xb0Z\xfb\xc7\xf0z\xbdl\xdc\xb8\x91\xf2\
\xf2r|\xden\xba\xbb\xbb\xf1z\xbd\xb4\xb6\xb6RZ\
Z\x0a\xfe\xb0\x97\x91\x91AHH\x08\xaa\xaa\xa2i\x1a\
\x8a\xa2\xf4E\xa4a\xab\xb3C\x0a`6\x9b\x1d\x92$\
\xd5\x0b\x82\xd0\xbf\xee\x00l6\xdb-\x95\xbf,\x16\x0b\
yyy\xacY\xb3\x86\xbc\xbc<|>\x1f;v\xec\
\xe0\xe3\x8f?\xc6\xeb\xf52c\xc6\x0c\x16.\x5cHX\
X\x18\xbd\xd5n\x01\xb7\xbb\xb7\x9a\xb5g\xcf\x1e\xea\xeb\
\xeb\xfd\x89M\xefx\x92$1a\xc2\x04TU\xc5f\
\xb3\x91\x94\x94\x84N\xa7C\x10\x04t:\x1d\xb1\xb1\xb1\
\x88\xa2\xd8\xb7\xdc\x82\xa6\xc1\x04\x13 %%%$.\
.\xce\x22I\x12\x06\x83\x01\xb3\xd9\x8c(\x8a\x08\x82\x80\
\xcdf\xbb\xe5\xca\xaf\xd9l\xee/\xa5555\x91\x9c\
\x9c\xcc\xb2e\xcb\x98>}z\x7fAU\xd3z\xc7u\
9.\xf3\xa7?\xbeJe\xe5\x09~\x14\xad\xf1\xdao\
A~\x0a\x8cF#\xabV\xadb\xe5\xca\x95\xfc\xeaW\
\xbf\x22::zPe*22\x12A\x10\xb0X,\
\x88\xa2x\xed\xba\xc6\x00\x06\xbd\xc5\xb6m\xdb\x04I\x92\
&\x87\x85\x85\xa5+\x8a\xd2?\xb8 \x08\xfd\xff\x8f\x8c\
\x8c$%%e\xc4\x9b\xe3@\x04A\xc0\xe5r\x11\x12\
\x12\xc2\xbcy\xf3\x88\x8d\x8d\x0d\xec\x82\xc3\xd1\x85\xd1\xb3\
\x89\xbb2\x9c\xcc\xfd\x89\xc2\xa1\x0d \x89\xd0\xd0b\xe6\
\xb9\xe7\x9e###\x83\x89\x13'2n\xdc\xd0\x11\xae\
\xafb\xa5\xd3\xe9\xd0\xeb\xf5\x97\x03\xdb\x072H\x00?\
\xd3DQ4\xe1w\xb7\x81\xf4\x89`6\x9bIII\
\xc1f\x1b\xb6\xe02$\x9a\xa6!\x08BP/:q\
\xe2\x04e_\xf9h\xeb\x149[+\xf1\xc6F\x817\
\xb7'\x11\x9b\xf6\x1b233ILL\xec\xb7\x15\x05\
/\x11\xc6Z\x04\xfe/\x0d\x1f\x10i4\xbd^\x7f\xa6\
\xbfa\x08\x86\xfa\x05\x02\x10\xe2\x8f\xa1\xd4\xd5\xd5\x05\xb6\
_\xe7\x15c\xc7\x8e\xbd\xe9%\xe1\xf3\xf9\xfaE\x18\x0a\
\xa7\xf3\x1ae'\xe0T\x8dD\xb7b\xa3'\xfcY\xd6\
\xfc\xf2\x05\xb2\xb3\xb3\x91$\x89\xd2\xd2R\xd6\xad[\xc7\
\xda\xb5k\xf1u\xee%/\xe9\x9f\x087^\xea\xb7\xef\
\xcb;TU\xed\x16\x04\xe1\xd4u\x83\x070\xe8W\x17\
\x15\x15\xa9\xc0\xf9\x88\x88\x08-<<\x9c\xe6\xe6f\xbc\
\xde\xc1\x97-\x03g022\x92\xb4\xb4\xb4\xa0\xe7\x86\
\x81x\xbd^\xda\xda\xda0\x18\x0cA\xaf\xcfRSS\
\x11E\x91\xcc\xccL\x8a\x8b\x8b\xc9\xc9\xc9!..\x8e\
\xa3G\x8f\xf2\xf4\xd3O\xf3\xfa\xeb\xaf\xb3{\xf7n\x8e\
\x1d;\xc6\xeag\xde\xe5\x93c\xcb\xe8\xf2\xf4\x1e\xda.\
_\xbe\xcc\xce\x9d;\x11\x04\x01\xa7\xd3\xb9\xdd\xe1p\xb4\
\x06\x8e?\x90\xc1\xd9\x04\xb0x\xf1\xe2k\x92$-:\
r\xe4Hhss3\x85\x85\x85}Y\xd5 \xfa\xf6\
\x06\x9dNGdd$\x16\x8b\x05\xb7\xdb\x1d\xf4d\xd8\
\xde\xde\xce\xe1\xc3\x87\x990a\x02YYY\x81\xcd\x00\
\x8c\x193\x86Y\xb3fQXXHJJ\x0az\xbd\
\x9e\xe5\xcb\x97\xf3\xc5\x17_\xe0\xe9v\x93\x9f\x0d\xb3c\
\xa0\xea*t\xba\x14*\xce8\x991\xa3\x10\x8f\xc7\xc3\
\xab\xaf\xbe\xca\x95+W\x88\x8f\x8f\xefV\x14eQI\
II[\xe0\xf8\x03\x19\xe4\x01~\xea\x04A\xf8Cj\
j\xaa\xe6p8x\xff\xfd\xf7\x87\xf4\x82@\x84\x01\xe5\
\xe9\x98\x98\x98!]\xdc\xedv\xa3\xaa*\x89\x89\x89\x81\
M\xe0\xbf\xf5Q\x14\x85\xa4\xa4$,\x16\x0b>\x9f\x8f\
\x17_|\x11\xd7\xb5N\x96\x14\xc2\xc9\xdf\xc3\xbe\xf7`\
\xddrX\xb7\x02~\x14\x0d\xd5\xd5\xd5TTT\xb0v\
\xedZ\xaa\xaa\xaaHOOW\x17-Z4g\xef\xde\
\xbd5\x81\xe3\x072\xa4\x07l\xda\xb4I]\xbcx\xf1\
\x99\xb8\xb8\xb8\x8c\x13'NL\xac\xac\xac\xa4\xb9\xb9\x99\
)S\xa6\x0c\xda\x14\x87B\x10\x04BCC\x89\x8a\x8a\
\xc2\xe7\xf3]'\x9e\xcb\xe5\xe2\xc4\x89\x13$$$0\
~\xfc\xf5\x075\x9dNGRR\x12\xe3\xc7\x8fG\x92\
$$I\xe2\xb9\xe7\x9e\xc3\xdbR\x8b\xfd_\xe1\xc9\xc7\
!:\x06(\x03\xdaa\xfcBh\xee\x80KM\xe38\
t\xe8\x10\xcd\xcd\xcddee\xb1t\xe9\xd2\x7f\xd44\
\xedC\xbb\xdd~\xdd\xf8C\x11\xcc\x03(**\xba\x1a\
\x1d\x1d\xfd\x8b\xdf\xfc\xe67\x1f\xc7\xc5\xc5i\x07\x0f\x1e\
d\xe7\xce\x9d\x81\xdd\x82\x22\xf8K\xd3\x89\x89\x89$'\
'\xf7\x87&I\x92PU\xf5\xba\xf5/\x8a\x22\xe1\xe1\
\xe1\xa4\xa5\xa5\x11\x16\xd6{v\x91$\x89}\xfb\xf6\xd1\
\xd8\xd8\xc8\xeby\x90\x9d\x00\x84\xfa\x8f6\x0dp\xe84\
\xe4,\x81?o\x13ikk\xc3l6\xb3f\xcd\x1a\
V\xadZ\xb5!&&\xe6\x8f\xc3\x95\xc1\x06\x12T\x00\
zEh\x8a\x8f\x8f\x7fb\xcd\x9a5\xafDEEi\
[\xb6l\xe1\xf8\xf1\xe3\x81\xdd\x86\xa5\xcf\x1b\xfa\x96\x85\
$I\x88\xa2HGG\x07&\x93\x89\xd8\xd8X\xd2\xd2\
\xd2\xfa\xb39UU\x11E\x91\xba\xba:\xdez\xeb\x7f\
\xf8\xf1D\x85y+\x80\xae\xde\xac^s\xc2\xcfvA\
\xde'\x02\x17\x1aD\xdc\xdd\x22\x19\x19\x19\xbc\xfc\xf2\xcb\
L\x9a4\xe9\xb0$I\xbf\x5c\xbe|\xf9\x8d\xd7\xab\x9f\
\x1b\xfa\xf3\xa6M\x9b<O=\xf5\xd4\xfe\xa6\xa6&\xbe\
\xf9\xe6\x9b\xbc\xc3\x87\x0f\x0b\x91\x91\x91\x8c\x1f?\xfe\xa6\
B_\x9f\x10aaa\xec\xdb\xb7\x0f\x93\xc9DQQ\
\x11\xa1\xa1\xa1\xfdil\xdf?M\xd3\xf8\xe8\xa3\x8f\xb8\
oJ5o=\x05\xe6h\xa0\x128\x0b\xff\xf1\x0e\xfc\
\xf7I}_\x92\xc3\x82\x05\x0bX\xb1b\x05@\x95\xd3\
\xe9\x9c\xff\xe4\x93O\x8e\xec\xc4\xe6gDoPTT\
\xe4\xb3X,\xbf\x9b:u\xeazA\x10X\xb7n\x1d\
\xaf\xbf\xfe:.\xd7\xc8?\xcf\xe9\xdb\x10M&\x13f\
\xb3\x19UU\xf1z\xbd\xfd/=\x10EQ\xa8\xae\xae\
\xc6b\x82\x10\x05(\xef\xfd\xf0n\xee\x9f\xe1\xc5\xb2\xde\
\x94\xdcl6\xf3\xfc\xf3\xcf\xf3\xf0\xc3\x0f\xe3v\xbb+\
;::\x1e|\xe6\x99g\x06'-7`D\x02\x00\
l\xd9\xb2E\x999s\xe6\xb3\x0b\x17.\xdc=f\xcc\
\x18\x0e\x1d:\xc4\xda\xb5kijj\x0a\xec\x1a\x94\xbe\
\x17UU\x15\xbd^\x8f\xd9l\x1e\xf4\xf2\x82\xbf\x08\xd3\
\xd5\xd5\xc5\x7f\xbe\x07\xe5\x9bA\x8d\x80\x8bV8\xd6\xde\
\xdbG\xaf\xd7\xf3\xec\xb3\xcf\x92\x95\x95\xe5koo_\
\xdf\xd5\xd55\xe7\xd7\xbf\xfeu\xf5u\x03\x8d\x90\x11\x0b\
@\xef\x8dQ\xd7\x84\x09\x13V>\xf6\xd8c\x9fgf\
fj\xe7\xce\x9d\xe3\xa5\x97^\xa2\xb4\xb4t\xc4\xf7\x86\
\x8a\xa2\xa0\xaa*\x92$\x0dY\x1c\xc1\x1f)\xae^\xbd\
\x8a\xcf'P\xb8\x15\x92\x9e\x87\xa9\x8f\x09\x5c\xed\xea\xbd\
\x9fx\xf2\xc9'IMM-\xf7x<\xb3DQ\x5c\
\xfd\xc2\x0b/4\x06\x8e1Rn\xb8\x07\x04b\xb7\xdb\
\x1d\xf7\xddw\xdf\xde\xf4\xf4t\xab\xc5b\xc9\xbap\xe1\
\x82TVVFUU\x15\x99\x99\x99X,\x96A\xb3\
:\x10EQ8p\xe0\x00\x8a\xa2PPP0\xe4g\
5]]]|\xf6\xd9g\x00\xf8Tp):\x5cn\
\x8d\x88\x88\x08\x96,Y\xa2\xdey\xe7\x9d/\x9bL\xa6\
5K\x97.=\xff\xe9\xa7\x9f\x8eL\xf9 \xdc\xb4\x00\
\xf4\x8a\xe0\x9c1cFi\x5c\x5c\xdc\xb9\xb4\xb4\xb4\xbf\
\xef\xec\xec\x8c\xac\xae\xae\xe6\xc0\x81\x03\x88\xa2H\x5c\x5c\
\x5c\xd04W\x10\x04\xca\xca\xcap8\x1c\xcc\x9e={\
\xc8o\x0d,\x16\x0b\xed\xed\xedttt\xa0iZ\xff\
f\xb7d\xc9\x92kQQQ\x8b\xdb\xdb\xdb\xdfy\xfa\
\xe9\xa7G\xbc\xd3\x0f\xc7-\x09@\xaf\x08\xbe\x82\x82\x82\
\xd3!!![322\xacaaa\xd9\xf5\xf5\xf5\
Byy9\xe5\xe5\xe5\x84\x84\x840n\xdc\xb8A3\
,I\x12\xe5\xe5\xe5455QXX\x88\xc9t}\
\xc9\xee\xda\xb5kx\xbd^\x0e\x1d:\xc4\xe5\xcb\x97\xd1\
\xeb\xf5\xac\x5c\xb9\x92\xd4\xd4\xd4\x8b.\x97\xeb\x11\x9f\xcf\
\xf7\xf9\xad~\x138\x14\xb7,\x00\xbd\x22hv\xbb\xbd\
s\xd6\xacY\xbbl6\xdb\xf9\xac\xac\xacY\x80\xf1\xe2\
\xc5\x8b\x1c<x\x90\xf2\xf2r\xf4z=\xe3\xc6\x8d\xbb\
n\xa6/]\xbaDuu5\xf7\xde{/\x11\x11\x11\
\xfd\xcf5M\xe3\xe0\xc1\x83\xbc\xf6\xdak\xd4\xd4\xd4\x90\
\x96\x96\xc6\x82\x05\x0bz\x22##\xdf\xef\xe9\xe9Y\x09\
|=\xd2\x04g\xa4\xfcM\x02\xf4a\xb7\xdb\x95\x82\x82\
\x82\x93\x06\x83\xe1\xd3\xe4\xe4\xe4\xd4\xec\xec\xec$UU\
\xc5\xfa\xfaz\x8e\x1c9\xc2\x91#G\xd0\xeb\xf5\xc4\xc6\
\xc6\xa2\xd7\xebikk\xa3\xbc\xbc\x9c\x9c\x9c\x9c\xfe\x82\
\xc8\xd5\xabW\xf9\xe4\x93O\xd8\xb0a\x03\x9a\xa6q\xff\
\xfd\xf73{\xf6\xec/\xcdf\xf3\xcf\xfc\x1f;\xb5\x8c\
$\xb5\xbdY\x82\xefV\xb7\x88,\xcba\xc0\x12UU\
\xff\xb9\xbd\xbd\xddv\xe4\xc8\x11\xe1\xcc\x993x\xbd^\
bccy\xf0\xc1\x07\x89\x8a\x8a\xe2\x95W^a\xf5\
\xea\xd5L\x9f>\x1d\xbb\xdd\xce\xd6\xad[ioog\
\xec\xd8\xb1,Z\xb4\xc8\x1d\x1b\x1b\xbb\xc6\xeb\xf5n\x90\
e9\xf8\xd5\xd4(0\xea\x02\xf0\x7f_\x93\xa6\x03/\
\xab\xaa\xfapgg\xa7\xf9\xe0\xc1\x83\x9c:u\x0aM\
\xd3\xc8\xc8\xc8\xa0\xba\xba\x9a\xac\xac,\xae\x5c\xb9Bk\
kk_\xe1T\xbb\xe3\x8e;NX,\x96\x15\xc0\xc9\
\xd1\x5c\xeb\xc1\xb8-\x02\xf4!\xcb\xb2\x05\xc8\x07\x9e\xd2\
4\xed'uuua;w\xee\x14\x9a\x9b\x9b\xfb+\
B&\x93\x89\xc9\x93'3m\xda4\xa7\xd5j\xfd\x83\
 \x08\xff%\xcb\xf2\xb0E\x8c\xd1\xe4\xb6\x0a\xd0\x87_\
\x88t`\xbe\xdb\xed~h\xe7\xce\x9d\x99\xa7N\x9d2\
\xc4\xc7\xc7k?\xfd\xe9O;bcc\xf7\x0a\x82\xf0\
G\xe0\xe8\xedv\xf9@\xbe\x13\x01\xfa\xf0\x7fk\x1c\xea\
v\xbb\x13O\x9f>=555\xb5\xd1j\xb5\xd6\xf6\
\x1epq\x8d\xf6\x0e\xff\x03?\xf0\x03?\xf0\x037\xe0\
\x7f\x01\x19\xf3\x80g\x8f\xac\xa5\xb2\x00\x00\x00\x00IE\
ND\xaeB`\x82\
\x00\x00\x17\xb5\
\x89\
PNG\x0d\x0a\x1a\x0a\x00\x00\x00\x0dIHDR\x00\
\x00\x00@\x00\x00\x00@\x08\x06\x00\x00\x00\xaaiq\xde\
\x00\x00\x00\x01sRGB\x00\xae\xce\x1c\xe9\x00\x00\x00\
\x04gAMA\x00\x00\xb1\x8f\x0b\xfca\x05\x00\x00\x00\
\x09pHYs\x00\x00\x0e\xc2\x00\x00\x0e\xc2\x01\x15(\
J\x80\x00\x00\x00\x18tEXtSoftwa\
re\x00Paint.NET 5.1\
.7\x8b\xd6\xf79\x00\x00\x00\xb6eXIfII\
*\x00\x08\x00\x00\x00\x05\x00\x1a\x01\x05\x00\x01\x00\x00\x00\
J\x00\x00\x00\x1b\x01\x05\x00\x01\x00\x00\x00R\x00\x00\x00\
(\x01\x03\x00\x01\x00\x00\x00\x02\x00\x00\x001\x01\x02\x00\
\x10\x00\x00\x00Z\x00\x00\x00i\x87\x04\x00\x01\x00\x00\x00\
j\x00\x00\x00\x00\x00\x00\x00\xf2v\x01\x00\xe8\x03\x00\x00\
\xf2v\x01\x00\xe8\x03\x00\x00Paint.NE\
T 5.1.7\x00\x03\x00\x00\x90\x07\x00\x04\x00\
\x00\x000230\x01\xa0\x03\x00\x01\x00\x00\x00\x01\x00\
\x00\x00\x05\xa0\x04\x00\x01\x00\x00\x00\x94\x00\x00\x00\x00\x00\
\x00\x00\x02\x00\x01\x00\x02\x00\x04\x00\x00\x00R98\x00\
\x02\x00\x07\x00\x04\x00\x00\x000100\x00\x00\x00\x00\
B\xa9\xa9\xe2\xba\xf9e\xf1\x00\x00\x16dIDAT\
x^\xed{[\x88$Yz\xdew\xe2\x9e\x97\x88\xc8\
kUVv]\xa2\xba\xabj\xabk\xaa{\x1a{\xb5\
\x02\xc1\xaer%\x19$#,!\xb4\x96%c\x1b\x09\
\x83\x91Y\xb0\x84\xfc`0\x06\x1b\x09\x8cAX/\x12\
H\xc2~\xb1A\x88]Ih\x85l\x84ALzg\
\xbd\xd83H\xd3\xad\xe9\xd9\x9e\xa9\xaa\xee\x8e\xac{\xe5\
=#2\x22\xe3~\xfcP\x11g\xaaj\xbak\xa6\xa7\
{\xe6E\xfb=uggF\xc4\xf9\xce\xff\x7f\xff\xff\
\xfd'\x1a\xf8[\x0er\xf5\x83\xcf\x03\xadVK\x04P\
\x00\xa0\x00\xf0\x00\xd8\xedv;\xbe\xfa\xbd\xcf\x03\x9f+\
\x01\xadVK\x00\xb0A)\xfd\xf9\xd9l\xf6\x13\xd3\xe9\
t\xae\x5c.?\x16E\xf1[\x00\xbe\x01\xe0\xa4\xddn\
\xd3\xab\xbf\xfb,\xf1\xb9\x11\xd0j\xb5J\x00~)\x8a\
\xa2\x7f3\x1c\x0ek{{{$\x08\x02\x94J%l\
nnF\xb2,\xbfM\x08\xf9\x15\x00\x7f\xf5yF\xc3\
gN@\xab\xd5\xe2\x00lSJ\x7fg2\x99\xfc\xd0\
\xee\xee.7\x9b\xcd\xc0\xf3<\x14E\x81\xeb\xba\x90$\
\x09\x86a\xa0V\xab\xd9<\xcf\xff\x16\x80\xdfn\xb7\xdb\
\xbd\xab\xd7\xfa,\xf0\x99\x12\xd0j\xb5*\x00\xfe\xa9\xeb\
\xba\xbf\xde\xe9t\x8a\xfd~\x1f\x84\x10\xcc\xcd\xcdaq\
q\x11\xb2,\xa3\xdb\xed\xa2\xd3\xe9\xc0\xf7}\xe8\xba\x8e\
\xd5\xd5Uh\x9af\x12B~\x0d\xc0\xffh\xb7\xdb\xfe\
\xd5\xeb\xbeJ|&\x04\xa4\xbb\xfe\xc5$I\xfe\xf3\xe1\
\xe1\xe1\x0f\x1d\x1c\x1c\x10J)J\xa5\x12n\xdd\xba\x05\
EQ@\xc8\x87\xb7\xf6<\x0f\x9dN\x07\xfd~\x1f\x94\
R,//cii)&\x84\xfc!\x80\x7f\x07\xa0\
\xd3n\xb7\x93K7yE\xe0\xaf~\xf0\xb2h\xb5Z\
e\x00_\xf7}\xff\xbf\xee\xec\xec\xac\x1d\x1f\x1f\x13I\
\x92p\xeb\xd6-\x18\x86\x01EQ\xc0\xf3<(\xfdP\
\xeb\x04A@\xb5Z\x85\xa6i\x18\x0c\x06\x18\x8f\xc7\x10\
\x04\x81SU\xf5\x0e!\xe4'\x01<1\x0c\xc34M\
\xf3\x95k\xc3+#\xa0\xd5j\xe5\x0c\xc3\xf8\x11\x00\xff\
\xdd\xf7\xfd\x7f\xf2\xf0\xe1Cy<\x1e\xa3T*\xe1\xee\
\xdd\xbb\xd04\x0d\x84\x10\xe8\xba\x0e]\xd7\x11E\x11\xc2\
0D\x1c\xc7 \x84\x80\x10\x02EQP.\x97\xd1\xef\
\xf7\xd1\xeb\xf5\x90$\x09\xd1u\xbdB\x08\xf9i\x00\xc4\
0\x8cwL\xd3|\xa5)\xf1\xd2\x04\xb4Z-\xc90\
\x8c/\x02\xf8-J\xe9\xbf\xb7m\xfb\xc6\xbb\xef\xbeK\
<\xcfC\xbd^\xc7\xd6\xd6\x16\x04A\x00\x00PJ\x11\
\x86!\x0a\x85\x02\x14E\x81\xef\xfb8;;C\x92$\
\x90$\x09\x84\x10H\x92\x84r\xb9\x0c\xdb\xb61\x18\x0c\
\x10\x04\x01t]\x179\x8e\xfb\x0a\x80y\xc30\xbek\
\x9a\xa6{\xf59>->5\x01\xadVK0\x0cc\
3\xcd\xd1\xdf\x8c\xe3\xf8u\xd34\xf9\xdd\xdd]DQ\
\x84\xc5\xc5E\xac\xaf\xaf\x83\xe7?\xbc\x85\xe7y\xf8\xe0\
\x83\x0f \x08\x024MC\xa1P\x00!\x04\xe3\xf1\x18\
\x00 \x8a\x22#\xa1Z\xad\xc2\xb6m\xf4\xfb}X\x96\
\x85r\xb9\xcc\x09\x82p\x0f\xc0\xaaa\x18\xdf6M\xd3\
\xb9\xf08\x9f\x1a\x9f\x8a\x804\xcf\x7f\x19\xc0\xef&I\
\xf2\xd5\xd1h$?z\xf4\x08\xfd~\x1f\x1c\xc7\xa1X\
,\xe2\xd6\xad[\x10E\xf1\xeaO1\x1a\x8d0\x99L\
P(\x14 I\x12\x04A\x80eY\xf0<\x0f\x1c\xc7\
1\x12x\x9eG\xbd^G\x10\x04\x18\x0e\x87\xe8\xf5z\
\xe0y\x9e\xe4\xf3\xf9\xdb\x1c\xc7\xad\x1b\x86\xf1\xbfM\xd3\
\x9c^\xbd\xfe\x8b\xe2\x85\x09h\xb5ZK\x00~;\x08\
\x82\xafw\xbb]\xfd\xe9\xd3\xa7\xe4\xe0\xe0\x00Q\x14a\
~~\x1eKKK\x98\xcdf \x84\xa0X,^R\
{\x8e\xe3@)\xc5d2A\x14E\xe0y\x1eA\x10\
@\x96e\x84a\x08\xcf\xf3 \x8a\x22K\x19\x8e\xe3P\
\xa9T I\x12F\xa3\x11\xfa\xfd>&\x93\x09\xd1u\
}S\x14\xc5\xad4\x12\xac\x0b\x8f\xf7\xc2\xf8\xc4\x04\xb4\
Z-b\x18\xc6v\x1c\xc7\x7fpvv\xf6c\xef\xbf\
\xff>\xdf\xef\xf7\x11\x86!4M\xc3\x17\xbe\xf0\x054\
\x9bM(\x8a\x02\xdb\xb6a\xdb6DQ\xbcT\xf2\x08\
!\xc8\xe5rp]\x17\x93\xc9\x04\x94R\x14\x0a\x05p\
\x1c\x07I\x92\x90$\x09\x14E\x01\xc7q\xec\xbe\x19\x91\
\xf5z\x1d\xbe\xefc4\x1a\xa1\xd7\xeb\x11UU\xd7\x14\
E\xf9r\x1a\x09\x83\x0b\x8f\xfaB\xf8D}@\xab\xd5\
\x22\x00\xeey\x9e\xf7\x87\xbb\xbb\xbb\x1b\xa3\xd1\x08<\xcf\
\xa3\xd1h\xb0E_\xdci\xdf\xf7\xf1\xf4\xe9SDQ\
\x84\xe5\xe5e\xa8\xaa\x0aB\x08dYF\xa1P@\xbf\
\xdf\xc7\x93'O\xe0y\x1e666 I\xd2\xa5\xfb\
]D\x14E@Z*)\xa58<<\x84i\x9a\xe0\
8\x0e\x1b\x1b\x1b\xa8V\xab\xa7\x1c\xc7\xfdK\x00\xff\x0b\
\x80\xfb\xa2^\xe2\x13E\xc0\xd2\xd2\xd2\xe2p8\xfc\xc6\
{\xef\xbd\xf7\xdat:E\xb9\x5c\xc6\xf6\xf66\xea\xf5\
:\xdbeJ)\xab\xed\xa5R\x09\xd5j\x15\xbd^\x0f\
\x8e\xe3\xa0\x5c.\x83\xe38F\x00\xc7q\x08\x82\x00\xc5\
b\x91\x09!\x00\xe4\xf3y(\x8a\x82 \x08\x80\xb4j\
L&\x138\x8e\x03A\x10\xc0\xf3<4MC.\x97\
c)\xe18N\xb1X,\xfe\xac(\x8a?\x08\xe0\xd0\
0\x8c\xe3\x17\xe9\x17>\x96\x80V\xab\xc5\x1d\x1c\x1c\xfc\
\xbai\x9a\xff \x8ec\xac\xae\xaebmm\x8d\x95-\
\x9e\xe7Q\xab\xd5 \xcb2\xcb}UU\xa1\xaa*\x8a\
\xc5\x22r\xb9\x1c\x13\xb68\x8e\x91\xcb\xe5\xa0(\x0a,\
\xcb\xc2l6\xbb\x94\xf3\xf9|\x1e\xf9|\x1eQ\x14!\
\x8a\x22H\x92\x84F\xa3\x81\xe9t\x0a\xc7q\xc0\xf3<\
\x04A@\xb1XD\xa5R\x81m\xdb\x18\x8dF8;\
;\xe3\xe28\xbe\xa5i\xdaOq\x1c72\x0c\xe3\xdd\
OJ\xc2\xc7\x120\x18\x0cn\x0f\x87\xc3\xdf\x03 \xdc\
\xbe}\x1bsss i\xe3\x82t\x97\x04A\x80,\
\xcb\xe08\x0e\x9e\xe7!\x08\x02(\x8a\xc2v;\x0bc\
J)#!\xdbE\xdf\xf7\xd9o\xa3(B\xa1P\x80\
 \x08\xc8\x0c\x93\xa6i(\x97\xcb\x08\xc3\x10\xe3\xf1\x18\
q\x1cC\x92$\xc8\xb2\x8c\xb9\xb99\xe4\xf3yX\x96\
\x85~\xbf\x8f\xf1x\xac\xe4\xf3\xf9\xbf'I\xd2\xc9\xea\
\xea\xea}\xd34?6\x1d>\x8e\x80\x9bQ\x14}\x8b\
R:\xbf\xb1\xb1AJ\xa5\x12\xc6\xe318\x8e\x83 \
\x08\x8c\x84L\xc9s\xb9\x1c8\x8e\xc3l6\x83\xef\xfb\
l\xb7)\xa5\x8c\x84(\x8a\x90$\x09\xc20D\x92$\
\xf0}\x9f\x89 \xa5\x14\x84\x10\xe4\xf3yx\x9e\xc7:\
\xc5\xacCTU\x15\x83\xc1\x00q\x1c3\xd2\x8a\xc5\x22\
\xe6\xe6\xe6\x90$\x09&\x93\x09\xce\xce\xcex\xdb\xb6\x7f\
|6\x9b\xf5,\xcb:\xa4\x94\xce\x00<\x97\x88\xeb\x08\
\xd0\x01|\x97R\xba^\xaf\xd7\xc9\xca\xca\x0a\x00\xc0u\
]\xf8\xbe\x7f)t)\xa5\x98\xcdf\x90$\xe9\x12\x09\
Y$\xe4r9V\xea\xe28\x86m\xdb\x08\xc3\x10\xb2\
,C\x14E\xb6\x18\x00\x08\xc3\x10a\x18\x22\x08\x02\x04\
A\x00\xd7u\x11\x86!\x90\x0aav\xef\x8b\x0d\x16\xcf\
\xf3(\x97\xcb(\x95J\x98N\xa7\x98L&\xdcd2\
\xf9\xfbI\x92|\x1d\xc0C\x00\xef\xb3/_\xc1s\x09\
\x10EQ \x84\xfc+J\xa9\xe6\xfb>27'I\
\x12<\xcf\xbb\x14\xba\x00\x90$\x09\x5c\xd7\x85,\xcb,\
\x84\xe38f\xa1,I\x12\xe28\x86\xe7yx\xfa\xf4\
)F\xa3\x11t]\xbft\x8d\x0cY\xb4\x1c\x1f\x1f\xe3\
\xe4\xe4\x84i\xc8l6cb\x98A\x96eh\x9a\xc6\
\xa2\xb0^\xafg\xe2I\x00\x08\xa2(\xbe\x99$\xc9\xdb\
\x17.\x7f\x09\xcf%\xe0+_\xf9\x0a\xb5,\xeb\x9f\x87\
aX\x13E\x91\x85^\xadV\x03\xcf\xf3\xf0}\xff\x12\
\x09\x8e\xe3`<\x1e\xb3\xd0\xcd\x04+[\xb4\xe38\xf0\
}\x1f\x84\x10PJaY\x16\x82 \x80\xaa\xaa\x97\x08\
\xc8*IV6\xc7\xe31\xa6\xd3)t]\xbf\xb4\xf0\
\x0c\x99\xd6\xf0<\x8f~\xbf\x8f\x8b\x1d)!\x04kk\
k\x7fq\xe7\xce\x9d\xb7M\xd3\xbc\xfaS\x00\xc0e\xea\
/#G)]\xe4y\x1e\xaf\xbd\xf6\x1a\x8a\xc5\x22\x8e\
\x8e\x8e\xb0\xb3\xb3\x03A\x10P(\x14\x90$\x09l\xdb\
\x06\xa5\x9450\x96e\xc1u]\xa8\xaa\x8aj\xb5\x0a\
Y\x96\x01\x00\xd3\xe9\x14\xa3\xd1\x08I\x92\xa0Z\xad\xa2\
T*a2\x99\xb0~\x00i\x14\x8d\xc7c\xb8\xae\xcb\
\xae\xd9h4\x10\xc71\x0e\x0f\x0f\x91$\x1f\x1d\x09\xb8\
\xae\x0b\xdb\xb6\xf1\xe8\xd1#\xdc\xbf\x7f\x1f\xb6m\xa3\x5c\
.c~~\x1e\x1c\xc7\xa1P(\xfc\x18\x80\xf3\x5c}\
\x06\x9eK\x80\xe7yKI\x92\xe43\x81\xda\xda\xda\x82\
\xaa\xaa8==\xc5\x83\x07\x0f\x98\xab\xcb\x16(\x08\x02\
t]\x87\xef\xfb899A\xaf\xd7\x03!\x04\xe5r\
\x99iE\x10\x04\x18\x8dF\xa0\x94bqq\x11\x8dF\
\x03\xbe\xef\xe3\xf0\xf0\x10q|^\xb52\x8d\xb0m\x1b\
I\x92\xb0\xdc\xb6m\x1bGGG\x97H\xa0\x94b4\
\x1a\xe1\x8d7\xde\xc0\xce\xce\x0er\xb9\x1c\xb6\xb7\xb7\xb1\
\xbd\xbd\xcd\xa2J\x92\xa4\xd7\x00\x9c?\xe43\xf0\xd1\x98\
J\xb1\xbc\xbc\xfc#\xbd^\xefk\xd9\x8e9\x8e\x83\x85\
\x85\x05\xd6\x9ct\xbb]\x04A\x00M\xd3X\x8e\x92\xd4\
\xd9M\xa7S\xd8\xb6\x0dM\xd3\x90\xcf\xe7A)e\x0f\
\x1e\x04\x01<\xcf\x03Ig\x03\xf9|\x1e\xc5b\x91u\
\x93\xb2,#\x8a\x22\x96b\x19\xb1\xb3\xd9\x0c\x96e\xc1\
q\x1ch\x9a\x86$I\xd0\xe9t\xf0\xe4\xc9\x13\xc4q\
\x8c\xa5\xa5%lll\xb0\xc6\xea\xf0\xf0\x10a\x18b\
qqQ\xe6y\xfe\xf7M\xd3\xb4\xaf\xae\x11\x1fC\xc0\
\xcf\xf4z\xbd\xaf\xc6q\xccv*3<\x19!\xe3\xf1\
\x18ggg\x98N\xa7L\xe9\x8b\xc5\x22\x1c\xc7\x81\xe7\
y\x98L&\x97\xfa\x80\xcc\xfde$dU\x22\xeb\xf5\
\x93$A\x92$LW\xb2\xef\xe5r96D\xf1<\
\x0fq\x1ccoo\x0f\xfd~\x1f\x85B\x01\x1b\x1b\x1b\
h4\x1aL#\xb2\x94\x11E\x11\x0b\x0b\x0b\x02\xc7q\
\xdf4M\xf3\xe8\xca\x12\x81\xeb\x08XYY\xf9\x85n\
\xb7\xfb\xc58\x8e\xd1l6!\x8a\x22S\xffB\xa1\x80\
\x1b7n\xa0\x5c.\xc3\xf3<\x8c\xc7c\x9c\x9e\x9e\x22\
\x08\x02T*\x15\x94\xcbe\xc4q\x0c\xcb\xb2`Y\x16\
J\xa5\x12\x13%A\x10\xd8n\x07A\x80\xd9l\x06J\
)j\xb5\x1a$I\xc2l6\x03\xd2\xd9@\xd6E\x8a\
\xa2\xc8Bz0\x18\xe0\xf4\xf4\x14\xd9s]\xdc\xf5\x0c\
Q\x14\xe1\xe0\xe0 \xeb\x11\x08!\xe4-\xd34\xff\x9a\
}\xe1\x02\x9eK\x80a\x18\xff\xa8\xdb\xed\xde\x0d\x82\x00\
\xcdf\x13\xb2,3\xfb\xeay\x1e$IB\xa1P@\
\xadV\x83\xaa\xaaL\xe42\xaf\x90\xf5\xff\x1c\xc7}D\
\xe93]\xc9\x88\xe0y\x1e<\xcf#\x9f\xcfC\x14E\
\xf8\xfe\xf9\xd4\x8b\xe38\xf0<\x0f\xd7u\xf1\xe4\xc9\x13\
\x98\xa6\x89 \x08P\xab\xd5\xb0\xbe\xbe\x8eR\xa9\x84 \
\x08X[\x9e!\x8a\x22\x1c\x1e\x1eB\xd7uT\xabU\
\x00x\xdf0\x8c\xbf|V%x\xa6\x08\xb6Z-\xc2\
q\x1c\xc7\xa7\xc3\xcb\xacC\xcb\xe5r(\x97\xcbP\xd2\
\xc1&\xd2&\xa4Z\xad\xe2\xde\xbd{\xa8\xd5j\x18\x0e\
\x87x\xf7\xddwa\xdb6j\xb5\x1an\xdc\xb8\xc1\xbe\
\xeb\xfb>\xf6\xf7\xf7\x99\x06\x08\x82\x00UU\x91\xcf\xe7\
\xe1\xba.\x1c\xc7\x81(\x8a\xa8T*\x90e\x19q\x1c\
\xa3\xd3\xe9\xe0\x9dw\xdeA\xaf\xd7\x83\xae\xebx\xfd\xf5\
\xd7\xb1\xbe\xbe\x0eQ\x14\x99\x9f\xc8J'Ra\xa4\x94\
\x82K\xdb\xf2\xf4\xdf*\xcfs\xbe\xcf$ \xb5\x94\xd3\
\x8b\xacRJ\x11\x04\x01x\x9eg5\xd9\xf7}V\xb2\
\x04A\xc0\xed\xdb\xb7q\xf3\xe6M\x04A\x80\xf7\xde{\
\x0f\xa7\xa7\xa7\x97v&\x08\x02L&\x13\x98\xa6\xc9B\
\xfd\x22&\x93\x09\xa6\xd3)\xf3\x16\xbb\xbb\xbb888\
\x80\xa2(\xb8s\xe7\x0e\xb6\xb7\xb7\xa1\xaa*k{)\
\xa5\xd04\x8dE\x17\xa5\x14\xb6m\xc3q\x1c\xc8\xb2\x0c\
\xd7u\xb3\xea\x22<o\xad\xd7\xa5\xc0\x0f\x8cF\xa3\x1f\
v]\x17\xcdf\x13\x94R\x0c\x87C\xd6\xbb\xf3<\x0f\
\xc7qX\x83\x93\x85\xb1\xa6iPU\x15\xc3\xe1\x905\
$\xd9< \x0b\xd5\xc9d\x82\xc9d\x8285F\x17\
\xd3\xc3q\x1c\xec\xec\xec\xe0\x9dw\xde\xc1t:\xc5\xfc\
\xfc<677Q(\x14\x804\xbc\xa3(b\x8b\xcf\
\xca0\xa5\x14\xd3\xe9\x14\xae\xeb2\xa1\x9dN\xa7\x98\x9b\
\x9b\x83(\x8a\xff\x0f\xc0\x9f?\xcb\x1c=\x93\x95\x14\xc7\
Y\xe8\x22\xad\xf3\xf9|\x1eI\x92\xb0\x10\xce\xca\x5c\x1c\
\xc7,\xff\x01\xb0yA\xa1P\x80i\x9a\xd8\xdd\xddE\
\x18\x86 \x84\xa0^\xafcyy\x19\x82 \xa0\xdf\xef\
\xe3\xe8\xe8\x5c\x9c\xe38\xc6p8\xc4\xfd\xfb\xf7a\x9a\
&x\x9e\xc7\xe6\xe6&\xd6\xd7\xd7\x19i\xfb\xfb\xfb\xd8\
\xdb\xdb\xc3\xf1\xf11TUe\xed\xf5d2A\x90\xfa\
\x86\xaclj\x9a\x06\xa4\xde\x02\xc0\xe4y\x86\xe8\xba\x08\
X\x1b\x0e\x87?\xeb8\x0e\x9a\xcd&x\x9eG\x1c\xc7\
\x10E\x91\xd9\xdclW\xe5\xd4\xe8\xf8\xbe\xcf\xf4A\x92\
$\xd4j5\xb8\xae\x8bn\xb7\x8b\xd1h\xc4J\xe5E\
-)\x16\x8bp]\x17\x8f\x1f?F\xa7\xd3\x01\xa5\x94\
\xd5tUU\x11\xc71\x9e<y\x82~\xbf\x8f \xed\
\xf7\xab\xd5*\xf2\xf9<\x1c\xc7A\xa7\xd3\xc1`0\xb8\
T\x86\x05A`\xa2<??O\x15E\xf9\xa3v\xbb\
\xfd\x7f\xaf\xae\x11\x1f\x13\x01.!\x84\xd2\xd4\xc3SJ\
q||\x8c\xfd\xfd}\x04\xe9\xc4FQ\x14\xa6\xdc\xa5\
R\x09\xc5b\x91\x09\x1e\xd2R\xb6\xb9\xb9\x89\x95\x95\x15\
x\x9e\x87\x87\x0f\x1f\xe2\xd1\xa3G\xcc\xd7\x87a\x88\xbd\
\xbd=<|\xf8\x10\x96ea~~\x1ew\xee\xdc\xc1\
\xd2\xd2\x12\xc4t\xa2L\xd2\xe6h~~\x1e\xeb\xeb\xeb\
0\x0c\x03\xaa\xaa\x22\x0cC\xf6,\xb5Z\x8d\xedz\xf6\
\xbbL\xb8\xd3\xe7y\xcc\x1e\xea\x0a\xae# \x14E\x91\
^T\xd5Z\xad\xc6\x94\xd9u](\x8a\xc2\xc6_\x85\
B\xe1#\xe5\x0ei\x95XYY\xc1\xdd\xbbwQ.\
\x971\x1c\x0e\xf1\xe0\xc1\x03\xbc\xfd\xf6\xdb\xf8\xde\xf7\xbe\
\x07\xc7qP\xab\xd5\xb0\xb1\xb1\x81J\xa5\xc2|\xc1\xc5\
\xdf/--\xb1A\xccx<\xc6p8\x04M\x07\xaa\
\x8b\x8b\x8bXXX\x00\x976\x5c\xa9\xea#\x0c\xc3\xec\
\xcf\x11\x80\xbdK\x17\xbd\x80\xeb\x08H.\xee&\x004\
\x1a\x0d,..\x22\x8ecL\xa7S\x9c\x9c\x9c\xc0\xb2\
,V\xbaJ\xa5\xd2\xa5\xef'I\xc2\xa2EUUl\
mm\xe1\xf5\xd7_\x87\x94N\x80\x0d\xc3\xc0\xbd{\xf7\
\x98\xe1!\xe98\x8d\x10\x82(\x8a0\x18\x0c0\x1a\x8d\
\x00\x00\xb6m\xb3\xc8\xc9\xe5r\x90$\x09KKK\xd0\
4\x0d\xae\xebb8\x1c\xb2\x93$\xa4bI\x08\x01\xc7\
q]\x00\x07\x97\x1e\xec\x02\xae#\x80\xca\xb2Liz\
\x9cERc\xb3\xb6\xb6\x86\x8d\x8d\x0d\xd4j5(\x8a\
\x82\xe3\xe3c\xec\xec\xec\xa0\xdb\xed\xc2q\xce\x0fk\xb2\
\xf0\x1c\x8dF\x18\x0e\x87\x18\x8dF\x08\x82\x80\x09\xa7\xaa\
\xaa\xe0\xd3\xa9r\xd6]J\xe9\x91\x98$I\xb0,\x0b\
\x8f\x1f?\xc6\xd1\xd1\x11\x86\xc3!\xa2(b\xb3\x80r\
\xb9\xcc\xce\x1b8\x8e\x83m\xdb\x98N\xa7\x88\xd3\xc9Q\
\x96\x02a\x18f\xd1\xf8V\xbb\xdd~\xee)\xd2u\x04\
D\xb2,'H\x8f\xb4<\xcf\x83eYL\xdcHj\
~\xb2|<::\xc2`p>\x9e\x8f\xa2(\x1bO\
\xb1\xfea4\x1a\xb1\xda\xaf\xa4c\xb2 \x08\xd8\x8e\x96\
J%\x10B\xd0\xe9t\xb0\xbf\xbf\x8f(\x8a077\
\x87\x95\x95\x15\x88\xa2\x88j\xb5\xca\x08J\x92\x84\x85z\
\xa1P\x80\xa6i\xect\x99K-\xb9m\xdb\xe0\xce\x0f\
b\xbeyqQWq\x1d\x01\x16\xc7q\x14i\x07\xc7\
q\x1c\x8e\x8f\x8f\xe1\xa4#j\xd7u\x91$\x09\xa2(\
B\xa9T\x82(\x8a\xa8\xd5j\xa8\xd7\xeb\xd04\x0dK\
KKH\x92\x84\x19\x96Bz\x14\x86\xd4\x14\xd1\xd4!\
f\xad4I\x07%\xf9|\x1e\x95J\x05\x8dF\x03\xba\
\xaeCHg\x8fb\xea8'\x93\x09vwwYj\
d\x9e\x81\xe7y\x10B0\x9dN\xd1\xe9t\xe0y\x1e\
x\x9e\xf7x\x9eo_^\xd6e\x5cG\xc0\x80\xe7\xf9\
\x98\xa4\xa6%kt\x8e\x8e\x8eptt\x04Y\x961\
\x1c\x0e\xb1\xb3\xb3\x03\xcb\xb2\xa0\xeb:\x92$\x81\x90\x9e\
\xf5/,,`ee\x05\xe5r\x99Y\xdel.\x90\
E@\x1c\xc7\xac\x9c\xba\xae\x8b\xc1`\x00.\x1d\xb8F\
Q\x84 \x08X4\xd9\xb6\x0d\xd7u\xd1\xe9tX:\
\xc5q\x8c \x08X4DQ\x84N\xa7\x83\xd9l\x86\
\xe4\xfc\xc4\xf9/\x14E9\xbb\xb2\xaeK\xb8\xae\x0f\xe0\
\x93$\xf9\xfa\xc9\xc9\x89\x92U\x80\xfd\xfd}\x0c\x87C\
\xe4\xd2\xb16!\x04\xa3\xd1\x08\x96e!\x97\xcb!\x8a\
\x226\x0d\x22\x84\xb0h\xc9LO\x860\x0cYo_\
,\x16\x81\xb4\xdcQJ\xc1\xf3<dY\x86$I\xb0\
m\x1b\xc7\xc7\xc7\x18\x8dF\xf0<\x0f\xd5j\x15Bz\
.\x90\xa43\xc8\xd9l\xc6\x8c\x9a\xef\xfb8::\xca\
\xe6\x90\x1e\xcf\xf3\xffxgg\xe7\xf4\xc2\xb2>\x82\xeb\
\x22\xc0\x1f\x8f\xc7Q\x18\x86\xac\xdf\xaf\xd7\xeb \xe9\xb0\
\xe1\xe9\xd3\xa7\x08\x82\x00\xcb\xcb\xcb\xe08\x0e\x07\x07\x07\
\xf0}\x1f\xbd^\x0f{{{L\xf8f\xb3\xd9G\xfa\
\xfeL\xa8.~.\x8a\x22t]G\xa9T\x82\x97\xbe\
2\x93ED\xb5Ze\x96\xbc^\xaf\xb3\x05\xcb\xb2\xcc\
\xd2/\x0cC<}\xfa\x14\xb3\xf3\xe9\xf4XQ\x94\x9f\
\xb3m\xfbo.\xdc\xf6\x99\xb8\x8e\x80P\x14\xc5CB\
\x08|\xdf\x87m\xdb\x08\x82\x00\x0b\x0b\x0bPU\x95\x85\
#\xc7qX\x5c\x5cD\xa1P@>\x9f\x87$Ip\
]\x17A\x100\x9f~\xd5\xb1\x09\x82\x00\x8e\xe3\xe0\xba\
\xcf~\xcf!\xeb8o\xdc\xb8\x81\x85\x85\x05\x08\xe98\
\x1ci\xa4\xa8\xe9\xc9\x93$I\xacj<x\xf0\x00\x83\
\xc1\x00\xe5r\xf9\xaf\x9a\xcd\xe6]\xc7q\xfe\xec\xeau\
\x9f\x85\xebR\x80*\x8a2\xc7\xf3\xfc\x0f\x8f\xc7c\xe2\
8\x0eJ\xa5\x12\xa2(\x82\xa2(\x98\x9f\x9f\x87\x96\xbe\
\xf62\x9b\xcd0??\x0f9\x1d\x89\x87\x17f\xfe\xd9\
\x94\xe7j\x1a\x9c\x9c\x9c\x80\x10\x82\xf9\xf9\xf9K\x9f#\
=\x22+\x97\xcb\x97\xca\x9f\xae\xebL+\xfa\xfd>N\
OO1\x18\x0c@)\xc5\xce\xce\x0e\x82 \xa0\xba\xae\
\xff\xf1\xdc\xdc\xdcO\xef\xed\xed\xf5/]\xf0\x1a<\x97\
\x00\xd34\xe9\xea\xea\xea\x89\xaa\xaa\xff\xd0\xf3\xbc\xe2h\
4\x02!\x04\xa5R\x09azxQ,\x16\xc1\xa5\xbe\
\x9b\xa4J\x1d\x86!DQ\x84$I\xa8T*\xa8\xd5\
j\xa0i[\x9a\x81R\x8an\xb7\x0bJ)\x1a\x8d\xc6\
G\xbaG\xa4\x8d\xcf,=;,\x97\xcbl\x06xv\
v\x96)<\xa2(\xc2\xf1\xf11DQ\x0cj\xb5\xda\
\xbfm6\x9b\xff\xfa\xe1\xc3\x87/\xf4\x0e\xd1G\xef|\
\x19{\x1c\xc7\xfd\xda\xda\xdaZ\xa0i\x1az\xbd\x1e\x06\
\x83\x01kD\xe2\x0b\xe7t\xd9\xdf\xf7\xf7\xf7\xf1\xf8\xf1\
c64\x15E\x11\xf9|\xfe\xeau\x99\xfa?\x0b\x9e\
\xe7e\xb9\x8cR\xa9\x04\x9e\xe7\x91\x9d\x12k\x9a\x86F\
\xa3\x01\xc7q0\x99LP.\x97\xc7\xcb\xcb\xcb_\xdb\
\xd8\xd8\xf8\xcd\xfb\xf7\xef\x9f\x0f\x1f_\x00\xcf\x8d\x00\xa4\
Q`\x18\xc6#\x8e\xe3N\xab\xd5\xea\x8fN\xa7Sq\
0\x18\xc0\xf7}4\x1a\x0d\xe6\xe5\x15E\x81\x94\x9e\x18\
e~=k]\xe7\xe7\xe7Y\xd3\x93\x81R\x8a\xb3\xb3\
\xf3\xea\xf4\xac\x08\xe0y\x1eb\xea:\xb3v<\x97\xcb\
\xa1P(\xc0q\x1c\x98\xa6\x89(\x8a\xd0l6?h\
6\x9b?Y\xab\xd5\xde|\xd1\xf7\x022\x5cK\x00\xce\
IH\x0c\xc3x\x87\xe7\xf9oW*\x95\xbf\x1b\x04\xc1\
\xdc`0 \xfd~\x1f\xf9\xf4<\x9f\xa4]!M\x0f\
A\xb32\xe6\xba.\xf6\xf7\xf7ARG\x97!K\x81\
8\x9d8_%\x80\xa4\xe3\xb2\x8b\x11bY\x16\xf6\xf6\
\xf60\x18\x0c\xa0(J\xb2\xba\xba\xfa\x8dF\xa3\xf1s\
o\xbd\xf5\xd6\xe3g\xcd\xfa>)>\x96\x00\xa4\x91`\
\x9a\xe6\xfe\xad[\xb7\xfe\xb4R\xa9\xc4\xa2(\xfe\x9d\xe1\
p(v\xbb]\xf8\xbe\xcf\x9a\x9cL\x95\xe3\xf4\x90#\
\x9f\xcf\xb3V\xf5\xe2\x22/\x12\x909\xb9,Jh\xea\
<\xa3(\xc2p8\x84$I\xe8v\xbbx\xff\xfd\xf7\
\x11\x9c\x0fh\x9d\xd5\xd5\xd5_\xadT*\xff\xe1\xcd7\
\xdf<\x7f\xbd\xec%\xf0\x89\x08\xc8`\x9a\xe6tuu\
\xf5\xdb\x9a\xa6\xb55M\xbb\xeby\xde\xc2p8$\xbd\
^\x0f\xaa\xaabii\x09<\xcf\x83KGfQj\
O\xa3(b\x9fe\xd1\x92iD\xb3\xd9dB\x9a\x8d\
\xc9\xa2(\xc2\x93'O\x98\xf5M\x85\x0e\xeb\xeb\xeb\x9d\
\x1b7n\xfc\x8c,\xcb\xdfj\xb7\xdb\x1f\xe6\xd4K\xe0\
\x85\x08\xc09\x09\xb1i\x9a\xfb\x9b\x9b\x9b\xdf\xacV\xab\
3\x9e\xe7\x7fp8\x1c\x8a\xbd^\x0f\xb5Z\x0d\x95J\
\x05A\x100m\xc8,\xf1l6c\x9a\x91\x11\x10\x86\
!\x16\x16\x16\xa8\xeb\xba\xc4q\x1c\x90\xd4-Z\x96\x85\
^\xaf\xc7\x9a\xa8R\xa9\x84\xdb\xb7o\xbfU*\x95\xbe\
F\x08\xb9\xff*\xdf\x1b~a\x022\x98\xa6\xe9\xdd\xba\
u\xeb\xff\xe8\xba\xfe\x1d\x9e\xe7\x7ft4\x1a\xe9\x87\x87\
\x87\xac\x19J\x92\x04\x5c\xfa^P\x96\x1a\xd2\x87\xf3\xfb\
\xe4\xec\xec\x0ca\x18\x92|>O\xb2j\xa1\xeb:l\
\xdbff&\x97\xcbamm\x8d\x1a\x86\xf1?%I\
\xfag\xedv\xfb\xf1\xb3\x06\x9b/\x83OM\x00>\x14\
\xc8N\xb1X\xfc\x96(\x8a?0\x99L\x96\x8e\x8f\x8f\
\x11\x5c8\xf6&\xe9X*ss)\xc8\xd9\xd9\x19\x09\
\xc3\x90\xcd\x15$I\xc2\xfe\xfe>L\xd3D\x92$\xb8\
y\xf3&\xd6\xd6\xd6\x12UU\xff\x9c\x10\xf2/\xda\xed\
\xf63\x8f\xb6^\x16/E\x00\xceI@\xa7\xd3\x19m\
mm\xfdI\xa1P\xe0=\xcf\xfbR\xb7\xdb\xe5\x87\xc3\
!\xc4\xf4\x0d\xb2\xab*\x0f\x00i\x04\xc00\x0c\x8c\xc7\
c\xec\xec\xec\xb0\x03\xd5\xf5\xf5u\xd4\xebu\xca\xf3\xfc\
\x9f\x01\xf8\xe5v\xbb}r\xf5\xf7\xaf\x0a/M@\x86\
\xfd\xfd}okk\xeb\x0dM\xd3\xbe\xc3\xf3\xfcW-\
\xcb\xd2{\xbd\x1e,\xcbB\xa1P\xb8\x14\x01I\x92\xe0\
\xe4\xe4\x84\x8d\xd6\x8e\x8f\x8f\xc1\xf3<666`\x18\
\x06r\xb9\x5cD\x08\xf9o\x00~\xa5\xddn_kg\
_\x16\xaf\x8c\x00\xa4)qtt\xf4t{{\xfb\x8f\
t]\xd7}\xdf\xdf\x1e\x8f\xc7\xfc\xe9\xe9\xe9\xa5\x01\x06\
\xc7q899\x81\x97\xbe9\xa2\xeb:\xb6\xb6\xb6\xa0\
\xeb:8\x8e\x1b\x01\xf8\x0d\x00\xbf\xd1n\xb7\x87W\xef\
\xf1\xaa\xf1\xec^\xf4\x15\xa0\xd5j\xc9\xbe\xef\x7f\xd9u\
\xdd\xfftvvvo0\x18p\x99\xcb+\x16\x8b\xcc\
]6\x9bM\xdc\xbcy\x13\x82 \xf8\x00\xda\x00\xfe#\
\x80\xef\xb6\xdb\xed\xf37\xa3>c|f\x04dh\xb5\
Z\x95$I~\xd1\xf7\xfd_\x1d\x0c\x06\x0b\xa7\xa7\xa7\
\x5c6N\x13E\x11_\xfa\xd2\x97lQ\x14\xdf\x00\xf0\
{\x00\xbe\xd3n\xb7_\xea\xe5\xe7\x17\xc5gN\x00\xd2\
\xff[\x00\xc0\x00\xf0\x13q\x1c\x7f\xd9\xf3\xbc\xe6d2\
!<\xcf\xffu\xbd^\xff/\x1c\xc7}\xd0n\xb7/\
\x1f\x08|N\xf8\x5c\x08\xc8\x90\xfeg*!\xd5\x9e\x18\
@\xf4*\x9b\x9a\xef\xe3\xfb\xf8>\xbe\x8f\x17\xc5\xff\x07\
\xb8J\x16\xc3\x88eyl\x00\x00\x00\x00IEND\
\xaeB`\x82\
\x00\x00\x0d\xdd\
\x89\
PNG\x0d\x0a\x1a\x0a\x00\x00\x00\x0dIHDR\x00\
\x00\x00@\x00\x00\x00@\x08\x06\x00\x00\x00\xaaiq\xde\
\x00\x00\x00\x01sRGB\x00\xae\xce\x1c\xe9\x00\x00\x00\
\x04gAMA\x00\x00\xb1\x8f\x0b\xfca\x05\x00\x00\x00\
\x09pHYs\x00\x00\x0e\xc3\x00\x00\x0e\xc3\x01\xc7o\
\xa8d\x00\x00\x00\x18tEXtSoftwa\
re\x00Paint.NET 5.1\
.7\x8b\xd6\xf79\x00\x00\x00\xb6eXIfII\
*\x00\x08\x00\x00\x00\x05\x00\x1a\x01\x05\x00\x01\x00\x00\x00\
J\x00\x00\x00\x1b\x01\x05\x00\x01\x00\x00\x00R\x00\x00\x00\
(\x01\x03\x00\x01\x00\x00\x00\x02\x00\x00\x001\x01\x02\x00\
\x10\x00\x00\x00Z\x00\x00\x00i\x87\x04\x00\x01\x00\x00\x00\
j\x00\x00\x00\x00\x00\x00\x00`\x00\x00\x00\x01\x00\x00\x00\
`\x00\x00\x00\x01\x00\x00\x00Paint.NE\
T 5.1.7\x00\x03\x00\x00\x90\x07\x00\x04\x00\
\x00\x000230\x01\xa0\x03\x00\x01\x00\x00\x00\x01\x00\
\x00\x00\x05\xa0\x04\x00\x01\x00\x00\x00\x94\x00\x00\x00\x00\x00\
\x00\x00\x02\x00\x01\x00\x02\x00\x04\x00\x00\x00R98\x00\
\x02\x00\x07\x00\x04\x00\x00\x000100\x00\x00\x00\x00\
%G\x9e\x8d\xa34\xb5\xc5\x00\x00\x0c\x8cIDAT\
x^\xed\x9a{pT\xd5\x1d\xc7?\xe7\xde}?\xf2\
\x0e$!\x84D^!\xe1U\x22\x10\x22\x14\x18|\xa0\
EGZed\xeac\xa6\xda\xea\xd4\xa9\x83\xdaq\xfa\
\x98\xda\xb1\xad\xa33\xb6\xa3\xad#}X\xdb\x0e\xb5\xd6\
\xaat:m\x9c\xa9\x0fP\x81 \xaf\x82\x10P\x1e\x91\
g\x02\x04H\x02\xc9n6\xd9\xec\xbd\xa7\x7f\x9c\x1b\xb3\
\xb9Y\xc8\xdd\x10\xa6\xad\xcdgfgw\xef=\xe7d\
\xcf\xf7\xfc\xce\xef\xf7;\xbf\x1b\x18a\x84\x11F\x18a\
\x84\x11\xfe_\xd1\xed\x17\xfe\x83\xf8\x80< a\xbd>\
\xf7\x08`4\xb0@\xf3\xb1Z\xf3s@\xf3\xd2\xe2\xc9\
g\xf7\x94\x9fR\xb3L\xe2\xb5w\xf8<\xe0\x02J\x81\
\x15\xc0\x1b\x08N\xa2\x13\xd3\xbc\xf4\xf8\xc7\x91\x08U`\
\x0a72\x5cI\xbcj-\xaf^\xd7\xcc\x84e\x12\xcd\
>\xc8\xff\x22:p3\xf06\xd0\x8c \x22\x5c\x9c\x0f\
N\xe4\xec\xd4\x17\x88-\xdc\x8b\xbc\xa1\x0d\xb94\x82,\
[\x85\x14\x1e\xa4;\x07\x99w=m\x85\xb7\xb1*\xb3\
\x8a\x80}\xc0\xe1B\xd8/\x0c3a`\x16\x82\xc7\x80\
\x05B'\x11\x9c\xc4\xc9\x92\xfb\xf0\xe4/\xa58P\x82\
O\x0f\xf6\xff\x0d\xd2\x84S\xaf\xc3\xd1\xd5\xd0\xfe\x11$\
\xa2HW\x90\x03F\x94oK\x83\xb7\x86\xdb?\x5c)\
\x01\x84+\xccMF7O\xcb\x04\x135\x0f2{\x1e\
\xb1\xcagq\x87*\x08h\xee\xc1\xcd\xda\xec\x81\xc8'\
p\xf898S\x8b\xd1\xd3F\xa74x\x09\xc9\x0f\x80\
\x88\xbd\xfdP\x19v\x01*\x7fN\xfe\xe9\xbf\xf1\xf8\xf9\
m|\x03\x0dW\xf1\x9d\xc8\xd2\x07\xd1BS\x10b\xd0\
i\x0fD\x9a\xd0^\x0f\xbbV\x12\x8f\x1c@ Y\x8f\
\xe4\xdb\xc0^{\xdb\xa10lap\x99D\xd3\xbc\x5c\
w\xe2\x0f\xac\xeb\xa8g\xb1\xaf\x08\xbd\xea5\xc4\xb8\xfb\
\xd1\xbc\xa3\x11b\x88R\x0b\x01\xbe\x02(Z\x89\xdey\
\x84x\xe4\x13\xc6#Y\x09D\x81\x8f\x00\xd3\xde'\x1d\
\x86E\x80\xf9;p\x7f\xfa\x0c\x8f\x1e\xff-/u5\
\x11.\xfc\x0aT\xbd\x06\xe1\x0a\x18\xca\xaa\xa7B\xf7C\
\xc1\xad\xb8\x03\xe3\xe8iy\x0f\xc3\x8cs#0\x16x\
\xf7r\xfc\xc2\x10\xd7\xe53D\xc1r\xa6w5\xf1\xdb\
\x8e\x8f\xa9B &=\x0eW=2|\x13OE\xe7\
\x11\xe2[o\xa05\xda@\x16\xf02\x92G\x80\x0e{\
;'\x0cE\x80 `h^\x8a\xdd\xb9<f\xc6\xb8\
\xcb\xe8\xc2\x17\x9a\x04SWC\xf6<e\xb6W\x9ax\
\x0b\xe6\xd6\xeb\xe9\xbe\xb0\x0b\x8f\xd0\xd8,\x0d\xbe\x0e\x1c\
\xb42J\x97SA\xd2\xfd\xa9A\xa0\x16\x18\x8f K\
\xe8\x04\x03ehe\x0f\xc3\xd8{@\xbfb\xd1:5\
=\xe7a\xdf*\x8c\xa6W@\x1aD0\xd9m\xa5\xd3\
n\xe0:\xe0\x98\xbd\x8f\x9dt}@\x0e\xf0\x04P\x80\
\xc0\x1b\x9a\x8c\x98\xf5g(\xb8\x194\xb7\xbd\xe9\x95G\
sCp\x02Zg\x03\xa2\xf30^$\xa5\x80\x17\xd8\
\x04\xbc\x0et\xdb\xfb\xd8Iw\xa7\x96\x03\xa1\x8c\x99\xec\
)\xb8\x153\xd6\x08\xdbo\x86s\xef\xd9\x9b]Y\xa4\
\x84\xc8A\xd8}/l]\x0am\x1f\x222\xab\xc07\
\x86f\xc0\x0f\xb4\x01\x9d\xf6~\xa9HG\x00\x81\xe0\x16\
4\xc4\xb4\xd5\x94\xcez\x15\xad\xe2\x190\xe3\xb0\xe3\xcb\
p\xecE\x95\xbc8\xc4\x00\xa4\xfd\xa2\x13b'\xe0\xe0\
\x13\xb0y>\x9c|\x1d2gA\xd5Z\xa8\xf9\x00\xf1\
\xc5=\xe8\x9a\x973@\xa5\xe5\x07\x06%\x1d\x1f\xe0\x17\
n\xd6\xbb3\x99\xb1\xe8\x00~O\x8eZ\x89\x96\xf5\xb0\
\xf3\xab\x908\x0f\xb9\x8b\xa0\xf4[0j)\x88Ko\
\xae\x98\xb5R\x8e\x90\x12\xba\x9b\xa1\xe9e\x95\x22'\xce\
C\xa8\x02&\xffX9]\xddg\xb5K \xd7O\xe4\
d\xec(Q`\x0ep\xc1>\x96\x9dt, \x00\x8c\
\x0dL@\xebuvB@\xde\x12\xa8\xf9\x00\xf2\x97\xc2\
\x85\x9d\xb0\xf3\x0e\xd8r-\xb4n\x06i\xd8\x87\xf8\x0c\
G\x93\x97\x12\xa2\x9f\xc2\xa1\x1f\xc1\x87\x0b\xe1\xd0\x93*\
\x1f\xa8\xfc\x05T\xbf\x03y\x8b\xfb&\x0f \x5c\x08\xff\
X\xfc\x08\x5cN\x177\x1d\x01\xc2H\xc2Y\xb3\xd1\x93\
\xff(@h2T\xbd\x01\xf3\xde\x87\xc2\xdb\x94\x10\xdb\
\x97A\xfd7\xa1\xebd\xff\xb6NHD\xa1e\x03\xfc\
\xeb6\xd84[M\xdc\x15\x86\x8a\x9fB\xcdF(\xbe\
S\x09\x91\x0a\xdd\x8f_h\xce\x9d{:\x02\x94\x01\xee\
\xf0\xd4\xd4}4\x97\xca\xfcf\xbc\x04\xb3k!0\x01\
\x8e\xbf\x04\x1b\xbe\x00\x87\x9e\x02c\x10\x97$M\x885\
\xc1\xb1_\xc3\x96%\xca\xb9\xb6n\x82Q7\xc1\xdc\xb7\
\xa1\xfa](\xb9\x17<9\xf6\x9e6t\x5cB\xbf\x12\
\x02h\xcc\x10.D\xb8\xf2\xd2}\x84\x06\xb9\x0b\xd4\x0f\
\x9e\xf1;pe@\xc3\x93PW\x03m[\xed\xad\xad\
\xd5\xfe\x00\xf6|\x036_\x03\xfb\xbf\x07\xddg\xa0\xf8\
\x1eeQ3\xd7@\xde\x22pg\xd9{\xa6F\x084\
\x843\xf3'\x1d\x01\x84N\xb9\xe6C\xf3\x8c\xb2\xdfI\
\x8d;\x03\xc6\xde\x0d\xf3\xb7\xc1\x98\xbb\xd4^\xde~\xb3\
2\xe7D\xd4\xda\xdb?\x81\xbaj\x15\xcaN\xbd\x01\x81\
2\x98\xfa<\xcc\xdf\x02\x95\xcfBx\xca\x10Rj\x81\
@Kc^\xf6\x0b\x17\xc1\xa5\xf9y\xc7\x9b\xcf\xfc\x05\
;qyr\xed\xb7/\x8d4\xa1\xe5}\xf8\xe41u\
\xb4\xcd\x98\x01\xb1\xe3j[\xf8\x0a\xa1`9\x14\xdf\x0d\
\x81\xf1\xa0\x0fR\x094\xe3 \x13\x10kTcf\xcf\
\x83\x8ci}\xf7w,\xc7<\xf3O\xce\x99]L\x05\
\xce&\xf7M\x85S\xa5\xfc\x9a\x9b1\xbe1hz\xd0\
~\xcb\x01\x02\xb2\xabU\xa4\x90\x09\xe5$\x03e0\xed\
\x05\xe45\x1f\x22\xcb\x9fR\xfec\xb0\xc9'\xa2\xb0\xfb\
>\xb5\x9d6\xcdVNv\xc7rH$\x95G\x84\xca\
Hu\xa7Y\xae#\x01\xf4 \x014\xf2=\xf9h\xc2\
Qz\xd1\x1f!@\xf3C\xd9C\xe0\xc9\x87P9\xcc\
y\x13\x8a\xefBxr\xfaj\x05\x89\xa8\x8a\x1a\xed\xf5\
\xd0\xf8'e%\xc9$:\xe0\xec\xdb\xd0\xbe\x17\x8c.\
\xd0\xbc\xaa\xcd\xd1\x17T\xc8\x04\xf0\xe4\x22\xa5\x81{X\
\x05\xc8\x98AHh\xf8\xbdE\xca\xdb\x0f\x05\xd9\xa3\x0e\
/\xbeB\x15\xd2\xec\x07\xa7\x9e\xf3\xb0i\x0e\xac+\x83\
\x0d3\xe0\xa3;\xe1\xfd\xa9\xca\xd4{q\x85\xc0\x9d\xa9\
J 2\xa1\xc6\xd4\xbcp\xe2\xf7`DU\x1bw\x16\
R\x9ax\x80P_\xcf\x8b\xe3H\x80\xf0T\xc6 q\
{\xb2\xedw\x9c\xa3y\xc0?N}N\xb4\x0f\xac\xe3\
\x9c[\x07\x91\x8fA\xc6\xfb\x92d\xa3CM\xae\x17\xe1\
\xb2\xa2\x81\xa6\xb6\x954\xd5\xb8\xc2\xfa\x0e\x10\x9c\x84\x89\
\x89\x1bp\xe4\xae\x1d\x09\xe0+\xa2L\x1ah\xee\xc1b\
\xf0 \xe8^\xf0\x97*\x01\x8c\xae\xfe\xf7\xba\xcf\xf4\xff\
\xde\xcb\x91\xe7\xa0\xeb\xb4\xfa\xacy 8\xd1\x12\xcfP\
\xef\x89\x0e\x95+\xb8,\xdf\xe4/\xa57\xff\xb4\xe4\xbe\
4\xce\x04(&_\xe8\xca\x03_.\xde|e\xaeq\
\x9b\x7f\xee\xb5\x0e\xe8\x1f\x9bz\xda ~\xce\xba\xac\xa9\
\xf3\x86\xd0\x95/\x09\x8cW\x89W\xf9S}\xed=\xb9\
\x18V\x89,\xaf\xef\xea\xc5q$@\xe0*\x02\xe8\x10\
=d\xbf\x93>\xd95\xea\x8c\x10\xd9\xdf\xffz\xdeb\
\xf0\x15[_z\xcf\x89\x02\xf2\xae\x85\xe0\x84\xbev\x85\
+T\xa6\xb9\xb8\x01\x16\xed\x83\xe2\xbb\xfa\xd7\x224/\
\x09\x04=\x80\xa3`=\xa8\x00\xcb$\x22P\x8a\xdf\x15\
\x82\xee\xd3\x97o\x05\xe1i <\xd0a+j\xeb~\
\xa8\xf8\x99rj\x9aO\xad\xf4\xc2\xbd*Z$\x9f=\
\xdc\x190\xea\x06\xf5\xaey\x92GP\xe8AL \x0e\
d\xda\xef\xa5bP\x01P\x9eU\xd3\xfd\xcaS\xcb\xcb\
*B\x83w\xb42\xe5T\xd6Tx;,9\x06K\
\x8eB\xf5z\x95\x1bhn\x15\xe2\xe2\xadp\xf6]u\
\x1c\x8e\xb7\xd8{\xf6!\x04\x1e\xa1!\x81\x09N\xe67\
h\x03kGv\xba\xc2\xd0\xd5\x04F\xcc~;=t\
\x9fZ\xb9\xee\xe6\x81\xd6$\x84\x12\xc8;\xba\xaf\xb0j\
\xc6a\xdf*x\xbf\x1c\xb6\xdd\x08{\xbf\x05\xbb\xbfv\
\xf1\xa3\xb6\x1e\xc4\xa3y\x89\x02%\xd6\x11\xfe\x928\x11\
@\xba28\x945\x07\xd9s^\x85\xa6\xcbA\x0f\xa8\
<\xc0\x88:\xb3&\xb3\x1b\xce\xbe\xa5\xbc\xbdL(\xcf\
\xdfZwq+\xd0\x03\xe8\x9e\x5c.\x00\x19\xc3\x22@\
\xad@\x0a\x9d]\xa1)\xc4d\x5c\xfd\x90\xcbBS'\
D\xa7\xe53\xe1R\xa2\x99\xbd\xe5M\xa1\x12\xa2\xd6:\
8\xfc,\xec\xba\x1b\xf6>\xd4/Tj\x81\x09\xc4\x81\
,'\xb9\xc0\xa0\x02X\x1c\xe9ic7\x02\xcc!?\
\x83IB\x1b\x90\x08]\xb4F(\xdc*\x12\xf8\x8aU\
\x0e\xe0/Q\xab\xff\xaf\xdb\xe1\xe3G\xac2\xd9\xf3\xaa\
\x0ae(\x91D\xc1-\xbd\xa9\x12E\xf6\xf1\xec8\x12\
\xa0V\xd0\xd5\xba\x91\x7f \x91\xf1\xe6\xbe\xbc{\xa8\x18\
Q\xe5\xed\x93\xd0\xfbG\x7f\x85\x19W\xce\xd2\x8c\xa9>\
\xd1\xc3*a2\xa2\x96d\xa2O\xb6\xc8'p\xe6M\
\xf59g!\xe3Q\x8epe\xbf\x01S\xe0H\x00\x80\
s\xef\xd1`\xc6\x91\xf5\x0fb6<\xa9\xaa7C\xc1\
\x88\xa9\xc4\xc6\x9590\x8c\x19\xdd\xaa\x0atb\x0d\xec\
{\x186\xcc\x82\x8dW+\xcfo\xc4\x94\xd5\x98\xb1$\
[I^\x08\x13\x9a^Q\x1f\x83\x13\xc9\xf0\x8fE\x13\
:\x0b\x06\xf3\x03\x8e\x05\x90qj\x85\xce\xcb\xf13\xb4\
\x1d|\x02\xea\xe6\xc2\xe1\x9f\x0f^\xea\xb2\xd3uB\x09\
\x90=w`\xb1\xe3\xdc;\xb0y\x11\xec\xb9WM:\
\xb2\xdf\xda\xfb\xf6\x89\xf7\xa2C\xd6\xbc>\xdb\xc9\x9ac\
]\x0e@\xd6l\x02\xe8\x14yFQ\xd0\xaf\x8f\x0d\xc7\
\x02\x001\x99\xe0\x9e\xcc\xab\xa9\x1c}\x0b\xcf\xebA\xe2\
\x07\x7f\x08;nK\xcf\x1a\xda>T\xef\xf97\xd8\xef\
X\x131T\x88\x93q\xcb\xcc\x93\xc3\x9dP\x93ve\
@\xc9\xfd*g\xa8\xf9\xc0\x9a\xb8\xb0D\xb2\xc2i\xfe\
\x8d\x08!\xf0hn&'\x8d0\x80t\x04\x00\xa0e\
=\xcdW\xafe\xd5U\x8f\xb2$\xf3\x0b4\x9d[\x07\
[\x16\xc3\x99\xb7\x06\x0fkR\xaa\xa7H\xae\x0c\xf0\x8d\
\xb5\xdfM:\x0f\xd8WZ\xa8\xd7\xa4\x1f\xc2\xc2\xdd\xb0\
\xf8 L\xfb%\xf8\xc7\xa8D\xa9f\x03,\xdc\x07\x13\
\xbeku\x97\xe0-P}\x8c\x18I\x89\xf4@\xd2\x16\
\x00\xe5\x14\xcd\xfa\xfb\xd94s\x0d\xd3\x0b\xbf\xc2_{\
\xda0v\xae\x80\x86\xa7\x07&7\xc9\x98]\x10;\x0a\
\xbe\xa2\xd4EN\xff\xd8\xd4\xbf\xc8_\x02\xb3\xfe\x02\x13\
\x7f\x00\xe1\xca\xfe\x89\x12*\xf4\x11\x9e\xa2\xde\xe3-p\
l5\xd4?\xa0\x1e\x94\x98\xdd\x5c$cP\xa4\xf8s\
\xceYWB\xeb\xacWX\x91\xbb\x84\x95B'\xd2\xf0\
\x14r\xdf\xaa\xbe\x98l\xc7\xec\x86\xaeF5!\xddG\
\x8f\xf5_\x1e\x9f\x19\xb9\xd0\xd59\xc0\x8e\x19\x87\x82[\
\x07\xfa\x0c\xac\xd5ND\xd4\xd6\xaa\xff&l\x9c\x0d\x1f\
?\x0aF'=\x81\xf1\xbc\xe8-d\xad\xbdO2)\
\x86L\x8fZ\x81q\xea/\xbc\xee\xc9c\x86\x1ed\xcf\
\xf1\x17\x91u\xd5p\xf4\x97\x03\x93\x9dDD\xbd\x82\x93\
\xc0z\x84\x1dL.]\xb9Bp\xd5\xc3\xfd\x03\xa2\xe6\
\x83q\xf7\x0f\x9c|\x22\xa2\x1e\x9e\xd4?\xa0\x9e=l\
]\x0a\x8d\x7f\x04\xa1\xd3St\x07\xdb\xcb\x7f\xc2\x97\xa6\
\xff\x8a\x87:\x1b.\xfd\x84x@\xec\xbd\x1c\xc2\xd3\x09\
zG\xf1\x9d\xe8A\x1e\x8b\xb7\xe1)\xb9\x0f\xa6<\xdd\
\x17\xee.\xec\x82\xba\xf9P\xf93\x18\xf7\x80\xbd\xb7\xa2\
\xbb\x19\xf6\x7f\x1fZ\xdeS\xd5\xe3\x8ag!`\xf9\x06\
iB\xe7ahz\x05y\xf2Ud\xe7\x11\x04\x02\xc3\
\x93\xc7)_\x11\x1bC\x93\xa9\x1d\xb5\x8c\xba\xa2\xdbi\
\x06\xe2\xb5b\x807\x19\xc0\xb0\x0a\x80\xf5\xcfR\x9f>\
\xc3\xf5\x8dkx-\xda@\xb8\xf4A(\x7fZ\xd5\x12\
O\xff\x1dv\xae\x84\xab\xdf\x80Q7\xda{\xf6!\xa5\
\xaa\xf7a\xe5\x0d\x89\x0bpn\x1df\xe3\x1a\x12\x17>\
\xfa,\xf4\xb6\x08\x9d\x7fj\x1e\x9e\xf7\x8f\xe3`\xc7\x1e\
\xac\xaa`z\x0c\xbb\x00\xbdL\xfb\x0d3\x8f\xff\x8au\
\xed{\xc8\xc9]\x04\xb3\xfe\x0c\x8d/\xc3\x81\xc7\xa1\xfa\
-U\xcfOF\x9a\xaaT\x16\xd9\x0fm[T\xe9<\
v\x0c\xd9\xdd\x8c\xd1u\x12iD\xd1\x81\x0bBc\xbb\
4\xf9\x1d&\xeb\x81V[\xa0L\x9b+&\x00\xc0\xcc\
?R\xd1\xb8\x86\xf5\xadu\x8c\xce\x9e\xabJX\xa7\xd7\
\xc25[ \xa4\xfc\x00\x00\x9d\xc7\xe0\xf8\x8bp\xea5\
\xe5\xc5\xa5\x81\x89$\x0e\xb4\x9b=4J\x83\xdd2\xce\
?\x80m\xc0\xc9\x14\x81\xf2\xbf\x97\x9a:\xcas\x17\xd3\
\xa8\x05\x90\xfeqH_1\xf2\xbaf\xe4M\xdd\xc8\xb9\
o#\x0bW \xdd\xb9H\xe1B\xfa\x8a\xe9\xc8\xaa\xe6\
\xcd\x9c/\xb2\xc2[\xc4d\xebH\xeb\x1b\x0eg\xfd\x1f\
e\xfao(\x0bNb\x0f\x02\xa9\x050\xab\xdf\xa5=\
\xefZ\xba\xf4 \x86\x1e\xa0\xdb\x93\xcf\xd1\xcc*\x1e.\
\xba\x83\xd1\xf6\xbe\x9f\x1b|\xc5\xe4\x08\x9dm\xe8\x9cE\
\xa3\x1dA\x97\xe6\xe5\xef\xeel\xe6Y\xff\xd8\xf4\x7fA\
\x00\xf8\x8e\xb5\x97\x97;}|\xf5y\xc3\xed\xf4\xb1\xd5\
\x08#\x8c0\xc2\x95\xe6\xdf\xcc\xad0\xba\xb3\x1e.\xc8\
\x00\x00\x00\x00IEND\xaeB`\x82\
\x00\x00\x0em\
\x89\
PNG\x0d\x0a\x1a\x0a\x00\x00\x00\x0dIHDR\x00\
\x00\x00@\x00\x00\x00@\x08\x06\x00\x00\x00\xaaiq\xde\
\x00\x00\x00\x01sRGB\x00\xae\xce\x1c\xe9\x00\x00\x00\
\x04gAMA\x00\x00\xb1\x8f\x0b\xfca\x05\x00\x00\x00\
\x09pHYs\x00\x00\x0e\xc2\x00\x00\x0e\xc2\x01\x15(\
J\x80\x00\x00\x00\x18tEXtSoftwa\
re\x00Paint.NET 5.1\
.7\x8b\xd6\xf79\x00\x00\x00\xb6eXIfII\
*\x00\x08\x00\x00\x00\x05\x00\x1a\x01\x05\x00\x01\x00\x00\x00\
J\x00\x00\x00\x1b\x01\x05\x00\x01\x00\x00\x00R\x00\x00\x00\
(\x01\x03\x00\x01\x00\x00\x00\x02\x00\x00\x001\x01\x02\x00\
\x10\x00\x00\x00Z\x00\x00\x00i\x87\x04\x00\x01\x00\x00\x00\
j\x00\x00\x00\x00\x00\x00\x00\xf2v\x01\x00\xe8\x03\x00\x00\
\xf2v\x01\x00\xe8\x03\x00\x00Paint.NE\
T 5.1.7\x00\x03\x00\x00\x90\x07\x00\x04\x00\
\x00\x000230\x01\xa0\x03\x00\x01\x00\x00\x00\x01\x00\
\x00\x00\x05\xa0\x04\x00\x01\x00\x00\x00\x94\x00\x00\x00\x00\x00\
\x00\x00\x02\x00\x01\x00\x02\x00\x04\x00\x00\x00R98\x00\
\x02\x00\x07\x00\x04\x00\x00\x000100\x00\x00\x00\x00\
B\xa9\xa9\xe2\xba\xf9e\xf1\x00\x00\x0d\x1cIDAT\
x^\xed\x9amlT\xe5\xb6\xc7\xd7\x9e\xfd63\xbb\
3\x9d\xe90\x0eSZ\x0b\xb4\x10\x81\xe2A\xc2\x8b\x86\
\xf4\x02Ez\x1aT@/|\xe0\xdcx=\x16TH\
\xd5x\x8c /Fo\x82I\xb9\x06In4\x12\x89\
|8F\xa0\xca\xb1(\x08\x14\x94\x9c\xaa\xd7\x17<@\
\xc1#\xb6\xce\xb4LK\x87\xb6\xd3\x0e\xa5e\xa63\xb3\
\xf7\xec\xbd\xff\xf7\x83\xd3\x9ev\x83\xd8B\x07r\x93\xfe\
\x92\xa6\xc9\xb3\xd6^\xebY\xff</\xfby\xf6\x10\x8d\
2\xca(\xa3\x8c2\xca(\xa3\x8c2\xca(\xff\x1f\x00\
\xc0\x00`\x8c\xed7\xcb\xb0\x02\xa5\x12\xdb\x88\xe8n\x22\
\xf2\x10\x11GD\x0a\x11\xc5\x89\xa8\x8b\x88:\x89\xe8*\
\xc30\x9a\xf1\xd9\x9b%\x95\xd3JD\xb9D4)\xf5\
\x9f%\xa2\x00\x11\x9d%\xa2\xb6[\xc97d\x01\x00\x98\
\x88\xe8\xdeX,\xb6)\x91H,nkk\xb3_\xba\
t\xc9\xd4\xd4\xd4D6\x9b\x0d\xba\xaekn\xb7\xbbG\
Q\x943\xb5\xb5\xb5G\xda\xda\xda\xfe\x1e\x08\x04\x9a\xaa\
\xab\xab\xaf\x1ac\x0d\x95T\xf1\x13;::6\xbc\xfa\
\xea\xab\xffy\xf1\xe2E\x91\xe38\xc6\xe5rQff\
\xa6\xae(J$\x10\x08\x9c;y\xf2dc$\x12\xf9\
\xab\xaa\xaa_\x1ac\x8c\x18'O\x9e\x9c\xf1\xf6\xdbo\
_(--\x85\xd7\xeb\x85\xd5j\x05\xcb\xb2`\x18\x06\
\x1c\xc7\xf5\xff\xf1<\x0f\x8e\xe3\xe0p8\xf4i\xd3\xa6\
\xb5~\xf9\xe5\x97sR\xe2\x0d\x1b\x00\x1eUU\x8f\xbc\
\xfc\xf2\xcb\xe0y\x1e\x13&L@^^\x1e\xdcn7\
<\x1e\x0f<\x1e\x0fl6\x1b\x18\x86\x81 \x08\xf1\xa7\
\x9f~z%\x80\xb1\x00\xcc\xc6X7Ej\xbeI[\
\xb6lY9e\xca\x94\xab\xa2(\xc2\xe5r\xa1\xa8\xa8\
\x08\x1b7n\xc4\xb6m\xdb`\xb5Z\x91\x9d\x9d\x8d\xaa\
\xaa*\xec\xd9\xb3\x07{\xf7\xee\xc5\x8e\x1d;0c\xc6\
\x0c\x08\x82\x80\xea\xea\xea\x1e\x00O\x00\x10\x8d\xf1oD\
*\xf7\x8b\x0d\x0d\x0d\xda]w\xdd\x85)S\xa6\xa0\xa5\
\xa5\x05\xa1P\x08\xc1`\x10\xc1`\x10?\xfc\xf0\x03\xbc\
^/\x04A\x80(\x8ap\xbb\xdd\xfa\x81\x03\x07:U\
U\xad\x020\x0f\x00k\x8c;d\x00\x98\x01\xfci\xe7\
\xce\x9dMv\xbb\x1d\x19\x19\x19(++\x83\xcf\xe7\x83\
\xaa\xaa\xe8c\xe3\xc6\x8d0\x99Lx\xe2\x89'\x90L\
&\xfb\xdbkjj`6\x9bQZZ\x8ax<\x9e\
\x00P6\xd4\x0e\xa5\x8a\xcf\x05\xd0TQQ\x01\xb3\xd9\
\x8cw\xdey\xa7?6\x00\xe8\xba\x8e\xb2\xb22\x08\x82\
\x80\x0d\x1b6`\xdb\xb6m\xb0\xd9lp:\x9d\xd8\xbc\
y3\xa2\xd1\xe8U\x00k\x00p\xc6\xf8\xbfK\xaa\xf8\
\xed\xfb\xf6\xed\xd3\xecv;\xdcn7\x0e\x1e<8\xa8\
\xf0>\xc2\xe10\xee\xbd\xf7^H\x92\x84\x83\x07\x0f\xf6\
\xb7'\x12\x09<\xfa\xe8\xa3\xe08\x0e\xbbw\xef\x06\x80\
\xcb\x00\xfe`\xcce\x04\x80\x0b\xc0\x7f\x008\xd7\xdc\xdc\
\xac\xe7\xe6\xe6\x2277\x17\xed\xed\xed\x03\xd3\xe2\xd2\xa5\
Kp:\x9d\x98:u*z{{\xa1\xaa*>\xfe\
\xf8c\x8c\x1f?\x1e<\xcfc\xf1\xe2\xc5hkk\x93\
\x01\xac\x1a\xd6\x14\x04\xc0\x02x\xe9\xd0\xa1C\xba\xc7\xe3\
\x81\xcb\xe5\xc2\xfe\xfd\xfb\x07%7r\xe2\xc4\x09df\
f\x22;;\x1b\xa1P\xa8\xbf\xdd\xe7\xf3a\xec\xd8\xb1\
\xc8\xcf\xcfGss3\x00|\x06\xc0b\xccI\xff\x12\
\xbd\x14\xc0\xff\x02HF\x22\x11,_\xbe\x1c\x16\x8b\x05\
\xef\xbd\xf7\x1et]\x1f\x98\x12_|\xf1\x05\xccf3\
***\x06\xb5\xb7\xb5\xb5a\xd1\xa2E\xe0y\x1e\x85\
\x85\x85\x08\x04\x02\x97\x01L5\xe6\xbb.\xa9\xa1\xf7o\
555q\x87\xc3\x01\x87\xc3\xf1\xbb\xc5#5\x1c_\
y\xe5\x15\x88\xa2\x88\x0f?\xfcp\x90\xed\xcd7\xdf\x84\
$I\x98;w..\x5c\xb8\xa0\x03\xa8\x00 \x010\
\xa5\xc4\xb6\x03\x98\x0f\xe0c\x001]\xd7\xf1\xd3O?\
a\xc9\x92%`Y\x16\xcb\x97/G,\x16\x1b\x14\x13\
\x00\xde\x7f\xff}\xd8\xedv\x1c;v\xcch\x82,\xcb\
x\xe9\xa5\x97\xc0\xf3<JKK\xd1\xd3\xd3s|H\
\x0b#\x00{0\x18<5~\xfcxH\x92\x84\xaa\xaa\
*c\xec\xdf\xe4\xc4\x89\x13\xb0\xd9l\xd8\xb7o\xdf\xa0\
\xf6D\x22\x81\xb5k\xd7\xc2l6#''\x07\xabW\
\xaf\xc6\x91#G\xda\xeb\xea\xea>imm=\x10\x0e\
\x87\xeb\xdb\xdb\xdb\xe5\xd3\xa7Oc\xd7\xae]X\xb1b\
\x05\x1c\x0e\x07\x04A\xc0\xd2\xa5Kq\xf9\xf2\xe5A\xf1\
\xfa\xf8\xe8\xa3\x8f`\xb5Z\xf1\xd6[o\x19M@J\
\x84U\xabV\x81eY\xac[\xb7N\x8fD\x22\xabn\
\xf8\x02\x05\xc0\xa4\xaa\xea\x9f\xca\xcb\xcbuI\x92\xb0}\
\xfb\xf6k\x86\x9d\x91d2\x89\x8e\x8e\x0e$\x93I\xac\
^\xbd\x1a<\xcf\xe3\xdbo\xbf5\xbaAQ\x14\xec\xde\
\xbd\x1b\x85\x85\x85\x10E\x11\x1c\xc7\xc1\xe9tb\xe2\xc4\
\x89(((\x80\xd7\xebEVV\x16\xacV+\x5c.\
\x17\x1ex\xe0\x01TVV\x22\x1e\x8f\x1bC\xf5\xe3\xf7\
\xfb\x91\x95\x95\x85\xc9\x93'#\x18\x0c\x1a\xcd\x00\x80\xce\
\xceN\xcc\x9c9\x13V\xab\x15_\x7f\xfd\xf59\x006\
c\xdd\xfd\x00\x98p\xee\xdc9\xbf\xddn\xc7\x94)S\
\x10\x8dF\x8d\xf1\x06\xa1\xeb:\xb6l\xd9\x02\xbb\xdd\x8e\
\xd9\xb3g\xc3b\xb1`\xda\xb4i7|.\x12\x89\xa0\
\xb6\xb6\x16;w\xee\xc4\x9a5kPRR\x82y\xf3\
\xe6a\xe9\xd2\xa5\xd8\xb2e\x0b\xf6\xef\xdf\x0f\x9f\xcf\x07\
EQ\x8c\x8f^\x83\xa6i\xd8\xb8q#\x04A\xc0\xec\
\xd9\xb3\xd1\xda\xdajt\x01\x00TWWC\x14E\x94\
\x94\x94(?\xff\xfc\xf3dc\xddD\xbf\x16/\x00x\
\xf9\xc9'\x9f\xd4EQDee\xa51\xce5D\xa3\
QL\x9b6\x0d\x92$\xc1\xe3\xf1`\xd2\xa4I\xf8\xee\
\xbb\xef\x8cn7D\xd34\xc8\xb2ll\x1e2\xb1X\
\x0c\x8f?\xfe8X\x96\xc53\xcf<c4\x03\xa9)\
X\x5c\x5c\x0c\x97\xcb\xa5\xbf\xf8\xe2\x8b\x7f4\xd6\xde\xb7\
=H\xf1x|\xf1/\xbf\xfc\xc2\x8c\x1b7\x8e\x16,\
X`p\xbb\x96D\x22A\xb2,\xd3\xcc\x993\xe9\xdc\
\xb9st\xf6\xecY\xba\xff\xfe\xfb\x8dn7\xc4d2\
\x91 \x08\xc6\xe6!c\xb1X\xa8\xa4\xa4\x84\x18\x86!\
\x9e\xe7\x8df\x22\x22\x12E\x91\x9ez\xea)\x8a\xc5b\
\xcc\xe1\xc3\x87\xa7\x1b\xed\xfd\xfb\xa3\xae\xeb\x19DD\x82\
 \x0c\xa9S\xb2,S\x22\x91 \xb7\xdbM\x1e\x8f\x87\
\xacV\xab\xd1%\xed(\x8aB;v\xec \xab\xd5J\
\xcf>\xfb\xac\xd1\xdc\x8f\xcb\xe5\x22\xfc\xba&L4\xda\
\xfa\x04\x88\x8b\xa2\xd8\x90\x97\x97GMMM\xe4\xf7\xfb\
\x0dn\xd7\x07\x00y<\x1ec\xf3m\xa3\xa1\xa1\x81\xfc\
~?\xddw\xdf}4y\xf2\xf5\xa7w0\x18\xa4\xcd\
\x9b7\x93 \x08\xc8\xce\xce\xfe\xcch'\xfa\xd7\xfe\xbf\
\xfc\xab\xaf\xbe\x92\xcdf3V\xae\x5cy\xc3\x85H\xd7\
u\xec\xda\xb5\x0b\x92$a\xc5\x8a\x15F\xf3mc\xfb\
\xf6\xed \x228\x9dN\xf8|>\xa3\x19\xc9d\x12\x8f\
<\xf2\x08\x1c\x0e\x076l\xd8p\xea\xd4\xa9S\xd7\x9f\
'\xf4\xab\x08\x99\xdd\xdd\xdd\x87g\xcd\x9a\x05I\x92p\
\xf4\xe8Qc\xbc~*++!\x08\x02X\x96EA\
A\xc1\x0dW\xfet\xb2v\xedZ\x88\xa2\x08\x96e\xb1\
l\xd9\xb2A\x0b\xaa\xaa\xaa\xd8\xbau+x\x9eGy\
y\xb9\x1e\x0e\x87\xff\xddX\xf35\x00\x98u\xe8\xd0\xa1\
\xcb}'\xbc\x86\x86\x86A\x09\x91z\xbd\x1d7n\x1c\
,\x16Kb\xd1\xa2E\xaa\xc5b\xb9\xee\xde\x9fn\xe2\
\xf18\xe6\xce\x9d\x8b\xfc\xfc|,X\xb0\x00\x1c\xc7\xe1\
\x8d7\xde\xe8?\xaf|\xfa\xe9\xa7\xf0x<(**\
Bgg\xe7Y\x00c\x8c\xf5^\x03\x00VU\xd5\xd5\
\x9b6mJ\xb2,\x8b\xe9\xd3\xa7\xc3\xef\xf7\xf7'\x8d\
F\xa3())\x01\xcf\xf3(..\xfe\xdb\xe7\x9f\x7f\
~\xd6l6\xa3\xa8\xa8\x08\x89Db@\xf7\xd2Ow\
w7&N\x9c\x88\x05\x0b\x16\xa0\xb1\xb1\x11\xf7\xdcs\
\x0f\xb2\xb2\xb2p\xe8\xd0!ttt`\xd2\xa4I\xc8\
\xc9\xc9Ammm\x14\xc0\xca!\x1f\x88\x00X{{\
{+\xd6\xacY\xa3\xf5\x0d\xf1\xaa\xaa*\xa8\xaa\x8a\x8a\
\x8a\x0a\xb0,\x8b\x87\x1ez(\xd1\xd2\xd2\xf2\x87d2\
\xf9_\xa5\xa5\xa5\x90$\x09\xe7\xcf\x9f7\xf61\xad\xb4\
\xb7\xb7\xc3\xe3\xf1\xe0\xb1\xc7\x1e\x03\x80\xbfWWW\xff\
\xc3\xeb\xf5\x2277\x17\xeb\xd6\xad\x03\xcb\xb2\xd8\xbau\
k\xaf\xaa\xaa\xcf\x0f\xf7.\x82\x00\xd8\xa2\xd1\xe8\xffl\
\xda\xb4I\xcb\xcc\xcc\x84 \x08X\xb8p!\xc6\x8c\x19\
\x83\xbb\xef\xbe\x1bg\xce\x9cy\x0b\x80\x08`\xc9\x9e=\
{T\xb3\xd9\x8c\xbd{\xf7\x1a\xfb\x98V\xfa\x8e\xc3\xcf\
=\xf7\x1c\x00\xbc\xda\xdb\xdb\x9b\xbdj\xd5\xaa\x0fy\x9e\
\xd7DQ\xd4\xc6\x8c\x19\xd3s\xec\xd8\xb1G\x00\xfc\xfe\
\x9e~=\x00X\xe3\xf1x\xf9\xf1\xe3\xc7[\xe6\xcc\x99\
\xa3\xf5]u\x95\x97\x97\x1f\xee\x9bO\x00&\xd7\xd7\xd7\
_\xcd\xc8\xc8@yy\xb9\xb1\x8fi\xc5\xef\xf7\xc3n\
\xb7c\xf3\xe6\xcd\x00PNDTVVfcY\xb6\
\x8e\x88tQ\x14\xb7\xdf\xf0\xf03\x14R\xc7\xd5\xec\xe6\
\xe6\xe6\x07\x9f\x7f\xfe\xf9\xbf,^\xbc\xf8\xcf\xef\xbe\xfb\
n\xff\x1b\x0f\x00g8\x1c\xbe\x90\x93\x93\x83Y\xb3f\
A\xd34c?\xd3\x86\xdf\xefGff&^{\xed\
5\x1d\xc0\x9f\x07t{*\x11m#\xa2\xac\x01m\xe9\
\x01\x80\xa8i\xda\x17\x0b\x17.\x84\xdb\xed\x1et\x19\x92\
n\xfc~?l6\x1b\xd6\xaf_\xaf\x03Xk\xec\xdb\
P\x19\xda\xca\xf8\xdb$M&\xd3\x8f\xf3\xe7\xcf\x87\xa2\
(\x14\x08\x04\x8c\xf6\xb4!I\x12\x99\xcdf\x92e\x99\
!\x22\xd7\xcd\x0e\xf7[\x12\x80a\x18\x9d\x88\xfeQT\
T\x04\x93\xc9D\xf5\xf5\xf5F\x97\xb4\xc10\x0c1L\
\x7f\xcd\xae\xe1|\xe3\x18\xc8-\x09\x90\xe2\xac\xd7\xeb\x8d\
\xf0<O\xdf|\xf3\x8d\xd1v\xbb\x90\xee\xa4\x00-6\
\x9b\xed'\x8b\xc5Buuu\xa4(\x8a\xd1\x9e\x16\x92\
\xc9$i\x9aF,\xcb\xd2\xad\xd4q\xd3\x0f\x0e \xe6\
t:?\xf3z\xbd\xd4\xd0\xd0@]]]F{Z\
hmm%Y\x96i\xfc\xf8\xf1DDQ\x22\x82\xd1\
g(\xdc\xb2\x00\x0c\xc3\xe8\x92$U?\xf8\xe0\x83J\
WW\x17utt\x18]\xd2B0\x18$\x96e)\
??\x1fDt\xe5\x8e\x09\x90\xe2\xc2\x9c9s\xc2\xba\
\xaeS0\x184\xda\xd2B(\x14\x22\x86a(33\
\x93\x88Ha\x18\xe6\x8e\x0a {\xbd\xde\x0eQ\x14o\
\xab\x00,\xcb\x92\xddn'\x22\x92\xee\xc868\x00\x98\
L&\xd9\xd8\x98N|>\x1fq\x1cG\x19\x19\xbf\xde\
\xe4\xdd\xc9]\x80\x88\xc8\x04\x80\x07@\xba\xae\x1bmi\
!\x1c\x0e\x93\xcdf#\x9b\xcdFD\xd4{\xa7\xd7\x00\
>\x12\x898t]'\x8b\xe5\xba\x9f\xfeF\x1cM\xd3\
\x88\xe38bY\x16D\x14\xb8\xd3k\x80\xb5\xae\xae.\
\xcbd2\xf5mKi\x07\xe8\xaf7AD\xff\x1cl\
\x1d:#%\x80\xab\xa7\xa7\xc7\xc2\xf3<9\x9dN\xa3\
m\xc4Q\x14\x85\x14E!A\x10H\xd3\xb4\x0bD\xd4\
h\xf4\x19*#%@V4\x1aey\x9e'\x8e\x1b\
\xfe\xef\x11\x86C\x22\x91\xa0\xf6\xf6v\xea\xec\xec\xa4\x8c\
\x8c\x0c\x02p0\xf5\x22tS\x8c\x94\x00\xfd\xb7.\x03\
\x0e(7\x0d\x00\xea\xed\xed\xa5@ @555\xf4\
\xfa\xeb\xaf\xd3\xb2e\xcb\xe8\xe1\x87\x1f\xa6\xe2\xe2b*\
..\xa6\xc6\xc6F\xea\xea\xea\xd2\x89h\xff\xcd\xce\x7f\
\xba\xd9\xad\xc3\x08\x80\x19/\xbc\xf0\xc2\xb7\x1f|\xf0\x81\
\xe5\xfb\xef\xbf\xa7\x82\x82\x02\xa3\x0b%\x12\x09\xea\xee\xee\
&M\xd3(\x1a\x8d\x92\xa6i\x14\x8b\xc5H\xd7u\x8a\
\xc7\xe3t\xf1\xe2E\xaa\xaf\xaf'\x9f\xcfG]]]\
\x14\x0a\x85\xa8\xad\xad\x8d\x92\xc9$\x01 \x8b\xc5B\x92\
$\x11\xc7qd6\x9b\xe9\xfc\xf9\xf3\xc4\xf3\xbc\xbad\
\xc9\x92\xb1\x9f|\xf2\xc9ec\xbe\xa12R\x028\xe7\
\xce\x9d[\x7f\xfe\xfc\xf9\xbb\xd6\xaf_O\x1e\x8f\x87\xdc\
n7]\xb9r\x85B\xa1\x10\x05\x02\x01:s\xe6\x0c\
\x85B!RU\x95\x14E!M\xd3H\xd7u\x02@\
\x00H\xd342\x9b\xcd$\x08\x02Y\xadVr8\x1c\
4}\xfat\x9a7o\x1e\x15\x16\x16R~~>)\
\x8aB\xa7O\x9f\xa6\x03\x07\x0ePee%,\x16K\
M4\x1a-6\xf6g8\x8c\x94\x00\x8c\xcdfk\x8c\
F\xa3\x13h\xc0Y\xddd2\x11\xcf\xf3\xc4\xf3<\x89\
\xa2Hyyy\x94\x9f\x9fO999\x94\x91\x91A\
\xaa\xaa\x12\xc7q\xe4\xf1x(##\x83<\x1eO\xbf\
\x08\xb1X\x8cDQ\xa4X,F?\xfe\xf8#\x1d=\
z\x94\x9a\x9b\x9b\xd1\xd2\xd2BD\x94\xd4u\xbdQ\x10\
\x84\x85\xbd\xbd\xbd!c\x7f\x86\xc3\x88\x08@D\x94\x9b\
\x9b\x9bo\xb1X\xfe\xdbf\xb3\xcd\xef\xe9\xe9\xc9\xea\xee\
\xee6\xc9\xb2L\xc9d\xb2\xbfP\xa7\xd3I\xba\xae\x13\
\xcb\xb2\xa4i\x1a\xa9\xaaJ\x9a\xa6]\xf7\xcb\xae\xaa\xaa\
\x84\xd4\x17\x9ed2\x09\x8e\xe3\x12\xa2(6\x01\xf8*\
\x1e\x8fW&\x12\x89Z\x22\x8a\x18\x9f\x1b.#&\x00\
\xa5F\x02\x11\xd9\x9b\x9b\x9b\x0b\x15E\x99-\xcbr\xc1\
\x95+W\xdcMMM\x8e\xe3\xc7\x8f\x8f\xbdx\xf1\xa2\
d2\x99\xd4\xac\xac\xac\x88\xc5b\xd1\xdcn\xb7,\xcb\
2\xa3i\x9a*\xcb\xb2\x22\xcbrB\x96e9\x1e\x8f\
'\x14E\x89^\xbdz\xf5r$\x12i\x0d\x87\xc3\xbe\
x<^\x17\x8b\xc5\xae\xa4\xf6\xfd\x11cD\x050\x92\
\x12\x84\x19\xb0\xdb\xfc\xe6{r\xeazm\x94QF\x19\
e\x94QF\xb9}\xfc\x1fS\x02+\xd3\x0b7\xf9\x18\
\x00\x00\x00\x00IEND\xaeB`\x82\
\x00\x00\x13\xd1\
\x89\
PNG\x0d\x0a\x1a\x0a\x00\x00\x00\x0dIHDR\x00\
\x00\x00@\x00\x00\x00@\x08\x06\x00\x00\x00\xaaiq\xde\
\x00\x00\x00\x01sRGB\x00\xae\xce\x1c\xe9\x00\x00\x00\
\x04gAMA\x00\x00\xb1\x8f\x0b\xfca\x05\x00\x00\x00\
\x09pHYs\x00\x00\x0e\xc3\x00\x00\x0e\xc3\x01\xc7o\
\xa8d\x00\x00\x00\x18tEXtSoftwa\
re\x00Paint.NET 5.1\
.7\x8b\xd6\xf79\x00\x00\x00\xb6eXIfII\
*\x00\x08\x00\x00\x00\x05\x00\x1a\x01\x05\x00\x01\x00\x00\x00\
J\x00\x00\x00\x1b\x01\x05\x00\x01\x00\x00\x00R\x00\x00\x00\
(\x01\x03\x00\x01\x00\x00\x00\x02\x00\x00\x001\x01\x02\x00\
\x10\x00\x00\x00Z\x00\x00\x00i\x87\x04\x00\x01\x00\x00\x00\
j\x00\x00\x00\x00\x00\x00\x00`\x00\x00\x00\x01\x00\x00\x00\
`\x00\x00\x00\x01\x00\x00\x00Paint.NE\
T 5.1.7\x00\x03\x00\x00\x90\x07\x00\x04\x00\
\x00\x000230\x01\xa0\x03\x00\x01\x00\x00\x00\x01\x00\
\x00\x00\x05\xa0\x04\x00\x01\x00\x00\x00\x94\x00\x00\x00\x00\x00\
\x00\x00\x02\x00\x01\x00\x02\x00\x04\x00\x00\x00R98\x00\
\x02\x00\x07\x00\x04\x00\x00\x000100\x00\x00\x00\x00\
%G\x9e\x8d\xa34\xb5\xc5\x00\x00\x12\x80IDAT\
x^\xed\x9ayl\x5c\xc7}\xc7?3\xef\xd8\x93K\
rI\x8a\xd4A\x89\xa2d\xeb\xbe\xac\xc3\xb7\x9d\xd8\xb2\
\x13\xc7v\xe2\xd8u\x9a&r\x82\xa4A\x1a\x04(Z\
\xa0E\x03\x03m\xd1\x16(\xdc?\x9a\x02I\x83\x16M\
\xd3\xb4\x06\x9c\xd8mR7\xce\xe1\xc4\x87b;\xb1c\
\xc9\xb1,\x9b\xbaIQ\x07O\xf1^.\xf7\xde\xf7\xde\
\xf4\x8fy\xcb\xe5.\xb9:,\xbaES\x7f\x81\xc5\x92\
o\xe7\xbd\x99\xf9\xfe\xee\xdf<x\x1f\xff\xbfaT_\
\xf8\x9fB4H\xa4\xe8\xf0\x88\x10l\x00\xce\x03\xf9\xea\
1\xbf\x91\xb8q\x1d\xb1\x8d+\xf8T4\xc8\x11\xc0\x13\
P\x94\x823\x02~\x1fh\xaa\x1e\xff\x1b\x83;\xb7\x12\
\xdd\xd6\xc1\x17\x975\xd2gJ<\xcb@mX\x81w\
\xd3:\x8a\xd1 \x05\xc0\x01\xce\x02\x0f\x03f\xf5\xfd\xef\
\x15D\xf5\x85\xc5\xc6\x9f<@\xf0\xeds<x\xe4<\
_\x9bL\xd1lH\xb8f)\xdc\xbc\x1e\x966\x82i\
@&\x0fo\xf4\xe0\xbct\x94B\xc1!\x0f\xfc\x0b\xf0\
\xe7@\xb6\xfay\x8b\x8d\xf7\x8c\x80\xc7\xf6a\x8e$\xb8\
\xe1P/\xdf|\xb3\x97\x0d\x8e\x0b\x9b\xda\xe1\xe6\x0d\xb0\
\xac\x11\xa4\xac\x1c\xef)\x18\x99B}\xffuRCS\
\x84l\x93g\x02\x16\x9f\x99\xc9\x92\xa9\x1c\xb9\xb8xO\
\x08xl\x1f\x8d\xe3I\xbe\xf2\x93C\xfc\xf1\xd9Q\x8c\
\xc6\x08\xdc\xbf\x1bV/\x01q\x89\x19\x0b\x0e|\xffW\
8\xc7\xfa1\xe3Q\xce\x84\x03\xec\xee\x1bg\xb2z\xdc\
b\xe1\x12\xcb\xb9r\xfc\xd5'\xb9\xb9g\x98\xa7\x9f{\
\x9b%\xe3I\xd8\xba\x0a\xee\xb9\x0eb\xe1\xcaqJA\
\xd13\x18\xc9\xb6\xd0\x1a\x1a\xc76\x9c\xd9\xdf\x0a\x0e\xfc\
\xc7k\xd0=\x04\xed\xcd\xf4\xb6\xc4\xd8}\xb0\x87\xa9\x8a\
\x07,\x12\x16-\x0c>\xb6\x0f\xe3\x9a\xa5\xfc\xc1\x81n\
\x9e|\xb1\x8b\xba\x82\x03wn\x85\x0f_\x07!\xbbz\
4\xe4\x8b02\x13b8\xbf\x92x0I\xc0(\xce\
\xfefHX\xbf\x02\x86\xa6\xe0\xec\x08\xf1H\x90\x8f\xdf\
\xb6\x89\xef\x9e\x18X|\x9f\xb0\x18\x1a \xee\xd8\xc2\x9e\
|\x91\x7f;\xd2\xc7\xfat\x0e\xda\x9b\xe1\xa3\xbb\xb5\x93\
\xab\x85\xa2\x03\xa9,\x84C&\xb6\xe1,h\x1a\xb9\x02\
<\xf5\x1a\xf4\x0c\xc1\xba\xe5\x0c]\xd7\xc9M\xdf\xf9\x05\
\xe7\xab\xc7]\x0d\x16\x98\xf6\x8aP\xbfy%_\x1b\x98\
\xe0\x91l\x01\x19\x8f\xc2\x1d[`\xfdr\xed\xdd\x17\x03\
\xa9\x1c\xfc\xfb\xab\xd0?\x01\x9bW\x92\xfe\xc0&\x1e\xfc\
\xea\x0fy\xbez\xdc\xbb\xc5\xbb]\xa6)\x04\x1f\xaa\x0b\
\xf2\xec\xe0$\xb7E\x03\x88\xbd[\xe1\xde\x9d\xb0,>\
\xdf\xc3\xcfE\xce\xb1PJ`HU\xfd\xd3\x82\xb0M\
X\xb7\x1c\x06\xc6\xe1X?\xf6L\x96O\x7f\xee\x0e\xc2\
\xf7\xed\xe2\x17\xfb\xbbp\xab\xc7_)\xde\x0d\x01M\xc0\
\xdfJ\xc1_\x9a\x06K\xae\xbf\x16\x1e\xba\x11V\xb7^\
Z\xea\x8e'9>u-\x93\xb9\x08\xf1\xc04F\x15\
Q\x8e'A)\x14\x95\xd1\xc26a\xc3\x0a\xb8\x90\x80\
\x13\x83\x88\xc1\x09n\xeeX\xc2\xc6\xfbw\xf3\xcc\xd5\x92\
p\x89%\xcf\xc3.\xe0'\xc0\xde\xf6f\xac\x87oB\
^\xd7\x09\x01\xabz\x98\x8e\xeb\x8e\x0bR\x947#P\
(\xe5ayib\x81|\x85\xa6\xe4\x5c\x9b\xa3S\xeb\
0T\x9e|.O\xc0\xaa\xd4$\xd3\x80\x8d\xed\x90-\
@\xf7\x10\xa2{\x98\x8d\xcb\xe3\xdc\xf2\xe0\x0d<\xb3\xbf\
\x8b\x5cy\xe4\x95\xe1J\x08\xd8\x06|O@\xfb\xad\x1b\
\xf1\x1e\xbc\x1e\xbb)V;\xaeg\xf20\x95\x82P\xa0\
\xbc\x11! je\x89\x85\xf2\x18\xfe\xcc\x9e\xd2!\xb1\
\xe0\x0a2N\x98z+\x89\x14\x0eA{\xfe\xb3\x0d\x09\
k\xdb\xc0\xf1\xa0{\x10\xba\x87\xe8\x08\x05x\xf8\x81=\
<\xf5\xcb\x13\xa4+G_\x1ej,\x7f\x1e6\x03?\
\x92\x82e\x1f\xdd\x8d\xb9\xe7\x1ad\xf5\xe2\xaa\xe1\xba0\
\x96\xad\xc70$\xcd\xc1\xa9y\x9b)\x8d\x99\x9c\x81H\
P\x87E\xc7\x83x]\xa5\xd6,\x04\xd7\x83_\x9f\x86\
\x17\xde\x81B\x11V\xb72\x15\x0dr\xf7\xe1\xb3\x1c\x02\
.\xcf\xb9\xf8\xb8\x94\x06\x08\xe0.\xe0\x07\x86\xa4\xf5\xbe\
]X{\xaeAJm\xaa\xe4\x1d=`A\xa7'\x04\
C\xd9e$\x9d:Z\x82\x9357\xe4\xb8\xda\x84\xc2\
\x01\x08\xdaZ\xd5\xab\xc7\xba.\xa4\xf3Z\x03\xb2\x05\xb0\
L\x1dj\xd7/\x87\xb1$\x9c\x1f#4\x95\xe6\x0bu\
!\xd6g\x0b\x1c\x01f\xe0\xf2|\xc3\xc5\x08h\x02>\
\x03|;hQw\xff.\xac\xddk\x11\xa5\xcd\xe6\x1c\
\x8b\x93S\xab1E\x8e\x88]\xce\xe2J\x10\x02\xea\xed\
$M\x81\x04\xa6\xf4P\xbe\x5c\xe6nN\x08\xbdi\xc3\
\xdft5\x91E\xcf`4\xdb\x8cA\x8etVaH\
HftbeH\x88\x06u}\x11\x0bC\xdf\x18\x22\
\x95e\xb3\x10|F)\xee\xf3\x85\xf7V\xe5\x13\xe7\xa3\
\x86\x5c\x88\x03\xaf\x00\xebl\x13\xb1\xefv\x8c\xb5m\x88\
\xb9\x8bO\x17\x83\x9c\x9a\xeedu\xb4\x8f\xc6`j\xf6\
\xfaB\x1b\xf5\x14$f\xf4w}D\xa7\xba\xa0\xa5^\
-\xed\xb9\x98\xca\xd7s\x22\xb1\x86-\x8d'\x09\x9b\x19\
\x84\xff\xacR\xf4\x98)\x84\x98L\x1b\xb4\x84R\x18\x06\
\x1c\x1f\x80\xb7zQgFQJ\x91\x06:\xe0\xe2u\
\xc4B\xca\x8b\xafB\xbf\x02\x84i`\x0eN@\xb1J\
\xa1\xc2f\x8e\xad\xf1\x934\x04\xca\x9b\x07H\xe7`:\
]&\xa2\x04\xe5\xab\xbb\xebi\xbb-\x91\xa0\x14x\x9e\
\xce\x0c\xab\xefi\xb0\xa7\xd9\x11?F\xc4\xcc`H\xad\
!\xa6\xa1\xc79\xae`0\xb3\x8cqg%\xd2\x90\x04\
mh\xae\x83d\x16!\x05\x02\x08\x03k+\x9f8\x1f\
\x17\xe1\x1fsg'O\x1d\xeb\xe7\xa1\xbc\x03\xabZ\xe0\
\x137Ac\xb4zX%RYMVCDKW\
)H\x14bX\xa2H\xc8\xc8\x22\xe5\x1c/\xa54Y\
i/\xc6L>\xc8\xaa\xd8(\xe1\xa0_(9Z\xda\
\xe9\x1c\x84\x83\x95\xf5\xc4tZ;\xcdX\xc4\xc2\x13\x06\
&9^=\x01\xbf8\xae\x09^\xd3\x8a\xea\x1e\xc2U\
\xb0\x038Z\xbes>ji\x00\x8f\xed\xc3\xdd\xd6A\
\xbb\xa7t\xfd>\x9a\x80o\xff\x1cN\x0c\xcc\x97\xd4\x5c\
D\x82\xe5\xcd\x03\xb8Jr&\xd9\xce\xb9d\x1bR\xfa\
\xb6\xee\x7fr\x05\xbd\x91\x94SON6a\x99\xe5\xe5\
$\xb3z\xf3\xcc\x91\x92\xe3jb\x82\xb6\xb6\xff\x80Y\
\xc4-\xe6\xf8\xce+\xb0\xbfK_\xfb\x9d[`e\x0b\
BJ\xc4\x9aV\xaaj\xd0\xf9\xa8I\x00P\xd73\xcc\
\x06!t9\xfb\xe1\x1d~q\xf2*\xbctt\xbeI\
\x94 \xaaB\x98)=VGzh2\xfb\xe7\x11g\
\x18:\x02t\xd6\x0f\xb09\xde\x8dez\xe0?\xa3!\
\x02u\xe1rTPJ;\xc0DZG\x81pPg\
\x86\xdf|\x01\xce\x8eBg+\xfc\xee\x9d:2x\x1e\
\x18\x12\xb9\xa3\x93-\x8f\xed\xbb\xa8\x96\xd7&`2E\
\xc7\xc0\x04\x91\x80\x05-1\xd8}\x0d|\xee\x0e\xfd\xf7\
\xcbGu\x812Yi\xfe\xe0\xdb\xb4\xe3VjIc\
\xa8@k\xcc\x99\xf5\xf2%\xbb\xb7Mh\x88\x82m*\
,Y\xc9\xa8ih-\xc9\x17u\x18\x14B{\xfb\x86\
\x886\x9d7{\xe1\x9b\xcfks\xb8\xfeZ\xf8\xf4\xed\
\xda\xb7\xcc\xf8\x05\xb3\x10\x88x\x94\x9d\x970\xf3\xda\x04\
d\xf2t\xa4r\xc8\xa6h\xd9\xfe\x96\xc5\xe1\xb3\x1f\x84\
5mprP/\xe0\xd5\x13ZUK\x1b.:0\
\x96\xd0\xdf%T\x87\xb8TN2\x90\x08\xe1\xf8\x1b\xab\
\x05\xd3\x80\xa6\x98\xce&K\xffK\x09??\x0a\xcf\x1c\
\xd4\x9a\xf0\xf1\xeb\xb5v\x06LMN$X~\xa6\x94\
\xc4*\x1e\xb8\x00j\x12\xa0\x14\x1b\xd29\x1d\xaa\xe6\x16\
9u!x\xe4vx`\x8f^\xc0\xcf\x0e\xc37~\
\xaa\x89\xc8\x16\xc0\xf4\xa5j]\xa4\xaf\x9bp\x9a\xe8/\
l\xa0\xa8\xfc\x9d-\x80t1\xc4Pf\x09B\x88\xd9\
\x0d\x15\x1c\xf8\xf1\x9b\xf0\xcaQh\xaa\x83\xdf\xbe\x11\x96\
6@\xda\x97z\xc0\xd6\xe26\x0d\xada\x99<\xc9G\
\x9f@\xdbU\x0d\xd4$\xa0\xe0\xd0^paI\xfd|\
)I\x09\xbb\xd6\xc2\xef\xdd\x0dwm\xd3\xaa\xfc\xfc;\
\xf0\xed\xfdp~T;\xa9\xb9\xf7\xe4\x5c\x9b\xe1L\x0b\
\x9e\xd2\x17\xdb\x22\x93ll\xec%d\x96\xcfB\x5cO\
/Z)\xad\xf6c\x99\x18C\xe9V\x5c\xa5\xd9\xbf\x90\
\x80o\xbd\x00\x87zaI\x03|\xfeNX\xd1\xa27\
\x9b(\xc4\x98\xc85\xe0\xba01\x03a[?g$\
Aav\x82\x1a\xa8I\x80\xeb\x11T\x0a\x1a\x22\xb5s\
\xebh\x10n\xdb\x08_\xba\x1bnY\xaf'\xff\xd7\x9f\
\xc3O\x0e\xe9M\x94\x90\xc8\xc78\x9fZN\xc1\xd5e\
\xa3%]\x1a\x03\xd3\xb3$)\x05\x89T9\x7f\xc8\xe4\
!\xacF\xd9\xd4x\x12\xd7qx\xfem\xf8\xa7\xe7`\
8\x01\xdbWkg\x17\x0bk\x07\xdaX'H\xd3\xc2\
pVw\x5c#A\x88G\xb5\x00F\xa6\xb9HOJ\
\xa3f*\xbc~9\xbfu\xac\x8fm[W\xe1\xb55\
\xd6&J\x08\xad\xeek\xda\xa0c\x09\x0cN\xc2\xa9!\
\xe8\x1f\x87\xe5M\xda&\xc3f\x96\x96\xe0$\x01\xa30\
O\x9b\x5c\xaf\x9c\xddY\xa6\x96\xa8m\xea\xffG\xa6<\
\x9e\xf95\x1c>\x0b\x8d\x11m\xef\xb7l\xd4\xbf\x97 \
\x054\x04fh\x0a$\xb0\x0c\x17\xdb\xd4\x11\xea\xad3\
\x10\xb0\x18\x98J\xf1\xdd\xb9\xf3U\xa3\xe6\xc6,\x83%\
hu\xbf\x88\x9b*C\x08M\xc0\x17\xf6j)\x9d\x1d\
\x85o\xbd\x08\xaf\x1c\x83|A\x114\xe7o\xbe$\xf9\
d\xa6\x5c\x08\x8d%u\x98\xfd\xc7\xe7\xe1\xf1\x97ax\
\x12\xb6\xac\x84/\xde\xa5\xfb\x01r\x81\xd5X\xd2\xc16\
\x8a\xb8J\xe0x\x06\x99\xdcl\xe8\xac\xedd|\xd4$\
@J\xa2\xe8\x18RsL\x09\xae\x92\x14=\xadLA\
[;\xc8\x8f\xed\x01S\xc2sok'\xf9\xd2Q\x9d\
GT#\xe2gy\xe3Ix\xfa\x00\xfc\xc3\xcf\xf4X\
\xd7\x85-\xabt\xd4\xf9\xc8u\xda,\xdc\x1a\xeeL)\
p=\xc9\xb9\x99vN$\xd6\x22\x0c\xa1\xb3I\xf7\xd2\
>\xa0\xa6\x09l]\xc5'\x8e\x9cg\xed\xe6\x95\xd0\xda\
P\xf9\x9bRz3%\xd5=\x93\x5c\xc9p\xb6\x95\xe6\
\xc0$R(\xa4\xd0!sG'D\x020<\x05'\
\xfa\xe1X?X\x06\xb4\xd4\xeb\xfb\x84\xd0\x91\xe3P/\
\xfc\xf0\xd7\xba\x0d\xbe,\x0e\x1f\xdd\x03{\xb7\xc2\xb6\x0e\
]<\x19R\x93\x89\xb0\xf0\x94\x81!+\x99\x18\xc96\
sff\x15\x0d\xf64\x86(\xa2\x0a3t\xf5A$\
\xc0\x1b\xc9\x0cOW\x0c\xaeBM\x02\xd6\xb4\xb1\xeb\xd4\
 7\x94\x08\xf0<\xed\xa4\x0c\x09BB2\xad\xa5\x14\
\xb4A\x0aE\xd0\xc8Sg\xa5+\xd4\xdc2u\x0d\xb1\
\xad\x03\x0a\xae\xf6\x0b\xc7\xfa\xe1\xdc\x98n\x99\x1f\xe8\xd6\
R?5\x04A\x0b>\xb4\x03\xf6n\x97$YM\xc0\
\xf2f\xa3\x84!\xc10\x04\xdd\xc9N\xc6sq\xe2\xf6\
$\xd9|9Kt\x94\x81\xab\x0c\x96\x85G\xb0\xd4\x0c\
\x93)8\xde\x8f\x8a\x86xa:s\xf1\x0erM\x02\
V\xb5\xb0\xed\xcc\x08{7\xb6C[\x83V\xbf\xe9\xac\
\x81ej'\x14\xb0\xf5GJ\x08\x99y\x22f\x06O\
\xe98\x5cm\xeb\x96\xa9\x0fD\xb7\xac\x84\xf1\x19\xe8\xbd\
\xa0;:gG\xa1>\xacC\xe9\xad\x1b\xa0\xb5\x1el\
\xdb`<\x1f'lf\x89\x98\x95\xad\xbe\x90\x91'f\
\xcf \xbc\x023\xbe\xdf0$\x04d\x01\xe9L\xe3\xba\
\x8ah\x08rE\xed8\x0d\xc1\x8b\x99</W<\xa4\
\x0a5\xed\xbb\xe8rN\x88r\xce/\x84dL\xade\
\xa4\xb0\x1cJR\x99sw\xa1\x08\xe3\xd3:\x0d^\x08\
R\xe8v\xd7#\xb7\xeb\xb3\x03\xa5\xb49|\xfeN\xd8\
\xbdV\x87T)\xc1\x96\x0e\x1b\x1aN\xd3\x1c\xd0'a\
\xa5\x02\xc8U\x92\xa0\x99\xa3\xdeN\xe9\xd2\xb7\xbe\x9c\xa0\
\xe5\x8bZ@\xc2\xafC\x5c\x0f\x04\xa8\x82\xc3D\xe5*\
\xe6\xa3&\x01\xd9\x02SB\xa0R\xb3\xb9\xb5\x22f\xa5\
\x88\x9a\x0b\x1f\xd6\x1aFY\x22\x17\x83\x94\xf0\xc1-\xba\
\xd7o\xf9\xf9\xbe\x10\x10\x0d\xe9,S\x08mR\xbe\x17\
\x9f-\x80\xce\xce\xb4s\x22q\x0d\xae'\x11\xa2\xb2u\
\x96/j\x7f\x14\xf6\xd3\xe0t\x1e<\x85r=\x92\xd5\
\xf3W\xa3\xe6r\x93\x19\xa6\x040\xed\xefW\x0aEG\
\xdd -\xa1\xf9\x0d\x16\xa5\xc0\xc1&\x16\xf6\x1d\x9b\x13\
\xa8(\x86\x94_\xdf\x97\xaeI\xa1\xcd\xaa\xe8\x96\x13\xa6\
\x92\xf4\xe6\xde\x93\xcei\xe7W\x1f\x86\xa6\xc0\x14K\x82\
\xe3\x08<\xd2\xb9rS\xc5\xf3tR\xd4TW&\xff\
\xdc\xa8\xfe6\x0dN\x95\x9f\xb80j\x12\x10\x0e0l\
[8\x03\x13\x9a]\xfcEe\x0bz\xd2\xb9H\x14\xea\
y{b\x13i'\xc4L1\xc2[\x13\x9bI\x15#\
(\x05\x05\xcf\xd4\x05\xd2tev\x18\x8fj\xf5\xce\xf8\
\x81\xaa\xe8\x19\x9c\x9e^\xc9L>8;\x9f\xe3\xea\xb9\
-\x13\xe2\xc1$m\xe1q\xf0\xbbN\xb9\x22L$a\
2\xab+\xb5R\xb1\xe5\xb8:\x19\xb3\x0cr!\x9b>\
}\xb56j\x12\x10\xb4\x98\x0a\xdbLg\xf2\xe5\xca\xce\
\xf5to/_\xd4d\x94\x88\x88\x98\x19\xda#C\xbe\
3\xcc\xb2\xae\xfe\x0ca+C\xa2\x10\xe3\xf0\xf8&\x0a\
*D\xbc\x0e\xec9\x07(Mu\xfa\xbbT\xbe\x16\x5c\
\x9b\xc9B\x03c){6\x91\xa9\x8f\xe8\xcf\x5c\xcd\x90\
\x12\x9ac\xdag\x04\xc3a\xbaS\x9b\x99\xca\xd7\xcf\x9e\
/\xf4\x0c\xc3\xa0\xb6\xfca\xd7c\xac|\xe7\xc2\xa8I\
\xc0Gv\x92\xf1\x14\xe7\x0aN\xb9\x7fgHhi\xd0\
\xb6\x9e\xce\xe9\xe4\xc5\xf3\xc06\x8a,\x8f\x8c`\x08\x0f\
)<\x1a\xed)$\x8a\xb0\x99cYx\x94\xa0\x99\xf7\
\xc3\xa5^\xa4R:\xf9\x11\x02\xb2~=\x146\xb3l\
\x8f\x1fgi4I\xd0/\xbf\xab\xcd\xa2\xb4I\xe9\xf7\
\x07\xeb\xec\x1c\xab\xeb\xfa\xb1T\x8a\xd1)\x18\x99\x82\x17\
\xdf\x01\xc0\xb1-\x1e\x1b\x9d\xbet\x22T\x93\x80G\x9f\
@\xe5\x8b\xbc\x98-\xe0\xbd\xf0\x8e\x96\xfa\x5c\xe7\x13\xb0\
*k\xef\x12\x5cO\xf7\x03RY0(\xd0\x1e\x1d\xc6\
\xf4\x13\x17\xd7\xd3\xa7EE\xa7\x9c\x08\xa5|\x02\x84\x00\
\xdbp\x08U\x95\xdf%x\x1eL&\xcb\x84\xe1w\x9b\
\x96\x86\xc7p]\x17\xd7\x83\xae>\x18N\xa0B\x01\x1e\
_\x11\xe7\xf1\xb9\xf7\xd7BM\x02\xd0\xa1\xf0\x9f-\x83\
\x81\xc3gt\xa9{a\xce;\x1a\xa6\x01A[{d\
\xa5t\xfd\xeex\x12\xe9\xf7\xfa3\xf9\xb2z\xcf\xc27\
\x1b\xe5\xab\xb2!\x17N\x8f\xf1\xfd\xcdh6N\xaa\x18\
\x9eu\x9e\xa5\x86H5b\x11\x18O\xc1\xc1\x1e\x1c)\
8\x99\xcd\xf3\xa7G\xfa\xae\xfe`\x04\xd7c\xaa\xb3\x8d\
\xef\x84\x03\xdc:<\xc5\x8a\xe3\x03\xfaD\xa6!RN\
?\x1b\x03\x09<$]\x93\x1b\x10@C E\xc0\xd2\
\x1a\x12\xac:\xe0\x94Rww\x0c\xe9\x1fo\xf5\xe8\xff\
\xb7\xac\x9a;\xab\x86\xa3Lz\x92\xabq\x95AHL\
\x93\xceA\xfd\x02\x8d\x16\xa5t\x9a\xfd\xf4\x01\xdc|\x91\
aO\xf1\x80\xa78S9\xaa6.J\x00\xc0\xc4\x0c\
\x99\x87n\xe0)C\xd2\xd9?\xc1\xa6\x93\x83\x88U-\
\x10\x09\xe9\xf4\xb310\x8d)\x5c\x22V\x96\x86\xc0\x0c\
\xa6t\x11Bor!i\x95\xec\xba\xe0\xc0\x1b=:\
\xc4m\xed\xa8\x1e\x05\x86\xf0\x88\x07\x12\xc4\x03\xd3x\x9e\
\xa2\xe8jBK\xdaP\xd2\xbc\x93\x83\xf0\xf4A\xdc|\
\x91IO\xb1\x0f8X\xfd\xac\x8b\xe1\x92\x04\x00\x1c>\
K\xf1\x93\xb7\xf0\xe3l\x9e\x15\xa3\xd3l?9\x88X\
\xddT\xa03>\x8d!u\xd2\x122\xf3\xa0\xb4-\x96\
\x92\x9bj(\x05y\xd7\xc6\x10.\x05G\xd7\x02\xf1\xba\
\xf9\x1aP\x0a\x83\x96t\x91Ba\x1a\xe5\xbe\xe4\xc4L\
y\xdcKG\xe1\xa7\x87\xf1\xf2\x0e\xc3\x9e\xe2!\xe0\x97\
\xe5_/\x0f\x97E\x00\xc0\xeb\xa7po\xb8\x96g\x83\
6\x91\x81\x09n<\xd2\x870\xa4.jJ\x09\xc8t\
\xa6|\x90Q\x22 _\xd4\x1f\xcb\x80T1\xc2;\x93\
\x1bi\x0c$Qn\x91\xd7\xbba\xd5\x12X\xb7\xac<\
\x8f\xebjg'\xfd\x06\x09U\xd1\xc0q\xc1U\xf0_\
\x07\xe1\xad3\xb8(\x8e)\xc5#\xea\x0a%_\xc2e\
\x13\x00pr\x10\xef\xe3\xd7\xf3R\xd0&\x9b\xca\xf1\x81\
\xe3\x03\xc8\xbe1\xdd\x08\x09\xd9\xbaH\x0aZe\x0f\xcf\
\x9c\xa4%\x14\xd0^\xdb6\x8a4\xd8I\xd2y\xc5\x1b\
=\xfa\xde\xceV=\xb6tO\xd1\x01\xcb\x14\xf3\xa2\x81\
\x10\xba\x15\xff\xe4\xabp~\x0c\xc7\x90|\xbf\xe8\xf2\xb0\
\x82\xd3\x95#/\x1fWD\x00\xc0\x1b\xa7\xf1\xbex7\
\xbfj\x8a\xd1\x97\xc9sO\xcf0\xe6\xb1>\xdd\xben\
\x89\x95OzK\x0dP\xdb\xf4_\x92\x10PT\x161\
;\x85!\x15\xd9\x82\xf6\x01+\x9a\xb4\x16\xe5\x0a:Q\
\x92\x12\x12n\x0b\x13\x85f\x1a\xec$Bh\xa9O\xa4\
\xe0\xf5\x93\xf0\xe3C\xa8\xa94\x8e\x14|\xb5\xe8\xf2\x87\
\xc0\x02\xa7\x13\x97\x8f+&\x00`\x7f\x17\xea\x137q\
t\xc3\x0a\x8e\x19\x92{z/\x10\xe8:\xa7%\xbd\xb2\
\x19<,N$\xd6\x104\xf3\x84\xcc\x82\xbfy\x93\xae\
\xc9\x0d\x80 f\xa7p\x5c]\x12/\xa9\xd7\xf7\xb8\xca\
ok\x0bH\xe4\xeb\xc9\xb9\x01\xea\xcc)z\x87\xe1G\
o\xea\xd6\xda\xb91\x94\xeb\xd1\x0f|\xd9\xf5\xf8\xba\xff\
\x82\xf5U\xe1]\x11\x80&\xc1\xbb{;\xa7V\xb7\xf2\
\xda\xd2Fn\x1b\x98\xa0\xf1\xf40\x9c\x1a\x84\x96z\x81\
k4\xd0h\xcf\xcc\xbe\x00)\xf10\x84K} \x89\
-\x1d\xf2E8\xd0\xa3\xb5fk\x87\xdf[\xf0M \
j\xa6\x98\x99N\xf0\x9f\xaf+^=\xa1\x89]\xda\xc8\
H\xc8\xe6\x8f&S|I)\x0eW\xae\xe6\xdd\xe3]\
\x13\x80\xaf\x09{\xb7\xd2\xdf\x1c\xe3\x99\xcd+\xa9\xf7<\
6\xf7\x8e`\xbc}VAa\x92uK\x8b\xb3\x1d\x5c\
! je\xb0\xa5\x16Z\xc1\xd1\x1a\x10\x0eh\x02\xe6\
:\xcd\x17\xba\xe0\xb9\xc3\xba\xf0\xda\xd1I\xf6\xae\xed\xfc\
E}\x98\xcf\xbe\xde\xcdk\xc0\x9c\x92\xea\xeaqU\x04\
\xe0\x93\xb0\xbf\x8b\xc4Gv\xf2\xdc\x9a6\x0et,a\
\xfd\xd84m\xbd\x17\x10G\xfbay\xdc?\xcf\xabB\
)\x0fh\x8c\x96\xc3\xe0\xf0\x14<\xf9K8\xd6\xa7M\
\xe3\xfe\xdd\x1c\xd8\xbd\x96{\x9bc\xfc\xf0\xef\x9f]\xfc\
\xd7dY\x0c\x02J\xd8\xdf\x85s\xd76z\x1b\x22|\
oM\x1b'\xf2Ev\xf7\x8d\x13;rN7(\xda\
\x9b*s\xfc\x5c\x11\x0evk\xfb_\xd5\x02/\x1f\x83\
\x1f\x1c\x84D\x06\xb6v\xe0>p=\x8f\xb77\xf3\xf9\
?{\x92\xbe\xfd]\xb5\x0fg\xae\x16\x8bF\x00\x9a\x04\
\xf6w\x91\xbbo\x17]+[\xf8V\xbeH&\x99e\
O\xf7 \xf6\xb1~\xdd\xf1i\xf2\xdf\x02\x9bN\xc3\x1b\
\xa7\xf5\x81\xc7+\xc7\xe1H\x1f\xc4Bp\xefN\x86o\
\xdb\xc8\xa3u!\xfe\xe6\xd1'HT\xcf\xb1\xd8X \
_[\x5c|p3\xcb\x07&\xf8\xfa\xc0\x04\x1fs=\
\x8c5mp\xcf\x0e\x18\x99\xd6G\xecR\xd7\x05\xaa\xb3\
\x95S\x1f\xda\xce\xdf-o\xe2Y\xe0\xc2\xa3O\x5c^\
1\xf3\x7f\x02\x9f\xba\x15c{\x07w7\xd5\xd1oH\
\xbc\xba\x10\xde\x9a6\x5c\xcb\xc4m\x8eq\xb2%\xc6g\
\xf7\xace\x81\xf7M\x7f\xc3p\xefNBm\x8d|\xc5\
2\x19\x02<!\x98\xeeha\xe3\xa5\xde\xe2x/\xf1\
\xbf2\xb1m\xd2Rt\xf8\xb2\x7f\x8c\xf0\xd7\x8b\x1d\xda\
\xde\xc7\xfbx\x1f\xef\xe3}\x5c&\xfe\x1bwCk\xc2\
6\x9byJ\x00\x00\x00\x00IEND\xaeB`\x82\
\
\x00\x00\x0e\xce\
\x89\
PNG\x0d\x0a\x1a\x0a\x00\x00\x00\x0dIHDR\x00\
\x00\x00@\x00\x00\x00@\x08\x06\x00\x00\x00\xaaiq\xde\
\x00\x00\x00\x01sRGB\x00\xae\xce\x1c\xe9\x00\x00\x00\
\x04gAMA\x00\x00\xb1\x8f\x0b\xfca\x05\x00\x00\x00\
\x09pHYs\x00\x00\x0e\xc2\x00\x00\x0e\xc2\x01\x15(\
J\x80\x00\x00\x00\x18tEXtSoftwa\
re\x00Paint.NET 5.1\
.7\x8b\xd6\xf79\x00\x00\x00\xb6eXIfII\
*\x00\x08\x00\x00\x00\x05\x00\x1a\x01\x05\x00\x01\x00\x00\x00\
J\x00\x00\x00\x1b\x01\x05\x00\x01\x00\x00\x00R\x00\x00\x00\
(\x01\x03\x00\x01\x00\x00\x00\x02\x00\x00\x001\x01\x02\x00\
\x10\x00\x00\x00Z\x00\x00\x00i\x87\x04\x00\x01\x00\x00\x00\
j\x00\x00\x00\x00\x00\x00\x00\xf2v\x01\x00\xe8\x03\x00\x00\
\xf2v\x01\x00\xe8\x03\x00\x00Paint.NE\
T 5.1.7\x00\x03\x00\x00\x90\x07\x00\x04\x00\
\x00\x000230\x01\xa0\x03\x00\x01\x00\x00\x00\x01\x00\
\x00\x00\x05\xa0\x04\x00\x01\x00\x00\x00\x94\x00\x00\x00\x00\x00\
\x00\x00\x02\x00\x01\x00\x02\x00\x04\x00\x00\x00R98\x00\
\x02\x00\x07\x00\x04\x00\x00\x000100\x00\x00\x00\x00\
B\xa9\xa9\xe2\xba\xf9e\xf1\x00\x00\x0d}IDAT\
x^\xed\x9b\xdbO\x1cW\x9e\xc7\xbfu\xe9\xae\xee\xa2\
\x8bn\xa0\x81\x1e\x83\x9b[0\x8b\xc1\x83\x0d\x0e$6\
v&\xa3\xac\x9dx<Q;d$l+NO\xa4\
\xe4\x85? \x0f\x91\xb5Zm\x1e\xf2\x90\x91\xa3h\xb5\
J\xb2\xb9\x90\x8b\xa5,\xd9HxVJ\xe4I4\xab\
\xd8\xf1\x12l\xb2\x09`h\xd1`\xd6\xcd\xad\x8d\xb9\xf4\
\xbd\xab\xbb\xeb\xb6\x0f9\x9dak\xa1\xa1\x9b\xc6y\xe1\
#\x1d!\xea\x9c\xaa\xae\xf3\xad\xdf\xf9\xfdN\xfd\xce)\
`\x97]v\xd9e\x97\x07Goo/\xd5\xdb\xdbK\
\xe9\x8f\xffR\xe4\xfdFH\xe7(\x00\x8c\xae\xd0\xe48\
\x0d@\x03\xa0\xae)k\xffW\xd2\xc7\xdcn\xb7\xa6\xbf\
~\xbe\xc9\x9b\x00\xbd\xbd\xbd\x0c\x00\x16\x80\x09@!\x00\
\x01\x80\x0d\x80\x15\x00O\x8e\x1b\xc8o\xa6;\x9dZS\
\xa2\x00b\xa4D\xc8_\x11\x80\x04@\xd9)1\xb6-\
@oo/\x0d\x80#\x9d\xfd\x15\x80\x1a\x00u\x00*\
\x01\x94\x03(\x06P@\xda\xa4-!\xfd\xc4e\xd2\xf9\
$\x11 \x0c`\x05\xc0=\x00\xf3\xa4\xf8\x01,\x93\xfa\
\x14\x00\xd5\xedv\xab\xfa\xfb\xc8\x95\x9c\x05 \xa6\xce\x92\
\x8eW\x03h\x01\xd0\x0a\xa0\x91t\xde\x16\x8f\xc7yQ\
\x14\xd9D\x22A\x03\xa0h\x9a\xa6L&\x93F\xd34\
e0\x184M\xd3\xc00\x8cf2\x994b\xfa\xd2\
\x1akX!\x02L\x03\x98\x22e\x0e\xc0*\x11*\x09\
@\xde\xaee\xe4$\xc0\x9a\xa7\xbe\x07\xc0a\x00\xbf\x01\
pXQ\x94\xaaX,f\xf5x<\x86\xe1\xe1a\xea\
\xee\xdd\xbb\x08\x06\x83\x90e\x19\x14\xf5\xd3O1\x0c\x03\
\x83\xc1\x00\x83\xc1\x00\x00(,,\xc4\xa9S\xa7`\xb5\
Z\xc1\xf3<x\x9e\xd7,\x16\x0b\x0c\x06CZ\x90\x18\
\xb1\x80\x19\x00\x13\x00<\xe4\xef]\x22Rl;C$\
k\x01H\xe7-\x00\xea\x01\xfc\x16\xc0\x89D\x22\xf1\xeb\
\xa9\xa9\xa9\xe2\xaf\xbf\xfe\x9a\xf5\xf9|\x10E\x114M\
\xc3f\xb3\xc1\xe1p\xa0\xa1\xa1\x01,\xcb\x22\x1c\x0eC\
\x14E\x04\x02\x01H\x92\x84X,\x06\x9f\xcf\x07M\xd3\
\xa0\xaa*(\x8a\x82\xd1hDYY\x19,\x16\x0bj\
jjP__\x8f\xea\xeaj\xd5b\xb1H4M\x87\
\xc9\x90\xf0\x00\x18\x02\xf0=\x80I\x22P2\x17\x11\xb2\
\x12\x808:\x01@3\x80\xdfK\x92\xf4\x94\xc7\xe3\xd9\
w\xe5\xca\x15\xce\xe7\xf3\xc1h4b\xef\xde\xbd8|\
\xf80\x0e\x1c8\x00\x9b\xcd\x06\x8e\xe3~~\xfazT\
U\x85\xcf\xe7C$\x12A(\x14B \x10\xc0\xc4\xc4\
\x04VWW\x11\x8f\xc7\x91J\xa5\xa0(\x0ax\x9e\x87\
\xc3\xe1@mm-Z[[\xd5\xca\xca\xca\xa8\xc9d\
\x9a\x01p\x0b\xc0_\x01\xdc\x040\x0b \x91\xad\x08\xeb\
\xdf\xd9:\x90'_H\xc6z\x97(\x8a\xbf\xeb\xeb\xeb\
\xab\x1e\x1c\x1c\xa4\x19\x86AGG\x07\x9e|\xf2IX\
\xad\xd6\x9f\xcd;\x17TU\x85(\x8a\x90$\x09\xab\xab\
\xab\xf0x<\x18\x1b\x1b\x83\xdf\xefG8\x1c\x06\xcb\xb2\
(**Bgg\xa7\xf2\xd4SO-1\x0c3\x04\
\xe0\x0b\x00\xff\x09\xe0\xae\xdb\xedN\xe8\xaf\x99\x89-\x09\
@\x1c\x9e\x05\xc0\xaf\x01\xfc!\x18\x0c\xba>\xf8\xe0\x03\
\xe7\xe8\xe8(\xd5\xd4\xd4\x843g\xce\xa0\xba\xba\x1a4\
M\xebO\xcd\x0b\x9a\xa6!\x1e\x8fcnn\x0e\x83\x83\
\x83\x18\x1a\x1aB$\x12Akk\xab\xe6v\xbb\x83\x82\
 \x0c\x02\xf8wb\x0dsn\xb7[\xd2_c#\x18\
\xfd\x81\xf5p\xb9\x5c&\x12\xda\x5c\xa2(\x9e\xb9t\xe9\
R\xcd\xec\xec,\xd5\xd9\xd9\x89\x17^x\x01\xa5\xa5\xa5\
\x1b\x9ay>H\xfb\x06\xbb\xdd\x8e\x96\x96\x16\xb4\xb7\xb7\
\xe3\xfe\xfd\xfb\x18\x1f\x1f\xa7\xbc^\xaf\xa9\xad\xad\xad\xc8\
`0P\x00\x16\x01,\xba\x5c\xaeD\x7f\x7f\xbf\xfe2\
\xeb\xb2\xa9\x00\xbd\xbd\xbd,\xf1\xf6'eY\xfe\xc3\xa7\
\x9f~\xda822B\x1f;v\x0cg\xcf\x9e\x85\xd1\
h\xd4\x9f\xb2\xe3\xf0<\x8fC\x87\x0e!\x10\x08`d\
d\x84\x8a\xc5b\xe6\xa6\xa6&\x9e\xa6\xe9\x10\x00\x1f\x80\
`\x7f\x7f\xbf\xa2?o=2\xda,1}\x81\x8c\xfb\
\x93###\xfb\x07\x06\x06\xe8\xe6\xe6ftuu\x81\
eY\xfd)\x0f\x0c\x8e\xe3\xd0\xdd\xdd\x8d\xa6\xa6&\x5c\
\xbf~\x9d\x1a\x1a\x1a\xaa\xd04\xad\x1d\xc0>\x00\xfcV\
\xdf72\x0a\x00\xc0\x08\xc0\x09\xe0\xb1x<~\xe8\xca\
\x95+&\x8b\xc5\x82\x0b\x17.\xc0l6\xeb\xdb>p\
\xccf3\xba\xbb\xbb!\x08\x02>\xff\xfcsnqq\
\xb1\x01@\x13\x99}n\xd67 S#\xe2\xf5\xad\x00\
\x0e\x00x\xe4\xfa\xf5\xeb\xe5\xb3\xb3\xb3x\xfc\xf1\xc7Q\
\x5c\x5c\xaco\xbe%TUE\x22\x91@0\x18\xc4\xfc\
\xfc<<\x1e\x0f<\x1e\x0f|>\x1f\xa2\xd1(4-\
\xab\x08\x06\x00(//\xc7\xd3O?\x8d`0\x88\xbe\
\xbe>\x87\xaa\xaaMdJ\xbe\xa5P\xb4\xa1\x99\xf4\xf6\
\xf6\x1a\x01\xfc\x1d\x80?\x86\xc3\xe1s\xaf\xbd\xf6Z\x99\
\xaa\xaax\xe5\x95W \x08\x82\xbeyF4M\x83\xd7\
\xeb\xc5\x8d\x1b7\xe0\xf5z\x11\x8b\xc5\xa0(\x0adY\
\x06M\xd3\x90e\x19\x05\x05\x05\xa8\xaf\xaf\xc7\xd9\xb3g\
QRR\xa2\xbfDF$I\xc2\x9bo\xbe\x89\xf1\xf1\
q\xbc\xf4\xd2K\xde\x8e\x8e\x8e\x7f\x00\xf0\xa5\xdb\xed\x0e\
\xe9\xdb\xeaY\xd7\x09\xae\x09{\x07\x01\xfc\xee\xea\xd5\xab\
\xfbGGG\xe9S\xa7Na\xff\xfe\xfd\xfa\xe6\x9b\xf2\
\xc5\x17_\xe0\xfd\xf7\xdf\xc7\xdc\xdc\x1c8\x8e\x83\xd3\xe9\
D[[\x1b\x8e\x1e=\x8a#G\x8e\xa0\xa4\xa4\x04\xa1\
P\x08\x93\x93\x93\xb8y\xf3&Z[[QPP\xa0\
\xbf\xcc\x860\x0c\x83\xba\xba:|\xfb\xed\xb7\xf0\xfb\xfd\
\x96\x87\x1f~\xf8\xb6\xd1h\xf4\xb8\x5c\xae\xc8f\xd1`\
]\x01\x5c.\x17M\xc6\xd1\x91x<\xfe\xf7}}}\
\xa5\x06\x83\x81:w\xee\x1c8\x8e\xd37\xcfH8\x1c\
\xc6;\xef\xbc\x83\x82\x82\x02\xf4\xf4\xf4\xe0\xcc\x9938\
v\xec\x18\x1a\x1b\x1b\xe1t:\xe1p8\xb0\x7f\xff~\
tvv\x22\x95Ja||\x1c\xf7\xee\xddCGG\
GV\xa1\xd5b\xb1\xe0\xfe\xfd\xfb\x98\x9c\x9cd**\
*\xa2\x15\x15\x15\xff\x05`\xa5\xbf\xbf?\xe3\xb8\xda\xc8\
\x07\xa4g}\x95\xa2(\x16\xaf\xac\xacP\x0f=\xf4P\
VO%\x0d\xcf\xf38}\xfa4zzz\xd0\xd8\xd8\
\xb8\xa1\xf34\x18\x0c\xe8\xea\xeaBMM\x0d\xbc^/\
\x96\x96\x96\xf4M6\xe5\xe8\xd1\xa3\x90e\x99\x1a\x1d\x1d\
=\x00\xa0\x8c\xbc\xb0e$\x93\x00\x05\x00J\x02\x81\x00\
\x9fH$P[[\x9b\xd3L\x8feY\x9c<y\x12\
555\xfa\xaa\xff\x07\xcb\xb2x\xec\xb1\xc7\xa0(J\
N\x02\xec\xd9\xb3\x07\x85\x85\x85\x98\x9e\x9e.\x0f\x85B\
5$\x09\x93\x91\x8dz\xc4\x90\x93\x85H$\xc2h\x9a\
\x86\xb2\xb22}\x9b\x1d\xa1\xa8\xa8\x084MCQ\xb6\
4\x8f\xf9?\xf0<\x8f\xca\xcaJ\x04\x02\x01\xd3\xea\xea\
j\x1d\x003\x89f\x1b\x92\xa9\x92\x05`\x5cYYa\
\x18\x86\x81\xd5j\xd5\xd7\xef\x08\xb1X\x0c\xaa\x9a[\xc2\
\x87\xa6i477C\x92$*\x16\x8b9\xc90\xce\
\xd4\xc7\xcc\x95\x00\x14Y\x965\x10\xf3\xdci4M\xc3\
\xe0\xe0 (\x8a\xca:\xd4\xa6!\x0f\x8a\x8aF\xa3\x95\
d\x16\x9b\xb1\x8f\x1bUj$!)F\x22\x11\xb0,\
\x9b\xb5\xf7\xcf\x05\xbf\xdf\x8f\xb1\xb11\xd8l6TT\
T\xe8\xab\xb7DII\x09(\x8a\xc2\xea\xea\xaa\x9dX\
\xc0\xba\x91.\xcdF\x02(D\x80`2\x99T(\x8a\
\xca*$\xe5\x82,\xcb\xf8\xf0\xc3\x0f!\xcb2N\x9f\
>\x9d\xb3\xe0f\xb3\x19\x0c\xc3 \x10\x08\xa43\xd2\x19\
Mw#\x01T\x92\x98\x5c\x0c\x85B*\xcb\xb2;\x22\
\x80(\x8a\x98\x9d\x9d\x85\xd7\xeb\xc5\xe5\xcb\x97155\
\x85\xfa\xfaz<\xf2\xc8#\xfa\xa6[\xc6l6\x83\xe3\
8\xf8|>\xab,\xcb\xd6\xcd\xa6\xc4\x1b\x09\xa0\x91d\
\xe3\x8c\xaa\xaa\xa2\xaa\xaa9y\xe5L\xa4R)\xbc\xf1\
\xc6\x1bx\xf5\xd5W\xf1\xfa\xeb\xaf\xe3\xda\xb5kp8\
\x1cx\xf1\xc5\x17\xb7\x95Q\xe28\x0eV\xab\x15\xb1X\
\xcc\x10\x8dFm\x00\x98Lo\x86\x9b\x09\xe0+**\
Z\x90$I\x8bF\xa3\x19gT\xd9\x12\x89Dp\xf7\
\xee]8\x9dN<\xfb\xec\xb3\xe8\xe9\xe9\xc1\xcb/\xbf\
\x9c\xf5{\x80\x1e\x83\xc1\x00\xb3\xd9\x8cT*\xc5\x10\x0b\
0fz\xe7YW\x00\x92XL\x01\x98\xb5Z\xad\xa3\
\xaa\xaabaaA\xdfl[\x84B!\xa8\xaa\x8a\xb6\
\xb66\x9c8q\x02\xad\xad\xad(,,\xd47\xcb\x1a\
\x96ea2\x99 I\x12\xa5(\x8a@|\xc0\x86\x0f\
o]\x01\x082\x80\xe5\xe2\xe2\xe2oX\x96\x95\x87\x87\
\x87\xd5\x5c\xe3\xf3z\x88\xa2\x08\x86avd\x82E\x1c\
(%\xcb\xb2\x89\x08\x90\x9d\x05\xe0oV\x10\xb3\xdb\xed\
\x83\x16\x8b\xe5\xfe\xe4\xe4$\xf29\x0c,\x16\x0b\x0a\x0b\
\x0bs\xce-l\x86\xa6i\xa0(j\xedz\xe4\xbal\
(\x00Aihh\xf0UTT|\x1d\x8b\xc5\xb4\xc9\
\xc9\xc9\xbc\x99\x80\xd3\xe9\xc4\xc5\x8b\x17QUU\xa5\xaf\
\xda\x16\xe9\xa4\x0bM\xd3`Y6\xbd2\x9d\x9b\x00\xc4\
\x0a\xe2UUU\xffAQ\x94<00\x907\x0bH\
\xcf\xf6\xf2\x1d^eY\x86$I0\x9b\xcd\x1a\x89&\
\x19\xfb\x98\xb1\x92\xa0<\xfa\xe8\xa3?\xf0<\xbf\xec\xf5\
z\xa9p8\x9c7\x11v\x02EQ\x10\x8dF\xc1q\
\x9cf4\x1a\xe5L\x0e\x10[\x14@s8\x1c\xabU\
UU\xdf\xc4b1z~~>\xe3\x05\x7fi\xa2\xd1\
(B\xa1\x10\xecv\xbbRPP\x10#\xb3\xda\x0d\xd9\
T\x002\x0c\x92\xcd\xcd\xcd_\xd24\xad\x0c\x0c\x0c\xa8\
\xb9$/\x1f\x14\xa1P\x08\xb2,\xc3\xe9t\xa6\x97\xd9\
\x93\x99\xac`S\x01\x08\xa9\xfa\xfa\xfa\x11\xab\xd5z\x7f\
xx8/\xc3\xe0\xde\xbd{XXX\xc8)\x13\x9c\
\x89\xa9\xa9)(\x8a\x82\xca\xca\xca(\x80@\xbe\x04P\
\xf7\xee\xdd\xeb\xdf\xbbw\xefuQ\x14166\xb6\xad\
h I\x12>\xfb\xec3|\xf4\xd1GH$\xb2Z\
\xcb\xcc\x88$I\xf8\xf1\xc7\x1fa\xb1X4\xa7\xd3\xb9\
Hv\x9a$\xb6-\x00\x19\x06\xd1\x96\x96\x96\x7f3\x18\
\x0c\xa9k\xd7\xaei\x92$mx\xd1\xcd0\x18\x0c\xe8\
\xee\xee\xc6s\xcf=\x07\x93i\xd3\xac\xd5\x96\x09\x06\x83\
\x98\x9d\x9dEmm\xadb\xb3\xd9|\x00\x166[2\
\xdf\x92\x00\x04\xe9\xe0\xc1\x83\xffm\xb7\xdboOOO\
\xd3>\x9fo[VPZZ\x8a\x8a\x8a\x8a\xbc\x86\xc1\
\xef\xbe\xfb\x0e\xa2(\xa2\xbd\xbd=\xc80\xcc\x04\xb1\x80\
\x94\xbe\xddZ\xb6,\x80\xdb\xedVl6\xdb\xd2\xe1\xc3\
\x87\xff\x85\xa2(\xf9\xddw\xdfE0\x18\xdcP\xd9\x07\
M\xda\xfcm6\x9b\xd6\xd0\xd00\x09`\x94\xac\x16o\
/\x0a\xe8H\x9e8q\xe2/\xf5\xf5\xf5WWVV\
\xa8\xf7\xde{O\x8b\xc7\xe3\xfa6\xbf\x08\x93\x93\x93\xf0\
\xfb\xfd\xa8\xab\xab\x13\x05A\x18\x00p\x1b@t\xb3\x1d\
eY\x09\xe0v\xbb\x15\x8e\xe3V\xce\x9f?\xffO\xfb\
\xf6\xed\x1b\xbe}\xfb6\xfd\xd6[oi\xd1hT\xdf\
\xf4\x81\x12\x0e\x87\xd1\xd7\xd7\x07\x96e\xd5'\x9exb\
\x00\xc0u\xb2\xa3,\xa3\xf9c\xb3|\xd9z\xb8\x5c.\
U\x10\x84\xc8\xa1C\x87<sss\x0f{\xbd^\xfb\
\xc4\xc4\x04u\xe0\xc0\x81\xbc:\xb4\xad\x92J\xa5p\xf9\
\xf2eLLLh\xc7\x8f\x1f\xf7\x1d?~\xfc_)\
\x8a\xba\x01`\xc9\xedvg4\x7fdk\x01X\x13\x11\
x\x9e\x1f\xbep\xe1\xc2?655\xdd\xb9s\xe7\x8e\
v\xe9\xd2%\xcd\xef\xf7\xe7=\xaegB\x14E|\xf2\
\xc9'\xda\xad[\xb7\xb4\x96\x96\x96{\xcf<\xf3\xcc?\
\xd34\xfd\x0d\xd9I&\xeb\xdb\xafG\xd6\x16\x00\x00\xfd\
\xfd\xfd\x9a\xcb\xe5J\xf1<\xbf\xdc\xd2\xd22\xb5\xb2\xb2\
\xd2811Q\xf6\xc3\x0f?\xa0\xb4\xb4\x94*//\
\xcf\xabw_\x8fT*\xa5}\xfc\xf1\xc7\xda\xd0\xd0\x10\
\xd5\xd0\xd0\xb0p\xfe\xfc\xf9?\x09\x82\xf0%\xd9!\x92\
1\xf4\xad%'\x01\xf0\x93\x08\xaa\xcb\xe5J\xb0,\xbb\
|\xf0\xe0\xc11\x9e\xe7\x0b\xef\xdc\xb9S}\xe3\xc6\x0d\
\xc6\xef\xf7\xa3\xaa\xaa\x8a\xe2y>\xefBh\x9a\xa6-\
..\xaao\xbf\xfd\xb6222\xc2\xec\xd9\xb3g\xe6\
\xf9\xe7\x9f\xbfX^^~5\x97\xadr\xdb\xbe;\xb2\
\x87\xc8\x06\xa0nll\xec\xf7\xfd\xfd\xfd\x7f\x9c\x99\x99\
q\xf0<\x8f#G\x8e\xa0\xbd\xbd\x9d\xb2\xdb\xed\x14\xc7\
qY/\xae(\x8a\x82T*\x85D\x22\xa1\x05\x83A\
mffF\xbdy\xf3\xa6:==M'\x93I\xca\
\xe9t\xde:w\xee\xdc\xc5}\xfb\xf6\x0d\x03\x08\x01\x90\
\xb2\xe9<\xf2!\x00\xfe\xb6\x9b\xc4\x04\xa0<\x10\x084\
}\xf5\xd5W\xe7\xbe\xff\xfe\xfb\x13KKK\xc54M\
C\x10\x04\xcdn\xb7\xc3f\xb3Q\xa5\xa5\xa5(,,\
\x04\xc7q0\x18\x0c\x94\xc5b\xd1@\xc6s,\x16\xa3\
\xa2\xd1\xa8\x16\x0c\x06\xa9P(\xa4%\x12\x09\x84B!\
-\x12\x89 \x95JAUU\x8de\xd9\x84 \x08\xff\
\xd3\xd4\xd4\xf4VWW\xd7\x9f-\x16Kz\x97h\xc6\
p\xb7\x11y\x11 \x0d\xb1\x063\x80\x92\xe5\xe5\xe5\x9a\
\xe1\xe1\xe1N\xaf\xd7\xfb\x9b\xf9\xf9\xf9FQ\x14\x85d\
2\xc9\xa9\xaaJ\xab\xaa\x9a\xfe]*\xbd\xe2LRX\
\x1aM\xd3`\x18F\xa5iZeYVfY6Q\
PP\xb0\x5cTT4QRR2\xe8p8\x06\xda\
\xda\xda<\x82 \x84H\xc77\xf5\xf4\x99\xc8\xab\x00i\
\xc8\x96Z#\xf9N@\x88\xc7\xe3\xc5\x0b\x0b\x0bU\xc9\
d\xd2\x91H$J\x15E)J\xa5R\x82,\xcbf\
M\xd3~J\xdb\xd0\xb4\xcaq\x5cR\x10\x840\xcf\xf3\
A\x86a\x02\x14E-[,\x96\xb9\xa2\xa2\x22?y\
\xb3\x8b\x90\xd8\xbe\xed]\xe2ivD\x804k\xbe\x1e\
\xa1Ir2]\x8c$[\xcb\xea\x1cq\xfa\x1b\x82\xf4\
w\x04\xe9\x22ogGx&vT\x80\xf5X\xb3J\
\x93\x16G[s\x1f\xe9\x0e\xfe\xdc\xd1\x9d\xe8\xf4.\xbb\
\xec\xb2\xcb.\xbb\xfc\xc4\xff\x02.!\xa2lMC\xdb\
\x07\x00\x00\x00\x00IEND\xaeB`\x82\
\x00\x00\x18T\
\x89\
PNG\x0d\x0a\x1a\x0a\x00\x00\x00\x0dIHDR\x00\
\x00\x00@\x00\x00\x00@\x08\x06\x00\x00\x00\xaaiq\xde\
\x00\x00\x00\x01sRGB\x00\xae\xce\x1c\xe9\x00\x00\x00\
\x04gAMA\x00\x00\xb1\x8f\x0b\xfca\x05\x00\x00\x00\
\x09pHYs\x00\x00\x0e\xc2\x00\x00\x0e\xc2\x01\x15(\
J\x80\x00\x00\x00\x18tEXtSoftwa\
re\x00Paint.NET 5.1\
.7\x8b\xd6\xf79\x00\x00\x00\xb6eXIfII\
*\x00\x08\x00\x00\x00\x05\x00\x1a\x01\x05\x00\x01\x00\x00\x00\
J\x00\x00\x00\x1b\x01\x05\x00\x01\x00\x00\x00R\x00\x00\x00\
(\x01\x03\x00\x01\x00\x00\x00\x02\x00\x00\x001\x01\x02\x00\
\x10\x00\x00\x00Z\x00\x00\x00i\x87\x04\x00\x01\x00\x00\x00\
j\x00\x00\x00\x00\x00\x00\x00\xf2v\x01\x00\xe8\x03\x00\x00\
\xf2v\x01\x00\xe8\x03\x00\x00Paint.NE\
T 5.1.7\x00\x03\x00\x00\x90\x07\x00\x04\x00\
\x00\x000230\x01\xa0\x03\x00\x01\x00\x00\x00\x01\x00\
\x00\x00\x05\xa0\x04\x00\x01\x00\x00\x00\x94\x00\x00\x00\x00\x00\
\x00\x00\x02\x00\x01\x00\x02\x00\x04\x00\x00\x00R98\x00\
\x02\x00\x07\x00\x04\x00\x00\x000100\x00\x00\x00\x00\
B\xa9\xa9\xe2\xba\xf9e\xf1\x00\x00\x17\x03IDAT\
x^\xed\x9ayt\x5c\xd5\x95\xaf\xbfs\x87\x9a\xabT\
%\xa94K\xb6d[\xb6l\xd9\x96g\x1b0\x98\xb6\
\x0d\x18\x13a\xa60C $8M \x9d\xf4#$\
\xbc\xce\xeb\xceD\xf2\xb2\xfa\xbd\x0c\xddYq7\xaf\xbb\
\xc9\xb4\x92t7\x10\xcc`\xc0\x80!x\x00\xcf\xb3<\
\xc9\x83\xe6\xb1T\xa5RMw:\xef\x8fr\xc0\x16\xe0\
\x89a\xf5z\x8f\xef\xcf{\xcf9\xf7\xee\xdf=g\x9f\
\xbd\xf7\xb9\xf0)\x9f\xf2)\xff?\xa3\x8e\xbe\xf0\x091\
V\x11\x5cVZ\xec\xebQ\x15\xa1\xe7\x0c\xdb\x18\xdd\xe0\
\xff)\xd6\xacjV\xbfp\xe3\x94\xc2\xc2\x90\xfbJ]\
S\x9eT\x04I!\xb0\xe6N-\xddR\x11\xf5\xb7\xdc\
w\xc3\x94\xe65\xab\x9a=\xa3\xfb}\x12\x88\xd1\x17>\
*\xd6\xacj\xd629\xab\xf0\xf0\x89\xf8\x15\xdb\xf7\xf7\
\xaf\xdc\xb4\xabgzg\xdf\x88O\x11\x82\xcaR\xbf\xbc\
uY\xbd24\x9c\xe3\xd7\xcf\x1e\x10~\xaf\xee,\xbf\
l\xeck\x0bgU<P^\xec?\xbcl\xe5j9\
z\xbc\x8f\x8b\x8f\x5c\x805\xab\x9aU\xa0\xb6\xbd;y\
\xff\x8b\x1b\xda\xee\xfd\xd3\xb6\xce\xc2D\xd2\xc0\xeb\xd6h\
\x18\x17\xe1\xb3WN\xa0\xae:\x84\xc7\xa5a\xdb\x0e\xeb\
wt\xf3O\xff\xbe\x97T\xc6\xe4\xe2\x19\x15\xf1\xe6\xcb\
k\xffrRm\xe4\xa9e+W\xe7F\x8f\xfdq\xf0\
\x91\x0a\xb0fU\xb3r\xe8D\xfc\xaa\x96\xd6\xd8/\x9e\
z\xa5\xb5&\x9e\xcc\x11\x0a\xb8\xb8n\xf18\x16L/\
\xa3\xa4\xc8\x87\xaa\x9c\xfeH)%\x9d})~\xf1\x87\
=\xec94Hi\x91\xcfY\xb2\xa0\xfa\x99\x92B\xef\
W\x7f\xf4\xaf\xdbO\x9c\xd6\xf8c\xe0\xa3\x14\xc0=\xbe\
\xa6\xe0\x8b\xa6\xe5\xfc\xa0\xbdg\xc4_T\xe0a\xf9e\
cY\xba\xa0\x9a\xc2\x82\xb3/\xeft\xd6\xe2\x85?\x1d\
\xe7\xb97\x8e\x13O\xe6\xa8)\x0f\xc6J\x0a\xbd\xdfP\
\x84\xf8\xe5\x9b\xdb\xbb>6'\xf9Q\x08\xe0\x02\xae\x00\
\xfeFUES$\xe8v/\x9e_M\xf3\xe5\xb5\xe7\
d\xf8\xa9H)\x89%r\xfc\xe1\xc5\xc3\xfci['\
\xa6\xe58~\x8f\xbe;\x9d5\xbf\x9d\xcaX/\x01\x99\
\xd1}>,\x1fV\x80*\x01\xdf\x96p\x9b\xa6\x0ak\
\xd9\xc2\xb1\xdau\x8b\xeb<\xa5E>\x94QS\xfd|\
\xb0m\x87\xe3]I~\xbf\xe6\x10;Z\xfae&k\
I!\xc4n\xdb\x91\xff\x1b\xf8#\x90\x1c\xdd\xe7B\xb9\
\xd0\xb7T\xdd\xba\xba\xdcv\x9c\x9f8\x92\xca\x89c\xc3\
\xd9\x07n\x9d\x16\xa8\xab\x0a)B\x5c\xe8\x90\xefEJ\
I\xf7@\x9a\x97\xd6\x9f\x90\xaf\xbe\xdda\x0c%\xb2\x96\
#9\x02\xfc\x18\xf8\x0f =\xba\xcf\xf9r\xdeo[\
X\xe0\xf6es\xf6Os\xa6}\x97\xdf\xab\xab7_\
5A\x5c\xbdp\x8c\xe2qk\xa3\x9b~d8\x8ed\
h8\xc7\x9a\xf5'r\xab\xd7\x1d5\x92)\xd3\x07l\
\x05\xee\x06\x0e\x8en\x7f>\x9c\xaf\x00\x0dn\x97\xfa\xcf\
\x86i_<\xa1&\xcc\x03\xb7M\x13\x13j\x0a\xf8(\
\xbf\xfa\xd9\x18\x18\xca8\xbf~\xf6\xe0\xd0+\x9b\xda\xfc\
\x8e\xa4\x17X\x01\xec\x1c\xdd\xee\x5c9\xd7PX\x01\x96\
)B<-\x04\x13\x97,\xa8V\xbe~\xefLQ^\
\xec\xffD\x8d\x07\xf0yu1\xa7\xb1\xc4\xe7\xf3h\xb9\
\xdd\x87\x06\x02\x8e\xe43@\xdb\xc9\x99p\xde\x01\xd4\xb9\
\x0a\xb0\x10xVB\xb8\xa16\xa2|\xe9\xe6\xa9\x84C\
\xee\xd1m>1\x14E\xd0P\x17q\x95G\xfdb\xd7\
\xc1\x01\xafi97\xe8\x9a2NS\xc5V\xdb\x91\xe7\
\xe5 \xcfI\x00!xDQ\xc4\x5c\xbfWW\xba\xfa\
Rl\xdc\xd9MQ\xd8KUY\x00\xe5\x13\x9e\x01\x7f\
F\x08AmeH\x99=\xa5Dom\x1f\x16\x83\x89\
l\x13R\xdc)\x04\x9a\x94\x0c\x9e\xdc)\xec\xd1\xfdF\
sN\x02\xb8]\xeaW\xdc\xba2\xee\xf6\xe5\xf5\x22\xe0\
\xd3im\x1ff\xfd\x8enz\x06\xd2L\x9fX\x8cK\
?\xa7a.\x04y6?\x15\x09yX4\xa7R\xf1\
\xb85Nt%\xdd\xe9\xac\xb5\x08\xb8\x0b(\x04^\x03\
\x9c\xd1}NE\x19}\xe1}p\xeb\x9a2\xce\xe3\xd6\
D\xd0\xef\xa2\xab?E\xd6\xb0\x91R\xb2\xee\xed\x0e\xbe\
\xf9\x93\x8d\xech\xe9\xc7\xb2\xcf\xf8\x9c\x0b\xe5\x8c\xc6\x1b\
\xa6M<\x99\xa3/\x96\xa1(\xec\x11U\xa5\x01\xdd\xa5\
\xab\x0a\xe0\x07\xae\x01\x02\xa3\xfb\x8c\xe6\x8c\x0f\x00p\xeb\
j\x05\x82\xd6\xf2\xa8\xcfS?&\xcc\xdaM\xedDB\
\x1e\x92Y\x0b3gA~\x890{J\x09\x9f\xbf~\
25\xe5\xc1\x8f\xcd1J)\xe9\x19H\xb3u_\x1f\
\xbb\x0f\x0d00\x94%1b\x90L\x19\x18\xa6\x8d\xaa\
\x08\x22!\x8f\xd33\x90\xca:\x927\x81\xe5g[\x06\
g}\xd3\xb2\x22\xdf\xc2\xfe\xa1\xcc\x1b\x0bgU\x88}\
\xad1\x92i\x93\xe2\xbbo\xa6\xcbS\x88\xb6{\x17l\
\xd8\x80a\xd8h\xaa \xe0\xd3Y<\xbf\x9a\xab\x17\x8e\
\xa1\xb4\xc8\x87\xaa\x9e\xcb\x04;3\xe9\xac\xc5`<\xc3\
\xa1\xe3q\xde\xd8\xda\xc9\xbe#1r\xa6\x8d\xcf\xa3\x11\
\xf0\xe9\xf8<:\xe1\xa0\x8b\xea\xb2 \xa5\xc5>\x0c\xc3\
v\x9ex\xa6EJ\xc9\xdf\x00?\x1c=\xdeh\xce*\
@i\x91\xef\x1f\x06\xe3\x99/\xdf\xb2\xac\x9e\xff\x5c\xdb\
\x8aZ?\x81\xdcu7 \x01\xe7\xd0\x11\xc4SOR\
\x16\xf53\xa9\xb1\x92}[\x8f2\x10\xcf\x12\xf2\xbb\x98\
99\xca_\xcc\xadb\xf2\xb8B\xce7H\xca\x196\
\x9b\xf7\xf4\xb2qg7\x87\xdb\xe2$S&9#\xff\
\x85K\x8a\xbc\xccl(\x91\x95\xa5~\xe1\xd6U4M\
\xa0*\xef\x0a\xbd\xeb\xe0\x80|\xee\x8d\xe3\x12\xb8\x0aX\
{\xea\xb8\xef\xc7\xd9\x04\x08\x84\x02\xae\xfd\xaa\x22\xaao\
X:\x9e'\x9e=\x84s\xfd\xf5\xb8'\xd4\x911\x1c\
\x94\xdf\xfc\x1awb\x88\xec\xdd\xf7 |^\xca\x7f\xf3\
8=\xbdI\x8a\x0a<\x0c\xa7\x0clGR]\x16\xe0\
\xaaK\xc6p\xd9\xecJB\x01\xd7\xe8\xf1O#\x9b\xb3\
\xd8{d\x90\xdf\xbdp\x98c\x1d\x09tM%\xe8\xd7\
)\x8f\xfa\x19S\x11\xa4<\xea#\xe8s\x9d1\xcfx\
s[\x97|s{\x97%%\xd3\x80\x03\xa3\xef\x8f\xe6\
\x83G\xca\x7f\xfd\xb9\x83\xf1\xcc\xa6\x05M\xe5\x8a/\xe0\
\xe1\xe5\xcd]D\xee\xbb\x93X\xb8\x0c\xf6\xeeEy\xe6\
\x19\x8a\xe64\xd2\x7f\xc5\xb5\x88\xd7^\x85\x8d\x1b\x99]\
1\x86\xa9C\xd3\xf9\x9d\xf5\x02\xc1\x80F\xcerH\xa5\
L4Ma\xfa\xc4b\xeeY1\x99\x9a\xf2\xc0;~\
BJI\xdf`\x86\x976\xb6\xb1~{\x17=\x03i\
\xdc.\x95Y\x93\xa34\xd4E\x08\x05\xdc\xe8\xda\xd9\x97\
\x92\x10PX\xe0a\xf5\xbac\xf6\x9f\xb6ue\x1cG\
N\x04\xbaF\xb7\x1b\xcd\x19\xf7\xaf\xf2\xa8\xef\xb1X\x22\
\xdbt\xcf\x8a\x06\x9e\xdf\xd6\xcf\x88\xad\xa2\xcc\x9d\x8b\x99\
5P\x9fy\x1a\xbf[!~\xdd-\x90\xce\xa0\xaeY\
C\xb1_\xe7\xfa\xd4gx\xdb\xd8G\xbb\xdd\xcb\x98\xc5\
.B\x8b,\x8c\x03:#)\x93\xae\xbe\x14/ol\
c\xd7\xc1AJ\x0a\xbd\xd8\x8e\xc3o\x9f?\xc4\xcf\x7f\
\xbf\x87}\x87ch\x9aB\xe3\xf8\x22\xfeb^\x15\x0d\
u\x11|^\xfd=\x05\x94\xaca\xd13\x90\x96]\xfd\
)\x11\x09\xe5\xc5\xa9(\x09P?6Li\xa1\x8f\xe7\
\xde8f\xf5\xc72}R\xf23\xe0\xacU\xa5\x0f\x94\
\xf6\xba\xc5u\x85\xc9\x94ymq\xc4KQ\x91\x9f\xbe\
\x9e\x04\xa2\xb8\x88\x94\xcb\x0bo\xbc\x8e22\x82X\xba\
\x14\xe9\xf5\xc1\xa6M(\xb9,\x17\x05\x1a12\x92V\
\xfd\x18\xc1\x22\x95\xdc\xe44\xf1.\x9bd\xd2\xa0\xb6\x22\
H\xc8\x9f_\x02-Gc|\xeb\x1f\xdf\xe2+?|\
\x93\x97\xd6\x9f\xa0 \xe0\xe2\x9e\xeb\x1a\xb8\xef\xc6),\
\x9e_Mi\x91\xef}w\x92\xfe\xa1\x0c\xff\xf2\xe4~\
~\xf3\xecA\xf1\xc7W\x8fb\x98\x0es\xa7\x96R[\
\x99/\xb1\xe5\x0c\x9b\xbeX\xc6t\xa4L\x9ek\xed\xe0\
\x03\x05h\xeb\x19\xb9;\x96\xc8\x16\x8c\xaf\x09\xb3\xe5H\
\x02'\x9bC6N\x85\xb66\x94\xfd\xfb)\x9bX\xcd\
\xf0\x84\xc902\x82\xde\xb2\x8f\xc2\x80\x87\x86\xfe\xa9\xb4\
z[\x19\xb13x\x9blP \xf5\xa6\xc0\xebH\xe6\
V\x06\xc9\xe4,&\xd4\x14\xa0k\x0a\x1e\xb7\x86KW\
\xb8df9\xf3\xa6\x95b\xd9\x0e\xe2\xe4\x92\x18m\xbb\
\x10\xe0v)\x1c>\x11g$m1\xb3i2.\x97\
N&g\x9d\xb6\xd3\xe4L[\xa62\xa6\x83\xe4\x04p\
NU\xa4\xf7\x15\xe0\xd1/\xccV{\x07R\x0f\x9a\x96\
\xc3\xbe#\x83\xacy\xf50x\xbdhU\x15\x88u\xeb\
\xf0j0p\xc9\x12P5\xb4}{\xb0Si.R\
\x9a \xebb\x93\xb1\x1b\xc5+\xf15J\xac6\x85\xd4\
\x80d2\x10\xefL\x22%\x8c\xad\x0ca\x98\x0e\xe1\xa0\
\x9bh\xa1\x8f\xcd\xfb\xfax\xe6\xb5c\xfcj\xf5\x01\x86\
\x86\xb3\xef\x18\xaf(\x82\xf2\xa8\x9f\xfa\xb1a\xa6\xd5\x17\
3\xb5\xbe\x98\xb6\xee\x11\x8a\x0b\x03,^z\x0dB(\
\x8c\xa4\xcd\xd3\xde;\x96\xc8\x92\xcb\xd9\x8a\x84=\xa7\xdd\
8\x03\xef+\xc0\xf6\xfd}5\xa9\x8cU\x19\x0a\xb8\xc8\
\xe4,\x86\xe3i\xf4\xc6\xc9\x88\xf8\x10JO\x0f\xfa\xc4\
\x09d\xa2e\x88L\x1a\xcf\xf6-\x84]>\xc6\x0f6\
\xf0\xb6\xd8\xc1\x80\x95 0]\xa2\x06\xc0\xd8\xecB\x07\
f\x09h\xefN\xe2q\xa9DBn$\x92\xf6\x9e$\
\xc7:\x12(A\x95\xe2\x86 \x96-\xd9\xb0\xa3\x87?\
\xbez\x94}\xad1\x22!7\xd1\x88\x97h\xc4K\xd0\
\xef\xc2\xb2$\x86i\x13.\x08\xe0\xf5\xf9p\xb94\xfa\
b\xa7\xcf\xf2\xf8p\x0eGJ\x80]\xa7\xdd8\x03\xef\
+\x00B,\x1eI\x9b\xae\xc9u\x11\x16\xcf\xaf\xc6\xb2\
\x1c\xa6\xda\xfd\xcc>\xfa6B\x11\xc4\x9b\xe6\x82\x10\x84\
\x0f\xee\xc6\x88\x8d0%\xd7\x80%lvh{\x09\x16\
k\x84\xe7\x81\xcbTI\xf7:\x14\x89|\x5c:(\x04\
A\x9f\x8e\xc7\xad!\x9d|23\xf5\xaa\x0a.y\xa4\
\x9e\xa6\xbbj\xf0x5Z\xdb\x13\x1c\xefJ\xf1\xdc\xeb\
\xc7\xf9\xef?}\x8b\x07\xbe\xff:\xdfY\xb5\x857\xb7\
uaZ\xf9\x80NJ\x81\xdb\xed\xc6\xa5k\x0c\xc6\xb3\
\xd8\xa7\x84\xe0\x83\x89,'m\x1a|\xd7\x983\xf3\x1e\
\x01\xd6\xacjV\xd2\x19\xf3V\x80\xba\xea\x10\xd3'\x16\
1\xa96\xc2\xde\xdd\xed\x0cv\x0cP<\xa1\x0a\xa2Q\
\x94\x5c\x0ee\xfd&\xdc\x8e\x9bY\xca\x146\x8amd\
D\x96\x82\x8b$\x9aOP\x9c\x0c\x92J[\xd4\xc8|\
,:\x22 \x5c\xe0AS\x14\x1c)\x11\x80\xbb\xca\x85\
\xaa+\xb8\xfc*\xe3\xc7\x87QU\x95\xcf\xdds\x1fw\
\xdcq\x17\x0b\x16,\xc0\xeb/`\xcf\xa1A\xfe\xfe\x89\
\xed<\xfa\x93M$S&\xb1\xf8\x08\xaa\xa2\xbc\xe3\x03\
,\xfb\xdd\x12@GoJ\x00\x8a\xaa\x88\xd8\xa96\x9d\
\x89\xf7\x08\x00\x04\xba\xfbS\xf3\xdc.\x95H\xc8\xc3P\
\x22G{o\x12\xc3t8t<\x8e;1\xc4\xa4D\
\x1b3\xdez\x8eXl\x84\xa9r\x22i\xb2\xec\x12-\
\x14\xd7\xea\xf8\x1a\xf3\xceL=\xe2\xc5\xb1\x1d\xc6;\x92\
!\x09Y\x09\xb5U!\xb2F\xfeKj\x9a\xc0_\xe8\
\x02\x01B\x11d\xa2\x82L\xd6\xe4\xdf\xfe\xed_9|\
\xf80+\xae\xbb\x91\x87\x1f~\x94\xaf\x7f\xfd\x1b4M\
\x9bD_,K<\x99#\x16O\x92H$PU\x05\
\xd3t\xde\xf1\x19RJ\x92)\x03MS\x1c\x8f[\x1b\
8\xdd\xa4\x0f\xe6=\x02\x1c:\x11\x9f9\x10\xcf\xfa\x02\
>\x1d\xb7\xae\xf0\xf4\xabGIgl\xea\x0a\xbd\xa8\x0a\
\xb4u&h}\xfc\x0f\xec\xd9\xd0B\x81\xeee>\xd3\
\xd9\x12\xdc\x8c-l\xfc\x0b,TM\x104\xbc\xb4l\
OP\xa0*\x94+\xd0\xa1)H`\xe9\xfc\xaa|\x10\
\x04\xa8\x8a\x82<\xc5\xdb\x87\xaa\xbd\x80\xc4\xadK6m\
\xda\xc8\xff\xfa\xfb\x1fr\xf8\xf0\x01\x0a\x8b\xa2\xdcs\xdf\
\x83\xcc\x9e3\x0fE\x08\x84\x10\xec\xd9\xbb\x17]\x15H\
)q\x1cIW\x7f\x8a\xc7\xffs\x1f\xeb6w\x90\xcd\
\xd9^\xd3\xb2+N\xb5\xe9L\x9c\x16\x08\xadY\xd5,\
\xe2\xc3\xb9\xcf\xbf\xb4\xa1\xed\xb2\xea\xb2\x00\x9d})\x8e\
\xb4%\x98=\xa1\x90k\xfbS\x94xu\xf6\xe7ll\
Gb;\x92\x9c4\x89W\xb7\x13\xae\x82\x92j7\xd9\
\xa6$R\x91DvG8\xb4g\x98\x8b\x80\x1a)y\
\xdd\xa5b\xbb5n]^\xcf\xb1\xcea6\xed\xea\xc1\
\xedR\xa9ZT\x84\xee\xcb\xe7\x09B\x11tn\x8cq\
\xd9\xecJ\xc6\xd7\x849x\xb4\x8f\xcd\x9b\xb7\xb2g\xf7\
f\x06\x07\xe3l\xde\xb2\x0d\xe9XX\xb6MGG'\
\x99t\x0aM\x13\x1c<6\xc4/W\x1f\xa0\xa5u\xe8\
\xcfASV\x08\xbeo;r\xf8T\xdb>\x88\xd13\
@u\xa4\x9c\xeb8\x0e\xba\xae\xb2\xf3\xc0\x00\xe5Q?\
\x97\x022gs|\xc4\x00\x015%~\xea\xa2A\x00\
Z\xda\x07\xd9\xb2\xb7\x97\x8caa\xe5 \x94\xf3\xb1\x7f\
}\x92\x02]\xa1\xc9vH\x0aA\x5c\x08*\xa2~\xbc\
n\x8dd*\xbfu\x05\x02:.\xff\xbbI\x92;\xa8\
\xe1r\xab\xf4\xc72|\xe9\x96\xa9\xfc\xe0\xab\x0b\x98;\
\xad\x94dr\x84\x97_^K&\x9d\x22\x12r\xe1\xf3\
h\xb8U\x0b\xdbq\xe8\xeaK\xb1aG\x0f%\x11/\
\xb7-\xafgR]\x04MS\xb2\x86\xe9\x9cS\x0c\xc0\
\xfb\x08\xe0\x19\x1a\xce\x8d\xcd\x99\x0e\xed\xddI\x14Ep\
e}\x11\xdeC\x83l\x02v\x00cJ\x83\xfc]s\
\x13\xdf\xbba\x06UE~\x84\x00\xcbv\xd8\xbbs\x88\
\xfe'4X\xeb'\x96\xc82S\x08<\x12z\x0a<\
dm\x87\x05Me\xb8t\x95X\xdeS\xe3\xf5i\x08\
\xf5\xdd5\xa0\xe8\x02\xd5\xa50\x94\xcca\xdb\x0euU\
\x05<\xfa\x85\xd9\xfc\xe2[\x8bx\xf8\xde\x99,\xbft\
\x0c3\x1a\xa2\x14\x04\xdc\xa42&B\xc0\xf8\x9a0\xb7\
,\x9b\xc0\xf5K\xc6QQ\xe2'\x9b\xb5$\x12\x138\
=@8\x03\xa3\x05P\x0e\x9d\x88\x07\x05\x90L\x1b\x94\
\x87\xdcTmj\xe7\xb8\x84\x8d\x02\x22\x05\x1e\x1e]6\
\x95\x88\xcf\xcd\xcb{\xbb\xe8\x8dg\x08xulGR\
Y\x19\xc1\xce\xa8l\xdf1@8\xe0fZM\x01\xde\
\xb2\x00-\x11\x0f\x9a\xa6p\xc9\x8cr\x00\x86\x86\xf3\xe1\
\xb9\xe6\xd7PN\x0a \xa5$\x133\xb1L\xe7\x9d\xc4\
\xc7v$\xad\xed\x09~\xb5\xfa\x00\xff\xf2\xd4~\xd6\xac\
?\xc1\x1b[:I\xa6\x0c\xaa\xcb\x02|\xf6\x8a\xf1\xac\
X\x5c\xcb\x98\x8a \x9a\xa6 \x04\xa8\x9a\x82D\x1ag\
+\x82\x9c\xcai\x02<\xf5J\xab\xf6\xf6\xee\x1e\xb7\xaa\
\x0a\x1c[r\x91\xe5\x10\xb7%\xcf\xaa\x02\xc5\xa5\xf2\xc0\
\xe5\x93\x88\x06=t\xc7\xd3<\xbd\xbd\x0d\x97K%\x93\
\xb3p\x97\x95\xd0}\xcb\xbd\xa4>\xf7\x05|Ue\x0c\
%s\xfcs\xc70\x03K\xc7\xd3\x15\xcbPZ\xe4\xa3\
0\xec\xc1\xb2\x1d:{G\x00(.\xca\x9f\x1b\xa6\xfa\
s\xb4>\xdf\xcb\xb6\x9f\x1d%\x93\xb2\xa8\x1f\x13\xa6g\
 \xcd\x0f\xff\xcfV\xbe\xf1\xe3\x8d\xac\xdd\xd4\x8ea8\
\x94\x16\xf9\x18S\x11\x22\x9969\xd2\x9e\xe0\xa5M\xed\
t\xf7\xa7q\x9c\xfc6\xe8\xf7\xea\x17P\x14\x1f\xe5\x04\
\x0f\x9f\x88\x17\x0e%\xb2\x0fY\xb6t\x8f\xab.\xe0\xa6\
\xcbky\xa23\xc9@\xce\xe2\xae\x8b\xc7q\xf1\xf8\x12\
,\xdb\xe1\xa7k[h\x1b\x1cAQ\x04\x8e\xee\xc2\xbc\
\xe9\xb3\xc8H!\x98&\xae\xcdoaf\x0dlS\xb2\
\xed@\x1f\x86\xe9\xb0pV\x05s\x1aK\x19I\x9b<\
\xfd\xcaQR\x19\x0b\xbfP\xe9Z?\xc4\x81\x97{\xe9\
=\x98$\xe0\xd1Y8\xb3\x9c\xde\xc14\xbf~\xf6 \
\xc7;\xf3\x91\xa3\x94\x90\xca\x9a\xa42&C\xc39\x1c\
G\x12\x0e\xe9\xc4\xe29\xf6\x1e\x8e\xe18\x921\x15A\
\x0c\xd3a\xeb\xbe>\x91\xceZ\x19\xd3r~\x0e\xe4\xd7\
\xdaY8m\x06$S\xe6\xa0\x84\xfdRJ\xa9(B\
FfT`\xb9U\x10\x82\x11\xc3\xc2\x92\x92\x9dm1\
\xf6v\xc4\xf3\xd9\x9a\xa6!W\xac@\x94\x95!\xa5\xc4\
\xb5\xf6Er\xc94\x97R\xc9\xad\xb2\x1e\x9fKG\x02\
=\x03i\xfa\x872\xc4\x12\xb9w\xe2\xf7\x8e\xde\x11R\
#\x06\x95Q?s\x1bK\xf0\xb85^\xde\xd4\xce\x8e\
\x03\x03\x84\x83.\x1a\xea\x22\x0c\xa7\xf2\xbe\xacy\xee\x18\
V\xcc\x1d\x83$\x9f\x14\xddr\x95\xc9m\xcbU\x82~\
\x8d\x0d;{X\xbb\xa9\x83\xacaa;\x12\x97\xae(\
>\x8f\xf6\xdeT\xf2\x03\x18]\x0f\xb0\x0a\x0b<OJ\
\xc9\xe5\xbd\x03\xe9\xca\x9d\x07\x07\xb8e\xd9\x04q\xe8x\
\x9cm\xad\x83\x1cO\xa6yfK\x1b9\xcb\xc1\xe3\xd6\
\xf0_{5\xe9\xf1\x0dH\xa1\xe0\xea<\x81\x5c\xf7:\
\x15\xd2\xcfr\xa7\x16\x13\x87\xed\xb2\x0f\x8fG\xa3\xb5#\
\xc1\xeb[:\xe9\x1d\xcc\xd0\xdd\x9f\xe2\xb6\xab\xeb\xb9f\
\xd1X\xfa\x87\xb2\x1c\xedH\xd0\xd5\x9f\xc6\xb2\x1d\xa2\x11\
/\x96e3\x9c2\xe8\x1b\xcc\xa0(\x02]Sx\xe8\
\xf2\x06&\x96\x84Xw\xb0\x87p\xd0\xcd\xec)n\xa2\
\x85Y\xc6T\xd8\x1cm\xd7hmK\x12\x1f\xce!\x84\
\xc0\xb4\xa4\x11-\xf4\xfe<\x96\xc8\x9d\xd3\xc1\xe9h\x01\
Hg\xad\xaci9\xbfq\xe9jil8;mG\
\xcb\x80r\xf1\x8c\x0a1\x926i9>\x84iK|\
\x1e\x8d+\x975\xb2k\xf2B\x1c\xa1\xa0\x18Y\xb4g\
W#\x12#\x5ck\xd7\x11D\xe7EN\xd0G\x86*\
\xdf\x22|j%i\xbb\x83\xc3'\xe28R\xe2\xf5h\
\xfc\xfbKG\xe8\xea\x1b\xc1\xe3\xd2\xf0{u\x0a\x02:\
\xb1D\x16\xc3t\x98\x5c\xee! l\xe290m\x89\
#a\xde\xb8(\x03#9v\x1e\x8b\xd1\xda\xa6\x82P\
\xa9,\xb5\x99\xd9\xe0\x90L{\xd9\xd7\x9a\xdf\xb5\x00\xc3\
\xe3\xd6~v\xc1\x02\x9c\xc4\xb2\x1d\xf9\x9c\xc7\xadms\
\xe9\xea\xa2#'\xe2\xc1h\xa1WTD\xfd\xf4\x0ef\
()\xf2\x22/_L\xa7+\x02\x80\xeb\xad\x8d\xe4\xf6\
\xb60Q)b\x9e\x1d\xa5CK\xf1\x86\xd3I$P\
\x8a\x9a\xf8\x0c\x8aQ\x87\xf0\x1cc\xc4\x88\xa3\x08AG\
o\x0a\xaf[\xc5\xb2\x1c\x0c\xcb\xc1\xedR\x19\x1e1H\
g-\x14!\xb8\xbe\xdab\x8c_\xb2gH\x80\x10\x1c\
\xe9\x1dFS\x05\x17\x8f/\xe1\x95\xfd]dr6\xad\
\xed\x0e{\x8f\x08\x92)\x89[\xb7\xe8\xea\x87\xf2\xa8\x9f\
\x81\xa1\xacLg\xad\x7f2L'1\xda\xa8\xf7c\xf4\
6x*2\x93\xb5^\x98=\xa5d\xf6\xc4\xb1\xe1\xf5\
m]Iy\xf0x\x9c\x9a\xf2\x00\xbd\x83i\xb6\xff\xf6\
%H\xa7Qr\x19r;\xf7\xe0uy\xb8\xca\xac\x00\
\x15\xd6\xd9\x1d(B\xe0N]\x8d@\xc3&C\x7f\xb2\
\x0f]S\xf1\xfbtn\x5c:\x0eA~[\xfd\xee-\
\xb3\xf8\xf1\xcds\xb8q~-B\x08,\xdb!e\x09\
J\xbcP\x1b\x94@~\xc6<\xb5\xf5\x04B\x08\xeaJ\
\x82\x04\xfd:\xcd\x97\xd7\x12\x0e\xfa\xd9\xb6\x1f6\xef\x85\
\x90\xdf\xc5\x84\x9a\xb0\x993mm$mFG\x1b\xf3\
A\x9cI\x00\x00^\xd9\xd4\xde\xf3\xd7\x9f\x9by\xd5=\
\xd75\xfc\xa0\xae*d\xf4\x0c\xa4\xf1yt\x94\xfe>\
\x0a\xd6>\xcf\xcc\xf6\x9d(\xb1\x18\xb3\xb2A\xfcB\xa3\
WO\xd3-S\x14\xba\xca\xd0\x9cJ@\x92\xa3\x1d\x9b\
4~\xaf\x86\xa6\x08\x0aB.\x1c\x09\x13\xaa\xc34D\
C\x04\xdd:)\xc3B;\x19\x17$\xa5\x86\x10\xd0\x10\
\xce\xff\x1bp\xd9\xecJl\x09kvw0gl1\
#i\x93I\xb5\x11\xfe\xe7W/\xe2\x86%\xe3\x09x\
u,[\xb2\xf6\xadvEJ,\xe0\x9c\xeb\xf0g\x15\
\x00\xe0\x8eo\xbc\x9c\xbe\xe6\xb2\xda\xbf}\xe8\xf6\xe9\xd7\
,\x9e_\xddm\x1868\x0e\xc3;\xf7s\xf0\x8f\xaf\
\xe3\x16*\xb3)A\x11\x0a-\xc6\x10\x12\xd0\xcc\x85\x08\
\x04\x12I\x8a\xfdh\x8a\x86\xdf\xab\x81\x10\xb84\x05]\
S\x18\x18LcY\xf9|\xbe7e\xa0(\x02E\x11\
\xf4\x9a\x1a\x02(\x0f\x08T\x01m]\xc3T\x96\xf9y\
\xfbh?\x13\xcb\x0bP\x15\xc1\x86\x1d\xdd<\xf6\xf86\
\x9e|\xa5\x15\xcb\x96T\x96\xf8{#!\xf7?\xa8\x8a\
Xz\xf2\xe7\x89s\xe2\x9c\x04\x00X\xb6r\xb5\xf5\xa5\
\xef\xbe\xbe\xf6\xfe\x9b\x1a\xe7\xde\xd9<im8\xe4\x96\
B\x08\x92i\x93)\xb2\x90h(_\xe5mu\x12\xe8\
\x8a\x17\x8dJ\x00$\x069:)\x8e\xb8\xf3\xc2\xa8\x02\
]S\xf1y4\x12#\x06\x86\xe5`Z\x0e\xf1T\x0e\
\x8fK\xc5\xedR\x190\x14\xa4\x84\x22\xafB\xd8\x05]\
\xbdI\x96\xce\xaf!c\xd8\xbcx\xa4\x9bH\xc8\xc3[\
\xbb{8\xd2\x16g\xf6\x94\x92\xec\x7f\xbbg\xe6\x8f\xbe\
z\xd7\x8c\xa6_=\xb6\xf4k\xb6#7\x5cp$x\
.\xacx\xe8\xf9\x8e\xeb\x97\x8c[q\xffM\x8d\x7fW\
[\x15\xb4T!H\x0b\x8bd\xd6`@f\xe9\x17\x19\
\x14Y\x85\x82\x17\x00\x8baPG\xa8\x1f\x1b\x22g\xd8\
\xf8\xbc\x1a^\xb7\x86\xdb\xa5\x22\xa5\xcc\xa7\xb4H\x92i\
\x83\xa2\xb0\x97\xca\xa8\x9f\x81\xa4\x89!AH\x87\xd2\xa0\
F\x22e\xd2?\x94F(\x82\xb7\xf6\xf4\x905,.\
\x99Y\xe1<\xf2\xf9Yo\xdc\xff\xd9\xc6K\x16L/\
{t\xe5w\xd6\xf5\x5c\xc8\x1f\xa6\xe7-\x00\xf9\xd9\x90\
\xbedf\xc5c_\xb9\xa3i\xc5\xf4\xba\xe2T\x8b\x8c\
\xf1\x84\xd1\xc2~\xdf \x96\x94\x84\xd4F\xa4T\x00\x81\
\xa9\x1c\x05a\x11\x8dx1L\x9bh\xd8Ky\xd4\x8f\
8\xe5T\xc6r$\xc6\xc9< Z\xe8\xc5v e\
\x09\xd6wK\x0e\x0e\xd9X\x0e<\xfd\xeaQ<n\x95\
\x1b\x96\x8e\xb7~\xf2\xc8\xa5[\xfe\xea\xce\xa6;\xe74\
\x966\x7f\xfe[\xafn[\xb6r\xf59\x7f\xf1\xd1\x5c\
\x90\x00\x9c\x5c\x12\x13\xc6\x84_\xf8\xeb/\xce\x98\xb3h\
N\xe5\xb1\xb8\x9a\xe3-\xb3\x07E\x81\xb4\xd8\x83--\
@R\x5c}\x18\x9fG%\x1ctaY\x0eB\x08\xfa\
bi8Y\xdc\xe0\xe4\xb2\xf0zTR\x19\x93L.\
\x7f\xf4\xfe\xdb\xc3\x92\xd7:\xc0\xb4\xf2q\xc7\xe2\xf9\xd5\
\xb9\x1f}\xed\xe2\xdf\xdf{\xfd\xe4+\xa2\x85\xde+U\
E\xfc~\xd9\xca\xd5\xe7\x94\xf3\x9f\x89\x0b\x16\x80\xbc\x08\
\xf2\xf6G^n\xb9\xf9\xaa\xfa\x8bn\xbd\xba\xfe\xa9H\
\xc8\xe3H)\x89\x9b\x87\xe8\xe3?\xf0\x17\xf4a8\x83\
\x14\x85=4\xd6\x17!\x84\xc0\xe7\xd3\x9886B\xc0\
\xa7\xe7\x07\x11\x90H\x9b\xef\x1c\x80z\xdd\x1a\x96#\x89\
eA\xd3\x14\x96\xcc\xaf\xce}\xef\xa1\x05\x7f\xf8\xe2\x8d\
S\xe6\xd4\x94\x07\xefX\xb6r\xf5\xbae+W\x0f-\
[\xb9\xfac\xf9!\xe1\x82Y\xb3\xaa\xd9\xf3\xbd\x87\xe6\
\xdf]]\x16H\x8b|^&]\xba*]\x9a\x22/\
\x99Y.\x7f\xf9\xd8R\x19\xf0\xe9\xf2\xfa%\xe3\xe4\x9a\
U\xcdrFCT\x96\x85\xbd\xf2\xdb\xd75\xc9\xcab\
\xbf\xd45E\x96\x17\xfb\xa4\xc7\xa5J\x8f[\x953'\
GG\xbe\xf3\xe5yO<\xfb\x8f\xd74\xadY\xd5|\
\xe6S\xd5\x0f\xc1\x87\x9a\x01\xa7\xb2l\xe5\xea\xec\xac\xc9\
%\xbfz\xe8\x8e\xe9\x8d\x97\xcf\xabZ\xef\xf5h\xd24\
m$p\xf1\x8cr\x0c\xd3\xc6\xb4\xf2\xeb\xdc<\xe9\xf9\
\x13i\x83\xef\xae\xdeE\xf7`\x0aGJ\xe2\xc9\x9cl\
\xa8\x8b\x9c\xf8\xe2\x8d\x8d\x0f\xdf\x7fS\xe3\x949\x8d\xa5\
\xf7}\xe6\xcb\xcf\xed\x5c\xb6r\xf59Wx\xfeK\xb0\
fU\xb3\xebkw7\xdd5ql8\xee\xd2\x159\
e|\xa1|\xf0\xf6iRQ\x84|\xf0\xf6i\xf2\x97\
\xdf_\x22\x1b\xea\x22\xf90\x0f\xa4\xd7\xa39\x93j#\
[/\x99Y~\xed\xd7\xeen:\xbf\x1f\x8c\xff+\xf3\
\xe0\xed\xd3j\xa6O,~\xd3\xa5+\x8e\xc7\xadJU\
\x11r\xc9\xfcjYZ\xe4\x93\x9a*da\xc8-\x97\
-\x1c\xd3\xfe\xf0=3\x9b\xd7\xacj\xfe\xc8f\xe3\xf9\
p\xcey\xf3\x85\xf2\xb3o^\xaa\xff\xee\x85C+\x8f\
v$\xfeG\xef`\xa6XS\x05%E>g\xf1\xbc\
\xea\xfeEs+\x1f\xaf\x88\xfa\x7f\x0e\xf4^\xc8\x1e\xfe\
Q\xf0\xb1\x0b\xf0g\xa6\xd6\x17\x95u\xf7\xa5\xbeY\x14\
\xf6\xc8\xdb\x96O|~\xda\xc4\xe2}\x1e\x97\xda\xfba\
\xf6\xf0O\xf9\x94O\xf9\x94O\xf9\x94\x0f\xc7\xff\x05\xdc\
u\x17\x04p!\xda`\x00\x00\x00\x00IEND\xae\
B`\x82\
\x00\x00\x03\xbf\
<\
svg xmlns=\x22http:\
//www.w3.org/200\
0/svg\x22 width=\x2216\
\x22 height=\x2216\x22 fi\
ll=\x22currentColor\
\x22 class=\x22bi bi-b\
andaid\x22 viewBox=\
\x220 0 16 16\x22>\x0a  <\
path d=\x22M14.121 \
1.879a3 3 0 0 0-\
4.242 0L8.733 3.\
026l4.261 4.26 1\
.127-1.165a3 3 0\
 0 0 0-4.242M12.\
293 8 8.027 3.73\
4 3.738 8.031 8 \
12.293zm-5.006 4\
.994L3.03 8.737 \
1.879 9.88a3 3 0\
 0 0 4.241 4.24l\
.006-.006 1.16-1\
.121ZM2.679 7.67\
6l6.492-6.504a4 \
4 0 0 1 5.66 5.6\
53l-1.477 1.529-\
5.006 5.006-1.52\
3 1.472a4 4 0 0 \
1-5.653-5.66l.00\
1-.002 1.505-1.4\
92z\x22/>\x0a  <path d\
=\x22M5.56 7.646a.5\
.5 0 1 1-.706.70\
8.5.5 0 0 1 .707\
-.708Zm1.415-1.4\
14a.5.5 0 1 1-.7\
07.707.5.5 0 0 1\
 .707-.707M8.39 \
4.818a.5.5 0 1 1\
-.708.707.5.5 0 \
0 1 .707-.707Zm0\
 5.657a.5.5 0 1 \
1-.708.707.5.5 0\
 0 1 .707-.707ZM\
9.803 9.06a.5.5 \
0 1 1-.707.708.5\
.5 0 0 1 .707-.7\
07Zm1.414-1.414a\
.5.5 0 1 1-.706.\
708.5.5 0 0 1 .7\
07-.708ZM6.975 9\
.06a.5.5 0 1 1-.\
707.708.5.5 0 0 \
1 .707-.707ZM8.3\
9 7.646a.5.5 0 1\
 1-.708.708.5.5 \
0 0 1 .707-.708Z\
m1.413-1.414a.5.\
5 0 1 1-.707.707\
.5.5 0 0 1 .707-\
.707\x22/>\x0a</svg>\
\x00\x00\x01\xe0\
<\
svg xmlns=\x22http:\
//www.w3.org/200\
0/svg\x22 width=\x2216\
\x22 height=\x2216\x22 fi\
ll=\x22#e0e0e0\x22 cla\
ss=\x22bi bi-emoji-\
frown-fill\x22 view\
Box=\x220 0 16 16\x22>\
\x0d\x0a  <path d=\x22M8 \
16A8 8 0 1 0 8 0\
a8 8 0 0 0 0 16M\
7 6.5C7 7.328 6.\
552 8 6 8s-1-.67\
2-1-1.5S5.448 5 \
6 5s1 .672 1 1.5\
m-2.715 5.933a.5\
.5 0 0 1-.183-.6\
83A4.5 4.5 0 0 1\
 8 9.5a4.5 4.5 0\
 0 1 3.898 2.25.\
5.5 0 0 1-.866.5\
A3.5 3.5 0 0 0 8\
 10.5a3.5 3.5 0 \
0 0-3.032 1.75.5\
.5 0 0 1-.683.18\
3M10 8c-.552 0-1\
-.672-1-1.5S9.44\
8 5 10 5s1 .672 \
1 1.5S10.552 8 1\
0 8\x22 />\x0d\x0a</svg>\
\x00\x00\x02\x85\
<\
svg xmlns=\x22http:\
//www.w3.org/200\
0/svg\x22 width=\x2216\
\x22 height=\x2216\x22 fi\
ll=\x22#e0e0e0\x22 cla\
ss=\x22bi bi-journa\
l-plus\x22 viewBox=\
\x220 0 16 16\x22>\x0d\x0a  \
<path fill-rule=\
\x22evenodd\x22 d=\x22M8 \
5.5a.5.5 0 0 1 .\
5.5v1.5H10a.5.5 \
0 0 1 0 1H8.5V10\
a.5.5 0 0 1-1 0V\
8.5H6a.5.5 0 0 1\
 0-1h1.5V6a.5.5 \
0 0 1 .5-.5\x22 />\x0d\
\x0a  <path d=\x22M3 0\
h10a2 2 0 0 1 2 \
2v12a2 2 0 0 1-2\
 2H3a2 2 0 0 1-2\
-2v-1h1v1a1 1 0 \
0 0 1 1h10a1 1 0\
 0 0 1-1V2a1 1 0\
 0 0-1-1H3a1 1 0\
 0 0-1 1v1H1V2a2\
 2 0 0 1 2-2\x22 />\
\x0d\x0a  <path d=\x22M1 \
5v-.5a.5.5 0 0 1\
 1 0V5h.5a.5.5 0\
 0 1 0 1h-2a.5.5\
 0 0 1 0-1zm0 3v\
-.5a.5.5 0 0 1 1\
 0V8h.5a.5.5 0 0\
 1 0 1h-2a.5.5 0\
 0 1 0-1zm0 3v-.\
5a.5.5 0 0 1 1 0\
v.5h.5a.5.5 0 0 \
1 0 1h-2a.5.5 0 \
0 1 0-1z\x22 />\x0d\x0a</\
svg>\
\x00\x00\x02\x1b\
<\
svg xmlns=\x22http:\
//www.w3.org/200\
0/svg\x22 width=\x2216\
\x22 height=\x2216\x22 fi\
ll=\x22#e0e0e0\x22 cla\
ss=\x22bi bi-trash\x22\
 viewBox=\x220 0 16\
 16\x22>\x0d\x0a  <path d\
=\x22M5.5 5.5A.5.5 \
0 0 1 6 6v6a.5.5\
 0 0 1-1 0V6a.5.\
5 0 0 1 .5-.5m2.\
5 0a.5.5 0 0 1 .\
5.5v6a.5.5 0 0 1\
-1 0V6a.5.5 0 0 \
1 .5-.5m3 .5a.5.\
5 0 0 0-1 0v6a.5\
.5 0 0 0 1 0z\x22 /\
>\x0d\x0a  <path d=\x22M1\
4.5 3a1 1 0 0 1-\
1 1H13v9a2 2 0 0\
 1-2 2H5a2 2 0 0\
 1-2-2V4h-.5a1 1\
 0 0 1-1-1V2a1 1\
 0 0 1 1-1H6a1 1\
 0 0 1 1-1h2a1 1\
 0 0 1 1 1h3.5a1\
 1 0 0 1 1 1zM4.\
118 4 4 4.059V13\
a1 1 0 0 0 1 1h6\
a1 1 0 0 0 1-1V4\
.059L11.882 4zM2\
.5 3h11V2h-11z\x22 \
/>\x0d\x0a</svg>\
\x00\x00\x01-\
<\
svg xmlns=\x22http:\
//www.w3.org/200\
0/svg\x22 width=\x2216\
\x22 height=\x2216\x22 fi\
ll=\x22current_colo\
r\x22 class=\x22bi bi-\
eye-fill\x22 viewBo\
x=\x220 0 16 16\x22>\x0d\x0a\
  <path d=\x22M10.5\
 8a2.5 2.5 0 1 1\
-5 0 2.5 2.5 0 0\
 1 5 0\x22 />\x0d\x0a  <p\
ath d=\x22M0 8s3-5.\
5 8-5.5S16 8 16 \
8s-3 5.5-8 5.5S0\
 8 0 8m8 3.5a3.5\
 3.5 0 1 0 0-7 3\
.5 3.5 0 0 0 0 7\
\x22 />\x0d\x0a</svg>\
\x00\x00\x02\x0b\
<\
svg xmlns=\x22http:\
//www.w3.org/200\
0/svg\x22 width=\x2216\
\x22 height=\x2216\x22 fi\
ll=\x22current_colo\
r\x22 class=\x22bi bi-\
lightbulb-off-fi\
ll\x22 viewBox=\x220 0\
 16 16\x22>\x0d\x0a  <pat\
h d=\x22M2 6c0-.572\
.08-1.125.23-1.6\
5l8.558 8.559A.5\
.5 0 0 1 10.5 13\
h-5a.5.5 0 0 1-.\
46-.302l-.761-1.\
77a2 2 0 0 0-.45\
3-.618A5.98 5.98\
 0 0 1 2 6m10.30\
3 4.181L3.818 1.\
697a6 6 0 0 1 8.\
484 8.484zM5 14.\
5a.5.5 0 0 1 .5-\
.5h5a.5.5 0 0 1 \
0 1l-.224.447a1 \
1 0 0 1-.894.553\
H6.618a1 1 0 0 1\
-.894-.553L5.5 1\
5a.5.5 0 0 1-.5-\
.5M2.354 1.646a.\
5.5 0 1 0-.708.7\
08l12 12a.5.5 0 \
0 0 .708-.708z\x22 \
/>\x0d\x0a</svg>\
\x00\x00\x02\xbd\
<\
svg xmlns=\x22http:\
//www.w3.org/200\
0/svg\x22 width=\x2216\
\x22 height=\x2216\x22 fi\
ll=\x22current_colo\
r\x22 class=\x22bi bi-\
volume-up-fill\x22 \
viewBox=\x220 0 16 \
16\x22>\x0d\x0a  <path d=\
\x22M11.536 14.01A8\
.47 8.47 0 0 0 1\
4.026 8a8.47 8.4\
7 0 0 0-2.49-6.0\
1l-.708.707A7.48\
 7.48 0 0 1 13.0\
25 8c0 2.071-.84\
 3.946-2.197 5.3\
03z\x22 />\x0d\x0a  <path\
 d=\x22M10.121 12.5\
96A6.48 6.48 0 0\
 0 12.025 8a6.48\
 6.48 0 0 0-1.90\
4-4.596l-.707.70\
7A5.48 5.48 0 0 \
1 11.025 8a5.48 \
5.48 0 0 1-1.61 \
3.89z\x22 />\x0d\x0a  <pa\
th d=\x22M8.707 11.\
182A4.5 4.5 0 0 \
0 10.025 8a4.5 4\
.5 0 0 0-1.318-3\
.182L8 5.525A3.5\
 3.5 0 0 1 9.025\
 8 3.5 3.5 0 0 1\
 8 10.475zM6.717\
 3.55A.5.5 0 0 1\
 7 4v8a.5.5 0 0 \
1-.812.39L3.825 \
10.5H1.5A.5.5 0 \
0 1 1 10V6a.5.5 \
0 0 1 .5-.5h2.32\
5l2.363-1.89a.5.\
5 0 0 1 .529-.06\
\x22 />\x0d\x0a</svg>\
\x00\x00\x01\xbd\
<\
svg xmlns=\x22http:\
//www.w3.org/200\
0/svg\x22 width=\x2216\
\x22 height=\x2216\x22 fi\
ll=\x22current_colo\
r\x22 class=\x22bi bi-\
trash-fill\x22 view\
Box=\x220 0 16 16\x22>\
\x0d\x0a  <path d=\x22M2.\
5 1a1 1 0 0 0-1 \
1v1a1 1 0 0 0 1 \
1H3v9a2 2 0 0 0 \
2 2h6a2 2 0 0 0 \
2-2V4h.5a1 1 0 0\
 0 1-1V2a1 1 0 0\
 0-1-1H10a1 1 0 \
0 0-1-1H7a1 1 0 \
0 0-1 1zm3 4a.5.\
5 0 0 1 .5.5v7a.\
5.5 0 0 1-1 0v-7\
a.5.5 0 0 1 .5-.\
5M8 5a.5.5 0 0 1\
 .5.5v7a.5.5 0 0\
 1-1 0v-7A.5.5 0\
 0 1 8 5m3 .5v7a\
.5.5 0 0 1-1 0v-\
7a.5.5 0 0 1 1 0\
\x22 />\x0d\x0a</svg>\
\x00\x00\x01\x14\
<\
svg xmlns=\x22http:\
//www.w3.org/200\
0/svg\x22 width=\x2216\
\x22 height=\x2216\x22 fi\
ll=\x22#e0e0e0\x22 cla\
ss=\x22bi bi-toggle\
2-on\x22 viewBox=\x220\
 0 16 16\x22>\x0d\x0a  <p\
ath d=\x22M7 5H3a3 \
3 0 0 0 0 6h4a5 \
5 0 0 1-.584-1H3\
a2 2 0 1 1 0-4h3\
.416q.235-.537.5\
84-1\x22 />\x0d\x0a  <pat\
h d=\x22M16 8A5 5 0\
 1 1 6 8a5 5 0 0\
 1 10 0\x22 />\x0d\x0a</s\
vg>\
\x00\x00\x01 \
<\
svg xmlns=\x22http:\
//www.w3.org/200\
0/svg\x22 width=\x2216\
\x22 height=\x2216\x22 fi\
ll=\x22current_colo\
r\x22 class=\x22bi bi-\
square\x22 viewBox=\
\x220 0 16 16\x22>\x0d\x0a  \
<path d=\x22M14 1a1\
 1 0 0 1 1 1v12a\
1 1 0 0 1-1 1H2a\
1 1 0 0 1-1-1V2a\
1 1 0 0 1 1-1zM2\
 0a2 2 0 0 0-2 2\
v12a2 2 0 0 0 2 \
2h12a2 2 0 0 0 2\
-2V2a2 2 0 0 0-2\
-2z\x22 />\x0d\x0a</svg>\
\x00\x00\x00\xd8\
<\
svg xmlns=\x22http:\
//www.w3.org/200\
0/svg\x22 width=\x2216\
\x22 height=\x2216\x22 fi\
ll=\x22#e0e0e0\x22 cla\
ss=\x22bi bi-toggle\
-on\x22 viewBox=\x220 \
0 16 16\x22>\x0d\x0a  <pa\
th d=\x22M5 3a5 5 0\
 0 0 0 10h6a5 5 \
0 0 0 0-10zm6 9a\
4 4 0 1 1 0-8 4 \
4 0 0 1 0 8\x22 />\x0d\
\x0a</svg>\
\x00\x00\x02m\
<\
svg xmlns=\x22http:\
//www.w3.org/200\
0/svg\x22 width=\x2216\
\x22 height=\x2216\x22 fi\
ll=\x22#e0e0e0\x22 cla\
ss=\x22bi bi-folder\
-plus\x22 viewBox=\x22\
0 0 16 16\x22>\x0d\x0a  <\
path d=\x22m.5 3 .0\
4.87a2 2 0 0 0-.\
342 1.311l.637 7\
A2 2 0 0 0 2.826\
 14H9v-1H2.826a1\
 1 0 0 1-.995-.9\
1l-.637-7A1 1 0 \
0 1 2.19 4h11.62\
a1 1 0 0 1 .996 \
1.09L14.54 8h1.0\
05l.256-2.819A2 \
2 0 0 0 13.81 3H\
9.828a2 2 0 0 1-\
1.414-.586l-.828\
-.828A2 2 0 0 0 \
6.172 1H2.5a2 2 \
0 0 0-2 2m5.672-\
1a1 1 0 0 1 .707\
.293L7.586 3H2.1\
9q-.362.002-.683\
.12L1.5 2.98a1 1\
 0 0 1 1-.98z\x22 /\
>\x0d\x0a  <path d=\x22M1\
3.5 9a.5.5 0 0 1\
 .5.5V11h1.5a.5.\
5 0 1 1 0 1H14v1\
.5a.5.5 0 1 1-1 \
0V12h-1.5a.5.5 0\
 0 1 0-1H13V9.5a\
.5.5 0 0 1 .5-.5\
\x22 />\x0d\x0a</svg>\
\x00\x00\x00\xcc\
<\
svg xmlns=\x22http:\
//www.w3.org/200\
0/svg\x22 width=\x2216\
\x22 height=\x2216\x22 fi\
ll=\x22currentColor\
\x22 class=\x22bi bi-c\
ircle-half\x22 view\
Box=\x220 0 16 16\x22>\
\x0a  <path d=\x22M8 1\
5A7 7 0 1 0 8 1z\
m0 1A8 8 0 1 1 8\
 0a8 8 0 0 1 0 1\
6\x22/>\x0a</svg>\
\x00\x00\x02S\
<\
svg xmlns=\x22http:\
//www.w3.org/200\
0/svg\x22 width=\x2216\
\x22 height=\x2216\x22 fi\
ll=\x22#e0e0e0\x22 cla\
ss=\x22bi bi-journa\
l-minus\x22 viewBox\
=\x220 0 16 16\x22>\x0d\x0a \
 <path fill-rule\
=\x22evenodd\x22 d=\x22M5\
.5 8a.5.5 0 0 1 \
.5-.5h4a.5.5 0 0\
 1 0 1H6a.5.5 0 \
0 1-.5-.5\x22 />\x0d\x0a \
 <path d=\x22M3 0h1\
0a2 2 0 0 1 2 2v\
12a2 2 0 0 1-2 2\
H3a2 2 0 0 1-2-2\
v-1h1v1a1 1 0 0 \
0 1 1h10a1 1 0 0\
 0 1-1V2a1 1 0 0\
 0-1-1H3a1 1 0 0\
 0-1 1v1H1V2a2 2\
 0 0 1 2-2\x22 />\x0d\x0a\
  <path d=\x22M1 5v\
-.5a.5.5 0 0 1 1\
 0V5h.5a.5.5 0 0\
 1 0 1h-2a.5.5 0\
 0 1 0-1zm0 3v-.\
5a.5.5 0 0 1 1 0\
V8h.5a.5.5 0 0 1\
 0 1h-2a.5.5 0 0\
 1 0-1zm0 3v-.5a\
.5.5 0 0 1 1 0v.\
5h.5a.5.5 0 0 1 \
0 1h-2a.5.5 0 0 \
1 0-1z\x22 />\x0d\x0a</sv\
g>\
\x00\x00\x02s\
<\
svg xmlns=\x22http:\
//www.w3.org/200\
0/svg\x22 width=\x2216\
\x22 height=\x2216\x22 fi\
ll=\x22current_colo\
r\x22 class=\x22bi bi-\
folder-plus\x22 vie\
wBox=\x220 0 16 16\x22\
>\x0d\x0a  <path d=\x22m.\
5 3 .04.87a2 2 0\
 0 0-.342 1.311l\
.637 7A2 2 0 0 0\
 2.826 14H9v-1H2\
.826a1 1 0 0 1-.\
995-.91l-.637-7A\
1 1 0 0 1 2.19 4\
h11.62a1 1 0 0 1\
 .996 1.09L14.54\
 8h1.005l.256-2.\
819A2 2 0 0 0 13\
.81 3H9.828a2 2 \
0 0 1-1.414-.586\
l-.828-.828A2 2 \
0 0 0 6.172 1H2.\
5a2 2 0 0 0-2 2m\
5.672-1a1 1 0 0 \
1 .707.293L7.586\
 3H2.19q-.362.00\
2-.683.12L1.5 2.\
98a1 1 0 0 1 1-.\
98z\x22 />\x0d\x0a  <path\
 d=\x22M13.5 9a.5.5\
 0 0 1 .5.5V11h1\
.5a.5.5 0 1 1 0 \
1H14v1.5a.5.5 0 \
1 1-1 0V12h-1.5a\
.5.5 0 0 1 0-1H1\
3V9.5a.5.5 0 0 1\
 .5-.5\x22 />\x0d\x0a</sv\
g>\
\x00\x00\x01\xe2\
<\
svg xmlns=\x22http:\
//www.w3.org/200\
0/svg\x22 width=\x2216\
\x22 height=\x2216\x22 fi\
ll=\x22currentColor\
\x22 class=\x22bi bi-e\
moji-frown-fill\x22\
 viewBox=\x220 0 16\
 16\x22>\x0a  <path d=\
\x22M8 16A8 8 0 1 0\
 8 0a8 8 0 0 0 0\
 16M7 6.5C7 7.32\
8 6.552 8 6 8s-1\
-.672-1-1.5S5.44\
8 5 6 5s1 .672 1\
 1.5m-2.715 5.93\
3a.5.5 0 0 1-.18\
3-.683A4.5 4.5 0\
 0 1 8 9.5a4.5 4\
.5 0 0 1 3.898 2\
.25.5.5 0 0 1-.8\
66.5A3.5 3.5 0 0\
 0 8 10.5a3.5 3.\
5 0 0 0-3.032 1.\
75.5.5 0 0 1-.68\
3.183M10 8c-.552\
 0-1-.672-1-1.5S\
9.448 5 10 5s1 .\
672 1 1.5S10.552\
 8 10 8\x22/>\x0a</svg\
>\
\x00\x00\x01\xfc\
<\
svg xmlns=\x22http:\
//www.w3.org/200\
0/svg\x22 width=\x2216\
\x22 height=\x2216\x22 fi\
ll=\x22#e0e0e0\x22 cla\
ss=\x22bi bi-file-e\
armark-image-fil\
l\x22 viewBox=\x220 0 \
16 16\x22>\x0d\x0a  <path\
 d=\x22M4 0h5.293A1\
 1 0 0 1 10 .293\
L13.707 4a1 1 0 \
0 1 .293.707v5.5\
86l-2.73-2.73a1 \
1 0 0 0-1.52.127\
l-1.889 2.644-1.\
769-1.062a1 1 0 \
0 0-1.222.15L2 1\
2.292V2a2 2 0 0 \
1 2-2m5.5 1.5v2a\
1 1 0 0 0 1 1h2z\
m-1.498 4a1.5 1.\
5 0 1 0-3 0 1.5 \
1.5 0 0 0 3 0\x22 /\
>\x0d\x0a  <path d=\x22M1\
0.564 8.27 14 11\
.708V14a2 2 0 0 \
1-2 2H4a2 2 0 0 \
1-2-2v-.293l3.57\
8-3.577 2.56 1.5\
36 2.426-3.395z\x22\
 />\x0d\x0a</svg>\
\x00\x00\x02?\
<\
svg xmlns=\x22http:\
//www.w3.org/200\
0/svg\x22 width=\x2216\
\x22 height=\x2216\x22 fi\
ll=\x22#e0e0e0\x22 cla\
ss=\x22bi bi-pencil\
-square\x22 viewBox\
=\x220 0 16 16\x22>\x0d\x0a \
 <path d=\x22M15.50\
2 1.94a.5.5 0 0 \
1 0 .706L14.459 \
3.69l-2-2L13.502\
.646a.5.5 0 0 1 \
.707 0l1.293 1.2\
93zm-1.75 2.456-\
2-2L4.939 9.21a.\
5.5 0 0 0-.121.1\
96l-.805 2.414a.\
25.25 0 0 0 .316\
.316l2.414-.805a\
.5.5 0 0 0 .196-\
.12l6.813-6.814z\
\x22 />\x0d\x0a  <path fi\
ll-rule=\x22evenodd\
\x22 d=\x22M1 13.5A1.5\
 1.5 0 0 0 2.5 1\
5h11a1.5 1.5 0 0\
 0 1.5-1.5v-6a.5\
.5 0 0 0-1 0v6a.\
5.5 0 0 1-.5.5h-\
11a.5.5 0 0 1-.5\
-.5v-11a.5.5 0 0\
 1 .5-.5H9a.5.5 \
0 0 0 0-1H2.5A1.\
5 1.5 0 0 0 1 2.\
5z\x22 />\x0d\x0a</svg>\
\x00\x00\x01j\
<\
svg xmlns=\x22http:\
//www.w3.org/200\
0/svg\x22 width=\x2216\
\x22 height=\x2216\x22 fi\
ll=\x22current_colo\
r\x22 class=\x22bi bi-\
arrow-counterclo\
ckwise\x22 viewBox=\
\x220 0 16 16\x22>\x0d\x0a  \
<path fill-rule=\
\x22evenodd\x22 d=\x22M8 \
3a5 5 0 1 1-4.54\
6 2.914.5.5 0 0 \
0-.908-.417A6 6 \
0 1 0 8 2z\x22 />\x0d\x0a\
  <path d=\x22M8 4.\
466V.534a.25.25 \
0 0 0-.41-.192L5\
.23 2.308a.25.25\
 0 0 0 0 .384l2.\
36 1.966A.25.25 \
0 0 0 8 4.466\x22 /\
>\x0d\x0a</svg>\
\x00\x00\x02\x8b\
<\
svg xmlns=\x22http:\
//www.w3.org/200\
0/svg\x22 width=\x2216\
\x22 height=\x2216\x22 fi\
ll=\x22#e0e0e0\x22 cla\
ss=\x22bi bi-journa\
l-bookmark\x22 view\
Box=\x220 0 16 16\x22>\
\x0d\x0a  <path fill-r\
ule=\x22evenodd\x22 d=\
\x22M6 8V1h1v6.117L\
8.743 6.07a.5.5 \
0 0 1 .514 0L11 \
7.117V1h1v7a.5.5\
 0 0 1-.757.429L\
9 7.083 6.757 8.\
43A.5.5 0 0 1 6 \
8\x22 />\x0d\x0a  <path d\
=\x22M3 0h10a2 2 0 \
0 1 2 2v12a2 2 0\
 0 1-2 2H3a2 2 0\
 0 1-2-2v-1h1v1a\
1 1 0 0 0 1 1h10\
a1 1 0 0 0 1-1V2\
a1 1 0 0 0-1-1H3\
a1 1 0 0 0-1 1v1\
H1V2a2 2 0 0 1 2\
-2\x22 />\x0d\x0a  <path \
d=\x22M1 5v-.5a.5.5\
 0 0 1 1 0V5h.5a\
.5.5 0 0 1 0 1h-\
2a.5.5 0 0 1 0-1\
zm0 3v-.5a.5.5 0\
 0 1 1 0V8h.5a.5\
.5 0 0 1 0 1h-2a\
.5.5 0 0 1 0-1zm\
0 3v-.5a.5.5 0 0\
 1 1 0v.5h.5a.5.\
5 0 0 1 0 1h-2a.\
5.5 0 0 1 0-1z\x22 \
/>\x0d\x0a</svg>\
\x00\x00\x02{\
<\
svg xmlns=\x22http:\
//www.w3.org/200\
0/svg\x22 width=\x2216\
\x22 height=\x2216\x22 fi\
ll=\x22#e0e0e0\x22 cla\
ss=\x22bi bi-folder\
-check\x22 viewBox=\
\x220 0 16 16\x22>\x0d\x0a  \
<path d=\x22m.5 3 .\
04.87a2 2 0 0 0-\
.342 1.311l.637 \
7A2 2 0 0 0 2.82\
6 14H9v-1H2.826a\
1 1 0 0 1-.995-.\
91l-.637-7A1 1 0\
 0 1 2.19 4h11.6\
2a1 1 0 0 1 .996\
 1.09L14.54 8h1.\
005l.256-2.819A2\
 2 0 0 0 13.81 3\
H9.828a2 2 0 0 1\
-1.414-.586l-.82\
8-.828A2 2 0 0 0\
 6.172 1H2.5a2 2\
 0 0 0-2 2m5.672\
-1a1 1 0 0 1 .70\
7.293L7.586 3H2.\
19q-.362.002-.68\
3.12L1.5 2.98a1 \
1 0 0 1 1-.98z\x22 \
/>\x0d\x0a  <path d=\x22M\
15.854 10.146a.5\
.5 0 0 1 0 .708l\
-3 3a.5.5 0 0 1-\
.707 0l-1.5-1.5a\
.5.5 0 0 1 .707-\
.708l1.146 1.147\
 2.646-2.647a.5.\
5 0 0 1 .708 0\x22 \
/>\x0d\x0a</svg>\
\x00\x00\x01\xcc\
<\
svg xmlns=\x22http:\
//www.w3.org/200\
0/svg\x22 width=\x2216\
\x22 height=\x2216\x22 fi\
ll=\x22#e0e0e0\x22 cla\
ss=\x22bi bi-info-c\
ircle\x22 viewBox=\x22\
0 0 16 16\x22>\x0d\x0a  <\
path d=\x22M8 15A7 \
7 0 1 1 8 1a7 7 \
0 0 1 0 14m0 1A8\
 8 0 1 0 8 0a8 8\
 0 0 0 0 16\x22 />\x0d\
\x0a  <path d=\x22m8.9\
3 6.588-2.29.287\
-.082.38.45.083c\
.294.07.352.176.\
288.469l-.738 3.\
468c-.194.897.10\
5 1.319.808 1.31\
9.545 0 1.178-.2\
52 1.465-.598l.0\
88-.416c-.2.176-\
.492.246-.686.24\
6-.275 0-.375-.1\
93-.304-.533zM9 \
4.5a1 1 0 1 1-2 \
0 1 1 0 0 1 2 0\x22\
 />\x0d\x0a</svg>\
\x00\x00\x01\xaf\
<\
svg xmlns=\x22http:\
//www.w3.org/200\
0/svg\x22 width=\x2216\
\x22 height=\x2216\x22 fi\
ll=\x22#e0e0e0\x22 cla\
ss=\x22bi bi-person\
-fill-add\x22 viewB\
ox=\x220 0 16 16\x22>\x0d\
\x0a  <path d=\x22M12.\
5 16a3.5 3.5 0 1\
 0 0-7 3.5 3.5 0\
 0 0 0 7m.5-5v1h\
1a.5.5 0 0 1 0 1\
h-1v1a.5.5 0 0 1\
-1 0v-1h-1a.5.5 \
0 0 1 0-1h1v-1a.\
5.5 0 0 1 1 0m-2\
-6a3 3 0 1 1-6 0\
 3 3 0 0 1 6 0\x22 \
/>\x0d\x0a  <path d=\x22M\
2 13c0 1 1 1 1 1\
h5.256A4.5 4.5 0\
 0 1 8 12.5a4.5 \
4.5 0 0 1 1.544-\
3.393Q8.844 9.00\
2 8 9c-5 0-6 3-6\
 4\x22 />\x0d\x0a</svg>\
\x00\x00\x02I\
<\
svg xmlns=\x22http:\
//www.w3.org/200\
0/svg\x22 width=\x2216\
\x22 height=\x2216\x22 fi\
ll=\x22current_colo\
r\x22 class=\x22bi bi-\
journals\x22 viewBo\
x=\x220 0 16 16\x22>\x0d\x0a\
  <path d=\x22M5 0h\
8a2 2 0 0 1 2 2v\
10a2 2 0 0 1-2 2\
 2 2 0 0 1-2 2H3\
a2 2 0 0 1-2-2h1\
a1 1 0 0 0 1 1h8\
a1 1 0 0 0 1-1V4\
a1 1 0 0 0-1-1H3\
a1 1 0 0 0-1 1H1\
a2 2 0 0 1 2-2h8\
a2 2 0 0 1 2 2v9\
a1 1 0 0 0 1-1V2\
a1 1 0 0 0-1-1H5\
a1 1 0 0 0-1 1H3\
a2 2 0 0 1 2-2\x22 \
/>\x0d\x0a  <path d=\x22M\
1 6v-.5a.5.5 0 0\
 1 1 0V6h.5a.5.5\
 0 0 1 0 1h-2a.5\
.5 0 0 1 0-1zm0 \
3v-.5a.5.5 0 0 1\
 1 0V9h.5a.5.5 0\
 0 1 0 1h-2a.5.5\
 0 0 1 0-1zm0 2.\
5v.5H.5a.5.5 0 0\
 0 0 1h2a.5.5 0 \
0 0 0-1H2v-.5a.5\
.5 0 0 0-1 0\x22 />\
\x0d\x0a</svg>\
\x00\x00\x02@\
<\
svg xmlns=\x22http:\
//www.w3.org/200\
0/svg\x22 width=\x2216\
\x22 height=\x2216\x22 fi\
ll=\x22current_colo\
r\x22 class=\x22bi bi-\
folder-minus\x22 vi\
ewBox=\x220 0 16 16\
\x22>\x0d\x0a  <path d=\x22m\
.5 3 .04.87a2 2 \
0 0 0-.342 1.311\
l.637 7A2 2 0 0 \
0 2.826 14H9v-1H\
2.826a1 1 0 0 1-\
.995-.91l-.637-7\
A1 1 0 0 1 2.19 \
4h11.62a1 1 0 0 \
1 .996 1.09L14.5\
4 8h1.005l.256-2\
.819A2 2 0 0 0 1\
3.81 3H9.828a2 2\
 0 0 1-1.414-.58\
6l-.828-.828A2 2\
 0 0 0 6.172 1H2\
.5a2 2 0 0 0-2 2\
m5.672-1a1 1 0 0\
 1 .707.293L7.58\
6 3H2.19q-.362.0\
02-.683.12L1.5 2\
.98a1 1 0 0 1 1-\
.98z\x22 />\x0d\x0a  <pat\
h d=\x22M11 11.5a.5\
.5 0 0 1 .5-.5h4\
a.5.5 0 1 1 0 1h\
-4a.5.5 0 0 1-.5\
-.5\x22 />\x0d\x0a</svg>\
\x00\x00\x01\x0c\
<\
svg xmlns=\x22http:\
//www.w3.org/200\
0/svg\x22 width=\x2216\
\x22 height=\x2216\x22 fi\
ll=\x22currentColor\
\x22 class=\x22bi bi-d\
ash-square-fill\x22\
 viewBox=\x220 0 16\
 16\x22>\x0a  <path d=\
\x22M2 0a2 2 0 0 0-\
2 2v12a2 2 0 0 0\
 2 2h12a2 2 0 0 \
0 2-2V2a2 2 0 0 \
0-2-2zm2.5 7.5h7\
a.5.5 0 0 1 0 1h\
-7a.5.5 0 0 1 0-\
1\x22/>\x0a</svg>\
\x00\x00\x01\x1a\
<\
svg xmlns=\x22http:\
//www.w3.org/200\
0/svg\x22 width=\x2216\
\x22 height=\x2216\x22 fi\
ll=\x22#e0e0e0\x22 cla\
ss=\x22bi bi-square\
\x22 viewBox=\x220 0 1\
6 16\x22>\x0d\x0a  <path \
d=\x22M14 1a1 1 0 0\
 1 1 1v12a1 1 0 \
0 1-1 1H2a1 1 0 \
0 1-1-1V2a1 1 0 \
0 1 1-1zM2 0a2 2\
 0 0 0-2 2v12a2 \
2 0 0 0 2 2h12a2\
 2 0 0 0 2-2V2a2\
 2 0 0 0-2-2z\x22 /\
>\x0d\x0a</svg>\
\x00\x00\x02\x0a\
<\
svg xmlns=\x22http:\
//www.w3.org/200\
0/svg\x22 width=\x2216\
\x22 height=\x2216\x22 fi\
ll=\x22currentColor\
\x22 class=\x22bi bi-f\
loppy-fill\x22 view\
Box=\x220 0 16 16\x22>\
\x0a  <path d=\x22M0 1\
.5A1.5 1.5 0 0 1\
 1.5 0H3v5.5A1.5\
 1.5 0 0 0 4.5 7\
h7A1.5 1.5 0 0 0\
 13 5.5V0h.086a1\
.5 1.5 0 0 1 1.0\
6.44l1.415 1.414\
A1.5 1.5 0 0 1 1\
6 2.914V14.5a1.5\
 1.5 0 0 1-1.5 1\
.5H14v-5.5A1.5 1\
.5 0 0 0 12.5 9h\
-9A1.5 1.5 0 0 0\
 2 10.5V16h-.5A1\
.5 1.5 0 0 1 0 1\
4.5z\x22/>\x0a  <path \
d=\x22M3 16h10v-5.5\
a.5.5 0 0 0-.5-.\
5h-9a.5.5 0 0 0-\
.5.5zm9-16H4v5.5\
a.5.5 0 0 0 .5.5\
h7a.5.5 0 0 0 .5\
-.5zM9 1h2v4H9z\x22\
/>\x0a</svg>\
\x00\x00\x01\xd7\
<\
svg xmlns=\x22http:\
//www.w3.org/200\
0/svg\x22 width=\x2216\
\x22 height=\x2216\x22 fi\
ll=\x22currentColor\
\x22 class=\x22bi bi-c\
lipboard-fill\x22 v\
iewBox=\x220 0 16 1\
6\x22>\x0a  <path fill\
-rule=\x22evenodd\x22 \
d=\x22M10 1.5a.5.5 \
0 0 0-.5-.5h-3a.\
5.5 0 0 0-.5.5v1\
a.5.5 0 0 0 .5.5\
h3a.5.5 0 0 0 .5\
-.5zm-5 0A1.5 1.\
5 0 0 1 6.5 0h3A\
1.5 1.5 0 0 1 11\
 1.5v1A1.5 1.5 0\
 0 1 9.5 4h-3A1.\
5 1.5 0 0 1 5 2.\
5zm-2 0h1v1A2.5 \
2.5 0 0 0 6.5 5h\
3A2.5 2.5 0 0 0 \
12 2.5v-1h1a2 2 \
0 0 1 2 2V14a2 2\
 0 0 1-2 2H3a2 2\
 0 0 1-2-2V3.5a2\
 2 0 0 1 2-2\x22/>\x0a\
</svg>\
\x00\x00\x03\x9a\
<\
svg xmlns=\x22http:\
//www.w3.org/200\
0/svg\x22 width=\x2216\
\x22 height=\x2216\x22 fi\
ll=\x22currentColor\
\x22 class=\x22bi bi-t\
ools\x22 viewBox=\x220\
 0 16 16\x22>\x0a  <pa\
th d=\x22M1 0 0 1l2\
.2 3.081a1 1 0 0\
 0 .815.419h.07a\
1 1 0 0 1 .708.2\
93l2.675 2.675-2\
.617 2.654A3.003\
 3.003 0 0 0 0 1\
3a3 3 0 1 0 5.87\
8-.851l2.654-2.6\
17.968.968-.305.\
914a1 1 0 0 0 .2\
42 1.023l3.27 3.\
27a.997.997 0 0 \
0 1.414 0l1.586-\
1.586a.997.997 0\
 0 0 0-1.414l-3.\
27-3.27a1 1 0 0 \
0-1.023-.242L10.\
5 9.5l-.96-.96 2\
.68-2.643A3.005 \
3.005 0 0 0 16 3\
q0-.405-.102-.77\
7l-2.14 2.141L12\
 4l-.364-1.757L1\
3.777.102a3 3 0 \
0 0-3.675 3.68L7\
.462 6.46 4.793 \
3.793a1 1 0 0 1-\
.293-.707v-.071a\
1 1 0 0 0-.419-.\
814zm9.646 10.64\
6a.5.5 0 0 1 .70\
8 0l2.914 2.915a\
.5.5 0 0 1-.707.\
707l-2.915-2.914\
a.5.5 0 0 1 0-.7\
08M3 11l.471.242\
.529.026.287.445\
.445.287.026.529\
L5 13l-.242.471-\
.026.529-.445.28\
7-.287.445-.529.\
026L3 15l-.471-.\
242L2 14.732l-.2\
87-.445L1.268 14\
l-.026-.529L1 13\
l.242-.471.026-.\
529.445-.287.287\
-.445.529-.026z\x22\
/>\x0a</svg>\
\x00\x00\x01\xf3\
<\
svg xmlns=\x22http:\
//www.w3.org/200\
0/svg\x22 width=\x2216\
\x22 height=\x2216\x22 fi\
ll=\x22current_colo\
r\x22 class=\x22bi bi-\
journal\x22 viewBox\
=\x220 0 16 16\x22>\x0d\x0a \
 <path d=\x22M3 0h1\
0a2 2 0 0 1 2 2v\
12a2 2 0 0 1-2 2\
H3a2 2 0 0 1-2-2\
v-1h1v1a1 1 0 0 \
0 1 1h10a1 1 0 0\
 0 1-1V2a1 1 0 0\
 0-1-1H3a1 1 0 0\
 0-1 1v1H1V2a2 2\
 0 0 1 2-2\x22 />\x0d\x0a\
  <path d=\x22M1 5v\
-.5a.5.5 0 0 1 1\
 0V5h.5a.5.5 0 0\
 1 0 1h-2a.5.5 0\
 0 1 0-1zm0 3v-.\
5a.5.5 0 0 1 1 0\
V8h.5a.5.5 0 0 1\
 0 1h-2a.5.5 0 0\
 1 0-1zm0 3v-.5a\
.5.5 0 0 1 1 0v.\
5h.5a.5.5 0 0 1 \
0 1h-2a.5.5 0 0 \
1 0-1z\x22 />\x0d\x0a</sv\
g>\
\x00\x00\x03*\
<\
svg xmlns=\x22http:\
//www.w3.org/200\
0/svg\x22 width=\x2216\
\x22 height=\x2216\x22 fi\
ll=\x22#e0e0e0\x22 cla\
ss=\x22bi bi-bandai\
d-fill\x22 viewBox=\
\x220 0 16 16\x22>\x0d\x0a  \
<path d=\x22m2.68 7\
.676 6.49-6.504a\
4 4 0 0 1 5.66 5\
.653l-1.477 1.52\
9-5.006 5.006-1.\
523 1.472a4 4 0 \
0 1-5.653-5.66l.\
001-.002 1.505-1\
.492.001-.002Zm5\
.71-2.858a.5.5 0\
 1 0-.708.707.5.\
5 0 0 0 .707-.70\
7ZM6.974 6.939a.\
5.5 0 1 0-.707-.\
707.5.5 0 0 0 .7\
07.707M5.56 8.35\
4a.5.5 0 1 0-.70\
7-.708.5.5 0 0 0\
 .707.708m2.828 \
2.828a.5.5 0 1 0\
-.707-.707.5.5 0\
 0 0 .707.707m1.\
414-2.121a.5.5 0\
 1 0-.707.707.5.\
5 0 0 0 .707-.70\
7m1.414-.707a.5.\
5 0 1 0-.706-.70\
8.5.5 0 0 0 .707\
.708Zm-4.242.707\
a.5.5 0 1 0-.707\
.707.5.5 0 0 0 .\
707-.707m1.414-.\
707a.5.5 0 1 0-.\
707-.708.5.5 0 0\
 0 .707.708m1.41\
4-2.122a.5.5 0 1\
 0-.707.707.5.5 \
0 0 0 .707-.707M\
8.646 3.354l4 4 \
.708-.708-4-4zm-\
1.292 9.292-4-4-\
.708.708 4 4z\x22 /\
>\x0d\x0a</svg>\
\x00\x00\x02\x0c\
<\
svg xmlns=\x22http:\
//www.w3.org/200\
0/svg\x22 width=\x2216\
\x22 height=\x2216\x22 fi\
ll=\x22current_colo\
r\x22 class=\x22bi bi-\
link-45deg\x22 view\
Box=\x220 0 16 16\x22>\
\x0d\x0a  <path d=\x22M4.\
715 6.542 3.343 \
7.914a3 3 0 1 0 \
4.243 4.243l1.82\
8-1.829A3 3 0 0 \
0 8.586 5.5L8 6.\
086a1 1 0 0 0-.1\
54.199 2 2 0 0 1\
 .861 3.337L6.88\
 11.45a2 2 0 1 1\
-2.83-2.83l.793-\
.792a4 4 0 0 1-.\
128-1.287z\x22 />\x0d\x0a\
  <path d=\x22M6.58\
6 4.672A3 3 0 0 \
0 7.414 9.5l.775\
-.776a2 2 0 0 1-\
.896-3.346L9.12 \
3.55a2 2 0 1 1 2\
.83 2.83l-.793.7\
92c.112.42.155.8\
55.128 1.287l1.3\
72-1.372a3 3 0 1\
 0-4.243-4.243z\x22\
 />\x0d\x0a</svg>\
\x00\x00\x01\x94\
<\
svg xmlns=\x22http:\
//www.w3.org/200\
0/svg\x22 width=\x2216\
\x22 height=\x2216\x22 fi\
ll=\x22#e0e0e0\x22 cla\
ss=\x22bi bi-copy\x22 \
viewBox=\x220 0 16 \
16\x22>\x0d\x0a  <path fi\
ll-rule=\x22evenodd\
\x22 d=\x22M4 2a2 2 0 \
0 1 2-2h8a2 2 0 \
0 1 2 2v8a2 2 0 \
0 1-2 2H6a2 2 0 \
0 1-2-2zm2-1a1 1\
 0 0 0-1 1v8a1 1\
 0 0 0 1 1h8a1 1\
 0 0 0 1-1V2a1 1\
 0 0 0-1-1zM2 5a\
1 1 0 0 0-1 1v8a\
1 1 0 0 0 1 1h8a\
1 1 0 0 0 1-1v-1\
h1v1a2 2 0 0 1-2\
 2H2a2 2 0 0 1-2\
-2V6a2 2 0 0 1 2\
-2h1v1z\x22 />\x0d\x0a</s\
vg>\
\x00\x00\x01\xa9\
<\
svg xmlns=\x22http:\
//www.w3.org/200\
0/svg\x22 width=\x2216\
\x22 height=\x2216\x22 fi\
ll=\x22#e0e0e0\x22 cla\
ss=\x22bi bi-info-c\
ircle-fill\x22 view\
Box=\x220 0 16 16\x22>\
\x0d\x0a  <path d=\x22M8 \
16A8 8 0 1 0 8 0\
a8 8 0 0 0 0 16m\
.93-9.412-1 4.70\
5c-.07.34.029.53\
3.304.533.194 0 \
.487-.07.686-.24\
6l-.088.416c-.28\
7.346-.92.598-1.\
465.598-.703 0-1\
.002-.422-.808-1\
.319l.738-3.468c\
.064-.293.006-.3\
99-.287-.47l-.45\
1-.081.082-.381 \
2.29-.287zM8 5.5\
a1 1 0 1 1 0-2 1\
 1 0 0 1 0 2\x22 />\
\x0d\x0a</svg>\
\x00\x00\x02\x8b\
<\
svg xmlns=\x22http:\
//www.w3.org/200\
0/svg\x22 width=\x2216\
\x22 height=\x2216\x22 fi\
ll=\x22current_colo\
r\x22 class=\x22bi bi-\
journal-plus\x22 vi\
ewBox=\x220 0 16 16\
\x22>\x0d\x0a  <path fill\
-rule=\x22evenodd\x22 \
d=\x22M8 5.5a.5.5 0\
 0 1 .5.5v1.5H10\
a.5.5 0 0 1 0 1H\
8.5V10a.5.5 0 0 \
1-1 0V8.5H6a.5.5\
 0 0 1 0-1h1.5V6\
a.5.5 0 0 1 .5-.\
5\x22 />\x0d\x0a  <path d\
=\x22M3 0h10a2 2 0 \
0 1 2 2v12a2 2 0\
 0 1-2 2H3a2 2 0\
 0 1-2-2v-1h1v1a\
1 1 0 0 0 1 1h10\
a1 1 0 0 0 1-1V2\
a1 1 0 0 0-1-1H3\
a1 1 0 0 0-1 1v1\
H1V2a2 2 0 0 1 2\
-2\x22 />\x0d\x0a  <path \
d=\x22M1 5v-.5a.5.5\
 0 0 1 1 0V5h.5a\
.5.5 0 0 1 0 1h-\
2a.5.5 0 0 1 0-1\
zm0 3v-.5a.5.5 0\
 0 1 1 0V8h.5a.5\
.5 0 0 1 0 1h-2a\
.5.5 0 0 1 0-1zm\
0 3v-.5a.5.5 0 0\
 1 1 0v.5h.5a.5.\
5 0 0 1 0 1h-2a.\
5.5 0 0 1 0-1z\x22 \
/>\x0d\x0a</svg>\
\x00\x00\x00\xdc\
<\
svg xmlns=\x22http:\
//www.w3.org/200\
0/svg\x22 width=\x2216\
\x22 height=\x2216\x22 fi\
ll=\x22#e0e0e0\x22 cla\
ss=\x22bi bi-person\
-fill\x22 viewBox=\x22\
0 0 16 16\x22>\x0d\x0a  <\
path d=\x22M3 14s-1\
 0-1-1 1-4 6-4 6\
 3 6 4-1 1-1 1zm\
5-6a3 3 0 1 0 0-\
6 3 3 0 0 0 0 6\x22\
 />\x0d\x0a</svg>\
\x00\x00\x01>\
<\
svg xmlns=\x22http:\
//www.w3.org/200\
0/svg\x22 width=\x2216\
\x22 height=\x2216\x22 fi\
ll=\x22currentColor\
\x22 class=\x22bi bi-e\
xclamation-circl\
e-fill\x22 viewBox=\
\x220 0 16 16\x22>\x0a  <\
path d=\x22M16 8A8 \
8 0 1 1 0 8a8 8 \
0 0 1 16 0M8 4a.\
905.905 0 0 0-.9\
.995l.35 3.507a.\
552.552 0 0 0 1.\
1 0l.35-3.507A.9\
05.905 0 0 0 8 4\
m.002 6a1 1 0 1 \
0 0 2 1 1 0 0 0 \
0-2\x22/>\x0a</svg>\
\x00\x00\x02C\
<\
svg xmlns=\x22http:\
//www.w3.org/200\
0/svg\x22 width=\x2216\
\x22 height=\x2216\x22 fi\
ll=\x22#e0e0e0\x22 cla\
ss=\x22bi bi-clipbo\
ard-check-fill\x22 \
viewBox=\x220 0 16 \
16\x22>\x0d\x0a  <path d=\
\x22M6.5 0A1.5 1.5 \
0 0 0 5 1.5v1A1.\
5 1.5 0 0 0 6.5 \
4h3A1.5 1.5 0 0 \
0 11 2.5v-1A1.5 \
1.5 0 0 0 9.5 0z\
m3 1a.5.5 0 0 1 \
.5.5v1a.5.5 0 0 \
1-.5.5h-3a.5.5 0\
 0 1-.5-.5v-1a.5\
.5 0 0 1 .5-.5z\x22\
 />\x0d\x0a  <path d=\x22\
M4 1.5H3a2 2 0 0\
 0-2 2V14a2 2 0 \
0 0 2 2h10a2 2 0\
 0 0 2-2V3.5a2 2\
 0 0 0-2-2h-1v1A\
2.5 2.5 0 0 1 9.\
5 5h-3A2.5 2.5 0\
 0 1 4 2.5zm6.85\
4 7.354-3 3a.5.5\
 0 0 1-.708 0l-1\
.5-1.5a.5.5 0 0 \
1 .708-.708L7.5 \
10.793l2.646-2.6\
47a.5.5 0 0 1 .7\
08.708\x22 />\x0d\x0a</sv\
g>\
\x00\x00\x01<\
<\
svg xmlns=\x22http:\
//www.w3.org/200\
0/svg\x22 width=\x2216\
\x22 height=\x2216\x22 fi\
ll=\x22#e0e0e0\x22 cla\
ss=\x22bi bi-exclam\
ation-circle-fil\
l\x22 viewBox=\x220 0 \
16 16\x22>\x0d\x0a  <path\
 d=\x22M16 8A8 8 0 \
1 1 0 8a8 8 0 0 \
1 16 0M8 4a.905.\
905 0 0 0-.9.995\
l.35 3.507a.552.\
552 0 0 0 1.1 0l\
.35-3.507A.905.9\
05 0 0 0 8 4m.00\
2 6a1 1 0 1 0 0 \
2 1 1 0 0 0 0-2\x22\
 />\x0d\x0a</svg>\
\x00\x00\x01\x98\
<\
svg xmlns=\x22http:\
//www.w3.org/200\
0/svg\x22 width=\x2216\
\x22 height=\x2216\x22 fi\
ll=\x22current_colo\
r\x22 class=\x22bi bi-\
image\x22 viewBox=\x22\
0 0 16 16\x22>\x0d\x0a  <\
path d=\x22M6.002 5\
.5a1.5 1.5 0 1 1\
-3 0 1.5 1.5 0 0\
 1 3 0\x22 />\x0d\x0a  <p\
ath d=\x22M2.002 1a\
2 2 0 0 0-2 2v10\
a2 2 0 0 0 2 2h1\
2a2 2 0 0 0 2-2V\
3a2 2 0 0 0-2-2z\
m12 1a1 1 0 0 1 \
1 1v6.5l-3.777-1\
.947a.5.5 0 0 0-\
.577.093l-3.71 3\
.71-2.66-1.772a.\
5.5 0 0 0-.63.06\
2L1.002 12V3a1 1\
 0 0 1 1-1z\x22 />\x0d\
\x0a</svg>\
\x00\x00\x02\x02\
<\
svg xmlns=\x22http:\
//www.w3.org/200\
0/svg\x22 width=\x2216\
\x22 height=\x2216\x22 fi\
ll=\x22current_colo\
r\x22 class=\x22bi bi-\
file-earmark-ima\
ge-fill\x22 viewBox\
=\x220 0 16 16\x22>\x0d\x0a \
 <path d=\x22M4 0h5\
.293A1 1 0 0 1 1\
0 .293L13.707 4a\
1 1 0 0 1 .293.7\
07v5.586l-2.73-2\
.73a1 1 0 0 0-1.\
52.127l-1.889 2.\
644-1.769-1.062a\
1 1 0 0 0-1.222.\
15L2 12.292V2a2 \
2 0 0 1 2-2m5.5 \
1.5v2a1 1 0 0 0 \
1 1h2zm-1.498 4a\
1.5 1.5 0 1 0-3 \
0 1.5 1.5 0 0 0 \
3 0\x22 />\x0d\x0a  <path\
 d=\x22M10.564 8.27\
 14 11.708V14a2 \
2 0 0 1-2 2H4a2 \
2 0 0 1-2-2v-.29\
3l3.578-3.577 2.\
56 1.536 2.426-3\
.395z\x22 />\x0d\x0a</svg\
>\
\x00\x00\x02\x13\
<\
svg xmlns=\x22http:\
//www.w3.org/200\
0/svg\x22 width=\x2216\
\x22 height=\x2216\x22 fi\
ll=\x22currentColor\
\x22 class=\x22bi bi-e\
moji-frown\x22 view\
Box=\x220 0 16 16\x22>\
\x0a  <path d=\x22M8 1\
5A7 7 0 1 1 8 1a\
7 7 0 0 1 0 14m0\
 1A8 8 0 1 0 8 0\
a8 8 0 0 0 0 16\x22\
/>\x0a  <path d=\x22M4\
.285 12.433a.5.5\
 0 0 0 .683-.183\
A3.5 3.5 0 0 1 8\
 10.5c1.295 0 2.\
426.703 3.032 1.\
75a.5.5 0 0 0 .8\
66-.5A4.5 4.5 0 \
0 0 8 9.5a4.5 4.\
5 0 0 0-3.898 2.\
25.5.5 0 0 0 .18\
3.683M7 6.5C7 7.\
328 6.552 8 6 8s\
-1-.672-1-1.5S5.\
448 5 6 5s1 .672\
 1 1.5m4 0c0 .82\
8-.448 1.5-1 1.5\
s-1-.672-1-1.5S9\
.448 5 10 5s1 .6\
72 1 1.5\x22/>\x0a</sv\
g>\
\x00\x00\x02\xa5\
<\
svg xmlns=\x22http:\
//www.w3.org/200\
0/svg\x22 width=\x2216\
\x22 height=\x2216\x22 fi\
ll=\x22current_colo\
r\x22 class=\x22bi bi-\
question-circle-\
fill\x22 viewBox=\x220\
 0 16 16\x22>\x0d\x0a  <p\
ath d=\x22M16 8A8 8\
 0 1 1 0 8a8 8 0\
 0 1 16 0M5.496 \
6.033h.825c.138 \
0 .248-.113.266-\
.25.09-.656.54-1\
.134 1.342-1.134\
.686 0 1.314.343\
 1.314 1.168 0 .\
635-.374.927-.96\
5 1.371-.673.489\
-1.206 1.06-1.16\
8 1.987l.003.217\
a.25.25 0 0 0 .2\
5.246h.811a.25.2\
5 0 0 0 .25-.25v\
-.105c0-.718.273\
-.927 1.01-1.486\
.609-.463 1.244-\
.977 1.244-2.056\
 0-1.511-1.276-2\
.241-2.673-2.241\
-1.267 0-2.655.5\
9-2.75 2.286a.23\
7.237 0 0 0 .241\
.247m2.325 6.443\
c.61 0 1.029-.39\
4 1.029-.927 0-.\
552-.42-.94-1.02\
9-.94-.584 0-1.0\
09.388-1.009.94 \
0 .533.425.927 1\
.01.927z\x22 />\x0d\x0a</\
svg>\
\x00\x00\x02_\
<\
svg xmlns=\x22http:\
//www.w3.org/200\
0/svg\x22 width=\x2216\
\x22 height=\x2216\x22 fi\
ll=\x22#e0e0e0\x22 cla\
ss=\x22bi bi-journa\
l-bookmark-fill\x22\
 viewBox=\x220 0 16\
 16\x22>\x0d\x0a  <path f\
ill-rule=\x22evenod\
d\x22 d=\x22M6 1h6v7a.\
5.5 0 0 1-.757.4\
29L9 7.083 6.757\
 8.43A.5.5 0 0 1\
 6 8z\x22 />\x0d\x0a  <pa\
th d=\x22M3 0h10a2 \
2 0 0 1 2 2v12a2\
 2 0 0 1-2 2H3a2\
 2 0 0 1-2-2v-1h\
1v1a1 1 0 0 0 1 \
1h10a1 1 0 0 0 1\
-1V2a1 1 0 0 0-1\
-1H3a1 1 0 0 0-1\
 1v1H1V2a2 2 0 0\
 1 2-2\x22 />\x0d\x0a  <p\
ath d=\x22M1 5v-.5a\
.5.5 0 0 1 1 0V5\
h.5a.5.5 0 0 1 0\
 1h-2a.5.5 0 0 1\
 0-1zm0 3v-.5a.5\
.5 0 0 1 1 0V8h.\
5a.5.5 0 0 1 0 1\
h-2a.5.5 0 0 1 0\
-1zm0 3v-.5a.5.5\
 0 0 1 1 0v.5h.5\
a.5.5 0 0 1 0 1h\
-2a.5.5 0 0 1 0-\
1z\x22 />\x0d\x0a</svg>\
\x00\x00\x03\xbf\
<\
svg xmlns=\x22http:\
//www.w3.org/200\
0/svg\x22 width=\x2216\
\x22 height=\x2216\x22 fi\
ll=\x22#e0e0e0\x22 cla\
ss=\x22bi bi-bandai\
d\x22 viewBox=\x220 0 \
16 16\x22>\x0d\x0a  <path\
 d=\x22M14.121 1.87\
9a3 3 0 0 0-4.24\
2 0L8.733 3.026l\
4.261 4.26 1.127\
-1.165a3 3 0 0 0\
 0-4.242M12.293 \
8 8.027 3.734 3.\
738 8.031 8 12.2\
93zm-5.006 4.994\
L3.03 8.737 1.87\
9 9.88a3 3 0 0 0\
 4.241 4.24l.006\
-.006 1.16-1.121\
ZM2.679 7.676l6.\
492-6.504a4 4 0 \
0 1 5.66 5.653l-\
1.477 1.529-5.00\
6 5.006-1.523 1.\
472a4 4 0 0 1-5.\
653-5.66l.001-.0\
02 1.505-1.492z\x22\
 />\x0d\x0a  <path d=\x22\
M5.56 7.646a.5.5\
 0 1 1-.706.708.\
5.5 0 0 1 .707-.\
708Zm1.415-1.414\
a.5.5 0 1 1-.707\
.707.5.5 0 0 1 .\
707-.707M8.39 4.\
818a.5.5 0 1 1-.\
708.707.5.5 0 0 \
1 .707-.707Zm0 5\
.657a.5.5 0 1 1-\
.708.707.5.5 0 0\
 1 .707-.707ZM9.\
803 9.06a.5.5 0 \
1 1-.707.708.5.5\
 0 0 1 .707-.707\
Zm1.414-1.414a.5\
.5 0 1 1-.706.70\
8.5.5 0 0 1 .707\
-.708ZM6.975 9.0\
6a.5.5 0 1 1-.70\
7.708.5.5 0 0 1 \
.707-.707ZM8.39 \
7.646a.5.5 0 1 1\
-.708.708.5.5 0 \
0 1 .707-.708Zm1\
.413-1.414a.5.5 \
0 1 1-.707.707.5\
.5 0 0 1 .707-.7\
07\x22 />\x0d\x0a</svg>\
\x00\x00\x01\x1f\
<\
svg xmlns=\x22http:\
//www.w3.org/200\
0/svg\x22 width=\x2216\
\x22 height=\x2216\x22 fi\
ll=\x22#e0e0e0\x22 cla\
ss=\x22bi bi-file-e\
armark-fill\x22 vie\
wBox=\x220 0 16 16\x22\
>\x0d\x0a  <path d=\x22M4\
 0h5.293A1 1 0 0\
 1 10 .293L13.70\
7 4a1 1 0 0 1 .2\
93.707V14a2 2 0 \
0 1-2 2H4a2 2 0 \
0 1-2-2V2a2 2 0 \
0 1 2-2m5.5 1.5v\
2a1 1 0 0 0 1 1h\
2z\x22 />\x0d\x0a</svg>\
\x00\x00\x01\x09\
<\
svg xmlns=\x22http:\
//www.w3.org/200\
0/svg\x22 width=\x2216\
\x22 height=\x2216\x22 fi\
ll=\x22currentColor\
\x22 class=\x22bi bi-c\
aret-up-fill\x22 vi\
ewBox=\x220 0 16 16\
\x22>\x0a  <path d=\x22m7\
.247 4.86-4.796 \
5.481c-.566.647-\
.106 1.659.753 1\
.659h9.592a1 1 0\
 0 0 .753-1.659l\
-4.796-5.48a1 1 \
0 0 0-1.506 0z\x22/\
>\x0a</svg>\
\x00\x00\x01\x1a\
<\
svg xmlns=\x22http:\
//www.w3.org/200\
0/svg\x22 width=\x2216\
\x22 height=\x2216\x22 fi\
ll=\x22current_colo\
r\x22 class=\x22bi bi-\
toggle2-on\x22 view\
Box=\x220 0 16 16\x22>\
\x0d\x0a  <path d=\x22M7 \
5H3a3 3 0 0 0 0 \
6h4a5 5 0 0 1-.5\
84-1H3a2 2 0 1 1\
 0-4h3.416q.235-\
.537.584-1\x22 />\x0d\x0a\
  <path d=\x22M16 8\
A5 5 0 1 1 6 8a5\
 5 0 0 1 10 0\x22 /\
>\x0d\x0a</svg>\
\x00\x00\x01d\
<\
svg xmlns=\x22http:\
//www.w3.org/200\
0/svg\x22 width=\x2216\
\x22 height=\x2216\x22 fi\
ll=\x22#e0e0e0\x22 cla\
ss=\x22bi bi-arrow-\
counterclockwise\
\x22 viewBox=\x220 0 1\
6 16\x22>\x0d\x0a  <path \
fill-rule=\x22eveno\
dd\x22 d=\x22M8 3a5 5 \
0 1 1-4.546 2.91\
4.5.5 0 0 0-.908\
-.417A6 6 0 1 0 \
8 2z\x22 />\x0d\x0a  <pat\
h d=\x22M8 4.466V.5\
34a.25.25 0 0 0-\
.41-.192L5.23 2.\
308a.25.25 0 0 0\
 0 .384l2.36 1.9\
66A.25.25 0 0 0 \
8 4.466\x22 />\x0d\x0a</s\
vg>\
\x00\x00\x03\x98\
<\
svg xmlns=\x22http:\
//www.w3.org/200\
0/svg\x22 width=\x2216\
\x22 height=\x2216\x22 fi\
ll=\x22#e0e0e0\x22 cla\
ss=\x22bi bi-tools\x22\
 viewBox=\x220 0 16\
 16\x22>\x0d\x0a  <path d\
=\x22M1 0 0 1l2.2 3\
.081a1 1 0 0 0 .\
815.419h.07a1 1 \
0 0 1 .708.293l2\
.675 2.675-2.617\
 2.654A3.003 3.0\
03 0 0 0 0 13a3 \
3 0 1 0 5.878-.8\
51l2.654-2.617.9\
68.968-.305.914a\
1 1 0 0 0 .242 1\
.023l3.27 3.27a.\
997.997 0 0 0 1.\
414 0l1.586-1.58\
6a.997.997 0 0 0\
 0-1.414l-3.27-3\
.27a1 1 0 0 0-1.\
023-.242L10.5 9.\
5l-.96-.96 2.68-\
2.643A3.005 3.00\
5 0 0 0 16 3q0-.\
405-.102-.777l-2\
.14 2.141L12 4l-\
.364-1.757L13.77\
7.102a3 3 0 0 0-\
3.675 3.68L7.462\
 6.46 4.793 3.79\
3a1 1 0 0 1-.293\
-.707v-.071a1 1 \
0 0 0-.419-.814z\
m9.646 10.646a.5\
.5 0 0 1 .708 0l\
2.914 2.915a.5.5\
 0 0 1-.707.707l\
-2.915-2.914a.5.\
5 0 0 1 0-.708M3\
 11l.471.242.529\
.026.287.445.445\
.287.026.529L5 1\
3l-.242.471-.026\
.529-.445.287-.2\
87.445-.529.026L\
3 15l-.471-.242L\
2 14.732l-.287-.\
445L1.268 14l-.0\
26-.529L1 13l.24\
2-.471.026-.529.\
445-.287.287-.44\
5.529-.026z\x22 />\x0d\
\x0a</svg>\
\x00\x00\x02\x81\
<\
svg xmlns=\x22http:\
//www.w3.org/200\
0/svg\x22 width=\x2216\
\x22 height=\x2216\x22 fi\
ll=\x22current_colo\
r\x22 class=\x22bi bi-\
folder-check\x22 vi\
ewBox=\x220 0 16 16\
\x22>\x0d\x0a  <path d=\x22m\
.5 3 .04.87a2 2 \
0 0 0-.342 1.311\
l.637 7A2 2 0 0 \
0 2.826 14H9v-1H\
2.826a1 1 0 0 1-\
.995-.91l-.637-7\
A1 1 0 0 1 2.19 \
4h11.62a1 1 0 0 \
1 .996 1.09L14.5\
4 8h1.005l.256-2\
.819A2 2 0 0 0 1\
3.81 3H9.828a2 2\
 0 0 1-1.414-.58\
6l-.828-.828A2 2\
 0 0 0 6.172 1H2\
.5a2 2 0 0 0-2 2\
m5.672-1a1 1 0 0\
 1 .707.293L7.58\
6 3H2.19q-.362.0\
02-.683.12L1.5 2\
.98a1 1 0 0 1 1-\
.98z\x22 />\x0d\x0a  <pat\
h d=\x22M15.854 10.\
146a.5.5 0 0 1 0\
 .708l-3 3a.5.5 \
0 0 1-.707 0l-1.\
5-1.5a.5.5 0 0 1\
 .707-.708l1.146\
 1.147 2.646-2.6\
47a.5.5 0 0 1 .7\
08 0\x22 />\x0d\x0a</svg>\
\
\x00\x00\x03)\
<\
svg xmlns=\x22http:\
//www.w3.org/200\
0/svg\x22 width=\x2216\
\x22 height=\x2216\x22 fi\
ll=\x22#e0e0e0\x22 cla\
ss=\x22bi bi-gear-f\
ill\x22 viewBox=\x220 \
0 16 16\x22>\x0d\x0a  <pa\
th d=\x22M9.405 1.0\
5c-.413-1.4-2.39\
7-1.4-2.81 0l-.1\
.34a1.464 1.464 \
0 0 1-2.105.872l\
-.31-.17c-1.283-\
.698-2.686.705-1\
.987 1.987l.169.\
311c.446.82.023 \
1.841-.872 2.105\
l-.34.1c-1.4.413\
-1.4 2.397 0 2.8\
1l.34.1a1.464 1.\
464 0 0 1 .872 2\
.105l-.17.31c-.6\
98 1.283.705 2.6\
86 1.987 1.987l.\
311-.169a1.464 1\
.464 0 0 1 2.105\
.872l.1.34c.413 \
1.4 2.397 1.4 2.\
81 0l.1-.34a1.46\
4 1.464 0 0 1 2.\
105-.872l.31.17c\
1.283.698 2.686-\
.705 1.987-1.987\
l-.169-.311a1.46\
4 1.464 0 0 1 .8\
72-2.105l.34-.1c\
1.4-.413 1.4-2.3\
97 0-2.81l-.34-.\
1a1.464 1.464 0 \
0 1-.872-2.105l.\
17-.31c.698-1.28\
3-.705-2.686-1.9\
87-1.987l-.311.1\
69a1.464 1.464 0\
 0 1-2.105-.872z\
M8 10.93a2.929 2\
.929 0 1 1 0-5.8\
6 2.929 2.929 0 \
0 1 0 5.858z\x22 />\
\x0d\x0a</svg>\
\x00\x00\x01+\
<\
svg xmlns=\x22http:\
//www.w3.org/200\
0/svg\x22 width=\x2216\
\x22 height=\x2216\x22 fi\
ll=\x22current_colo\
r\x22 class=\x22bi bi-\
bell-fill\x22 viewB\
ox=\x220 0 16 16\x22>\x0d\
\x0a  <path d=\x22M8 1\
6a2 2 0 0 0 2-2H\
6a2 2 0 0 0 2 2m\
.995-14.901a1 1 \
0 1 0-1.99 0A5 5\
 0 0 0 3 6c0 1.0\
98-.5 6-2 7h14c-\
1.5-1-2-5.902-2-\
7 0-2.42-1.72-4.\
44-4.005-4.901\x22 \
/>\x0d\x0a</svg>\
\x00\x00\x01\xcc\
<\
svg xmlns=\x22http:\
//www.w3.org/200\
0/svg\x22 width=\x2216\
\x22 height=\x2216\x22 fi\
ll=\x22currentColor\
\x22 class=\x22bi bi-i\
nfo-circle\x22 view\
Box=\x220 0 16 16\x22>\
\x0a  <path d=\x22M8 1\
5A7 7 0 1 1 8 1a\
7 7 0 0 1 0 14m0\
 1A8 8 0 1 0 8 0\
a8 8 0 0 0 0 16\x22\
/>\x0a  <path d=\x22m8\
.93 6.588-2.29.2\
87-.082.38.45.08\
3c.294.07.352.17\
6.288.469l-.738 \
3.468c-.194.897.\
105 1.319.808 1.\
319.545 0 1.178-\
.252 1.465-.598l\
.088-.416c-.2.17\
6-.492.246-.686.\
246-.275 0-.375-\
.193-.304-.533zM\
9 4.5a1 1 0 1 1-\
2 0 1 1 0 0 1 2 \
0\x22/>\x0a</svg>\
\x00\x00\x02E\
<\
svg xmlns=\x22http:\
//www.w3.org/200\
0/svg\x22 width=\x2216\
\x22 height=\x2216\x22 fi\
ll=\x22current_colo\
r\x22 class=\x22bi bi-\
pencil-square\x22 v\
iewBox=\x220 0 16 1\
6\x22>\x0d\x0a  <path d=\x22\
M15.502 1.94a.5.\
5 0 0 1 0 .706L1\
4.459 3.69l-2-2L\
13.502.646a.5.5 \
0 0 1 .707 0l1.2\
93 1.293zm-1.75 \
2.456-2-2L4.939 \
9.21a.5.5 0 0 0-\
.121.196l-.805 2\
.414a.25.25 0 0 \
0 .316.316l2.414\
-.805a.5.5 0 0 0\
 .196-.12l6.813-\
6.814z\x22 />\x0d\x0a  <p\
ath fill-rule=\x22e\
venodd\x22 d=\x22M1 13\
.5A1.5 1.5 0 0 0\
 2.5 15h11a1.5 1\
.5 0 0 0 1.5-1.5\
v-6a.5.5 0 0 0-1\
 0v6a.5.5 0 0 1-\
.5.5h-11a.5.5 0 \
0 1-.5-.5v-11a.5\
.5 0 0 1 .5-.5H9\
a.5.5 0 0 0 0-1H\
2.5A1.5 1.5 0 0 \
0 1 2.5z\x22 />\x0d\x0a</\
svg>\
\x00\x00\x00\xe5\
<\
svg xmlns=\x22http:\
//www.w3.org/200\
0/svg\x22 width=\x2216\
\x22 height=\x2216\x22 fi\
ll=\x22#e0e0e0\x22 cla\
ss=\x22bi bi-dash-c\
ircle-fill\x22 view\
Box=\x220 0 16 16\x22>\
\x0d\x0a  <path d=\x22M16\
 8A8 8 0 1 1 0 8\
a8 8 0 0 1 16 0M\
4.5 7.5a.5.5 0 0\
 0 0 1h7a.5.5 0 \
0 0 0-1z\x22 />\x0d\x0a</\
svg>\
\x00\x00\x01\xc8\
<\
svg xmlns=\x22http:\
//www.w3.org/200\
0/svg\x22 width=\x2216\
\x22 height=\x2216\x22 fi\
ll=\x22current_colo\
r\x22 class=\x22bi bi-\
info-square-fill\
\x22 viewBox=\x220 0 1\
6 16\x22>\x0d\x0a  <path \
d=\x22M0 2a2 2 0 0 \
1 2-2h12a2 2 0 0\
 1 2 2v12a2 2 0 \
0 1-2 2H2a2 2 0 \
0 1-2-2zm8.93 4.\
588-2.29.287-.08\
2.38.45.083c.294\
.07.352.176.288.\
469l-.738 3.468c\
-.194.897.105 1.\
319.808 1.319.54\
5 0 1.178-.252 1\
.465-.598l.088-.\
416c-.2.176-.492\
.246-.686.246-.2\
75 0-.375-.193-.\
304-.533zM8 5.5a\
1 1 0 1 0 0-2 1 \
1 0 0 0 0 2\x22 />\x0d\
\x0a</svg>\
\x00\x00\x01\xd5\
<\
svg xmlns=\x22http:\
//www.w3.org/200\
0/svg\x22 width=\x2216\
\x22 height=\x2216\x22 fi\
ll=\x22#e0e0e0\x22 cla\
ss=\x22bi bi-clipbo\
ard-fill\x22 viewBo\
x=\x220 0 16 16\x22>\x0d\x0a\
  <path fill-rul\
e=\x22evenodd\x22 d=\x22M\
10 1.5a.5.5 0 0 \
0-.5-.5h-3a.5.5 \
0 0 0-.5.5v1a.5.\
5 0 0 0 .5.5h3a.\
5.5 0 0 0 .5-.5z\
m-5 0A1.5 1.5 0 \
0 1 6.5 0h3A1.5 \
1.5 0 0 1 11 1.5\
v1A1.5 1.5 0 0 1\
 9.5 4h-3A1.5 1.\
5 0 0 1 5 2.5zm-\
2 0h1v1A2.5 2.5 \
0 0 0 6.5 5h3A2.\
5 2.5 0 0 0 12 2\
.5v-1h1a2 2 0 0 \
1 2 2V14a2 2 0 0\
 1-2 2H3a2 2 0 0\
 1-2-2V3.5a2 2 0\
 0 1 2-2\x22 />\x0d\x0a</\
svg>\
\x00\x00\x00\xec\
<\
svg xmlns=\x22http:\
//www.w3.org/200\
0/svg\x22 width=\x2216\
\x22 height=\x2216\x22 fi\
ll=\x22currentColor\
\x22 class=\x22bi bi-m\
icrosoft\x22 viewBo\
x=\x220 0 16 16\x22>\x0a \
 <path d=\x22M7.462\
 0H0v7.19h7.462z\
M16 0H8.538v7.19\
H16zM7.462 8.211\
H0V16h7.462zm8.5\
38 0H8.538V16H16\
z\x22/>\x0a</svg>\
\x00\x00\x00\xa8\
<\
svg xmlns=\x22http:\
//www.w3.org/200\
0/svg\x22 width=\x2216\
\x22 height=\x2216\x22 fi\
ll=\x22currentColor\
\x22 class=\x22bi bi-c\
ircle-fill\x22 view\
Box=\x220 0 16 16\x22>\
\x0a  <circle cx=\x228\
\x22 cy=\x228\x22 r=\x228\x22/>\
\x0a</svg>\
\x00\x00\x02\x13\
<\
svg xmlns=\x22http:\
//www.w3.org/200\
0/svg\x22 width=\x2216\
\x22 height=\x2216\x22 fi\
ll=\x22#e0e0e0\x22 cla\
ss=\x22bi bi-emoji-\
frown\x22 viewBox=\x22\
0 0 16 16\x22>\x0d\x0a  <\
path d=\x22M8 15A7 \
7 0 1 1 8 1a7 7 \
0 0 1 0 14m0 1A8\
 8 0 1 0 8 0a8 8\
 0 0 0 0 16\x22 />\x0d\
\x0a  <path d=\x22M4.2\
85 12.433a.5.5 0\
 0 0 .683-.183A3\
.5 3.5 0 0 1 8 1\
0.5c1.295 0 2.42\
6.703 3.032 1.75\
a.5.5 0 0 0 .866\
-.5A4.5 4.5 0 0 \
0 8 9.5a4.5 4.5 \
0 0 0-3.898 2.25\
.5.5 0 0 0 .183.\
683M7 6.5C7 7.32\
8 6.552 8 6 8s-1\
-.672-1-1.5S5.44\
8 5 6 5s1 .672 1\
 1.5m4 0c0 .828-\
.448 1.5-1 1.5s-\
1-.672-1-1.5S9.4\
48 5 10 5s1 .672\
 1 1.5\x22 />\x0d\x0a</sv\
g>\
\x00\x00\x01`\
<\
svg xmlns=\x22http:\
//www.w3.org/200\
0/svg\x22 width=\x2216\
\x22 height=\x2216\x22 fi\
ll=\x22current_colo\
r\x22 class=\x22bi bi-\
fonts\x22 viewBox=\x22\
0 0 16 16\x22>\x0d\x0a  <\
path d=\x22M12.258 \
3h-8.51l-.083 2.\
46h.479c.26-1.54\
4.758-1.783 2.69\
3-1.845l.424-.01\
3v7.827c0 .663-.\
144.82-1.3.923v.\
52h4.082v-.52c-1\
.162-.103-1.306-\
.26-1.306-.923V3\
.602l.431.013c1.\
934.062 2.434.30\
1 2.693 1.846h.4\
79z\x22 />\x0d\x0a</svg>\
\x00\x00\x01\xde\
<\
svg xmlns=\x22http:\
//www.w3.org/200\
0/svg\x22 width=\x2216\
\x22 height=\x2216\x22 fi\
ll=\x22#e0e0e0\x22 cla\
ss=\x22bi bi-box-fi\
ll\x22 viewBox=\x220 0\
 16 16\x22>\x0d\x0a  <pat\
h fill-rule=\x22eve\
nodd\x22 d=\x22M15.528\
 2.973a.75.75 0 \
0 1 .472.696v8.6\
62a.75.75 0 0 1-\
.472.696l-7.25 2\
.9a.75.75 0 0 1-\
.557 0l-7.25-2.9\
A.75.75 0 0 1 0 \
12.331V3.669a.75\
.75 0 0 1 .471-.\
696L7.443.184l.0\
04-.001.274-.11a\
.75.75 0 0 1 .55\
8 0l.274.11.004.\
001zm-1.374.527L\
8 5.962 1.846 3.\
5 1 3.839v.4l6.5\
 2.6v7.922l.5.2.\
5-.2V6.84l6.5-2.\
6v-.4l-.846-.339\
Z\x22 />\x0d\x0a</svg>\
\x00\x00\x01\xf2\
<\
svg xmlns=\x22http:\
//www.w3.org/200\
0/svg\x22 width=\x2216\
\x22 height=\x2216\x22 fi\
ll=\x22currentColor\
\x22 class=\x22bi bi-c\
loud-arrow-down-\
fill\x22 viewBox=\x220\
 0 16 16\x22>\x0a  <pa\
th d=\x22M8 2a5.53 \
5.53 0 0 0-3.594\
 1.342c-.766.66-\
1.321 1.52-1.464\
 2.383C1.266 6.0\
95 0 7.555 0 9.3\
18 0 11.366 1.70\
8 13 3.781 13h8.\
906C14.502 13 16\
 11.57 16 9.773c\
0-1.636-1.242-2.\
969-2.834-3.194C\
12.923 3.999 10.\
69 2 8 2m2.354 6\
.854-2 2a.5.5 0 \
0 1-.708 0l-2-2a\
.5.5 0 1 1 .708-\
.708L7.5 9.293V5\
.5a.5.5 0 0 1 1 \
0v3.793l1.146-1.\
147a.5.5 0 0 1 .\
708.708\x22/>\x0a</svg\
>\
\x00\x00\x02J\
\x00\
\x00\x08Ax\xda\xed\x96\xdbn\xdb0\x0c\x86\xef\xf7\x14\
\x84\xee\xc5\x88\xd4\xc1\xd2\x90\x14\xc8v\xdd\x87p\x9d,\
\x0e\xe0\x1c\x908I\xb1\xa7\x1f\xe9\x1c{1\x0c(P\
\xf4bE,[\x11%\xf2\xe7\xe7\x1fH\xc6\xfb\xe3\x02\
^W\xddz?1m\xdfo\xbf\x8fF\xa7\xd3\x09O\
\x1e7\xbb\xc5\x88\x9ds#\xd9a\xe0\xb4\x9c\xf5\xed\xc4\
P2\xd0\xce\x97\x8b\xb6?\xcf\x7f-\xbbnb\x9a\xc3\
n7_\xf7?7\xddfg\xa0\xe9\xea\xbdd{Y\
\xc2\xcb\xd26\x87\xadm7\xbd\xd5\x8d\x06\x8e\xcb\xf9\xe9\
\xc7\xe6ub\x1c8\xa0$\x97y\xfa\x060\xde\xd6}\
;\xe4\xb2\xbbC7\x9f\x98\xf9q\xbe\xde\xccf\x06f\
\x13\xf3\x8c\x11R\x8dQ\x1ez\xcaY\x0c9cr\xb9\
#L\x91\xa1\xc2\xe0\xc3\x94%\xcc\xd7-\x10\x90\x5c\x90\
\xecm\xc4\xaap\xfd6\xc8\x18\x82%,1wH\x9e\
,\xc6R{\xf0\x97(\xa1\xb7\x11s\x0c\x1d2K\xb0\
\x94\xe9\xbd6\x90W5\xbf\x9f\xc9\x03I\xc6\x9a\x81\xcf\
\xeb\x16=%\x8b\x8ec\x879U\xd6c.YT9\
Gp\xbe\x0f\xdb\xe0r\xd0\x8c\xee}K\x8f\xab\x80\x01\
\xb3\x1cw^F\x90\x09\x05\x19\xa5\x0e\x10\xae]\xb3\x0b\
R\x03\xae\x15e\x85\x02!\xa7\xaa\xd1\xb2\x09\x9d\x96\xf7\
r\xac\xb0N*A\xe0\x8f\x9a\xad\xc6\x84\xe9\xa2_\xa2\
r&\xe4\x06]\x15\xa5{\x8fTe\xe4\x8a\xd1\xbb,\
\x5cD\xbd#\xb9\xb8A\xa2\x8c\x14%\x98\xd0\x87\x0a%\
a\x0c\xb2]\xd4\xcbG\x18\xc6\xa8\x8f*(\x1a\xa4\xac\
\xeaSD\x9fdBT0\x94p\xa3J\xaa^J\xe4\
\x0c\x11\xe2m)zY\xe2N\xbb\xcdJN\xfb\x8f2\
\x06\x10\x0a\x8d\xef\xe8\x09\xbc4\x11\x90;\x85\xa4\x1b\x14\
\xd0@\xea\x81\x12(%\xfb\x06\x13(&;pRL\
\xaaR1Y\xe5\xa4\x98\xacrz@\xa4\x01\xd5\xc6\xd3\
{V-\xcd\x98\x07\xa5:\xb8~hCS\x08\x99)\
a\x94w\xab\xb7\x8b^\xfd\xd2\xe8k\x12\xbb\x0a\x1a\xab\
l\x14\x8dU6\xe8\xa2L\xc8\xcb\x8a\x8a\xe1*(\x22\
\xab\x8c\xea\x04\xe9\x92C\x19\xd9\x01\xd2\x85\x8f\x8f\x8fH\
\x06\xd7\xac\xfc \xfa\xcb9\x7fuN\xfa<\xe7\xa4\xf7\
8'}\xbcs\xaa\xff\xd69|sN\xf9\xb7s\xca\
\xe79\xa7\xbc\xc79\xe5\xe3\x9dCN\xad\xa3\xbf_c\
\xfdg\xf0\xf4\x07\xf9\xc2\xach\
\x00\x00\x01\xb2\
<\
svg xmlns=\x22http:\
//www.w3.org/200\
0/svg\x22 width=\x2216\
\x22 height=\x2216\x22 fi\
ll=\x22current_colo\
r\x22 class=\x22bi bi-\
lightbulb-fill\x22 \
viewBox=\x220 0 16 \
16\x22>\x0d\x0a  <path d=\
\x22M2 6a6 6 0 1 1 \
10.174 4.31c-.20\
3.196-.359.4-.45\
3.619l-.762 1.76\
9A.5.5 0 0 1 10.\
5 13h-5a.5.5 0 0\
 1-.46-.302l-.76\
1-1.77a2 2 0 0 0\
-.453-.618A5.98 \
5.98 0 0 1 2 6m3\
 8.5a.5.5 0 0 1 \
.5-.5h5a.5.5 0 0\
 1 0 1l-.224.447\
a1 1 0 0 1-.894.\
553H6.618a1 1 0 \
0 1-.894-.553L5.\
5 15a.5.5 0 0 1-\
.5-.5\x22 />\x0d\x0a</svg\
>\
\x00\x00\x02\x91\
<\
svg xmlns=\x22http:\
//www.w3.org/200\
0/svg\x22 width=\x2216\
\x22 height=\x2216\x22 fi\
ll=\x22current_colo\
r\x22 class=\x22bi bi-\
journal-bookmark\
\x22 viewBox=\x220 0 1\
6 16\x22>\x0d\x0a  <path \
fill-rule=\x22eveno\
dd\x22 d=\x22M6 8V1h1v\
6.117L8.743 6.07\
a.5.5 0 0 1 .514\
 0L11 7.117V1h1v\
7a.5.5 0 0 1-.75\
7.429L9 7.083 6.\
757 8.43A.5.5 0 \
0 1 6 8\x22 />\x0d\x0a  <\
path d=\x22M3 0h10a\
2 2 0 0 1 2 2v12\
a2 2 0 0 1-2 2H3\
a2 2 0 0 1-2-2v-\
1h1v1a1 1 0 0 0 \
1 1h10a1 1 0 0 0\
 1-1V2a1 1 0 0 0\
-1-1H3a1 1 0 0 0\
-1 1v1H1V2a2 2 0\
 0 1 2-2\x22 />\x0d\x0a  \
<path d=\x22M1 5v-.\
5a.5.5 0 0 1 1 0\
V5h.5a.5.5 0 0 1\
 0 1h-2a.5.5 0 0\
 1 0-1zm0 3v-.5a\
.5.5 0 0 1 1 0V8\
h.5a.5.5 0 0 1 0\
 1h-2a.5.5 0 0 1\
 0-1zm0 3v-.5a.5\
.5 0 0 1 1 0v.5h\
.5a.5.5 0 0 1 0 \
1h-2a.5.5 0 0 1 \
0-1z\x22 />\x0d\x0a</svg>\
\
\x00\x00\x01\x88\
<\
svg xmlns=\x22http:\
//www.w3.org/200\
0/svg\x22 width=\x2216\
\x22 height=\x2216\x22 fi\
ll=\x22#e0e0e0\x22 cla\
ss=\x22bi bi-file-e\
armark-plus-fill\
\x22 viewBox=\x220 0 1\
6 16\x22>\x0d\x0a  <path \
d=\x22M9.293 0H4a2 \
2 0 0 0-2 2v12a2\
 2 0 0 0 2 2h8a2\
 2 0 0 0 2-2V4.7\
07A1 1 0 0 0 13.\
707 4L10 .293A1 \
1 0 0 0 9.293 0M\
9.5 3.5v-2l3 3h-\
2a1 1 0 0 1-1-1M\
8.5 7v1.5H10a.5.\
5 0 0 1 0 1H8.5V\
11a.5.5 0 0 1-1 \
0V9.5H6a.5.5 0 0\
 1 0-1h1.5V7a.5.\
5 0 0 1 1 0\x22 />\x0d\
\x0a</svg>\
\x00\x00\x01\x84\
<\
svg xmlns=\x22http:\
//www.w3.org/200\
0/svg\x22 width=\x2216\
\x22 height=\x2216\x22 fi\
ll=\x22current_colo\
r\x22 class=\x22bi bi-\
volume-down-fill\
\x22 viewBox=\x220 0 1\
6 16\x22>\x0d\x0a  <path \
d=\x22M9 4a.5.5 0 0\
 0-.812-.39L5.82\
5 5.5H3.5A.5.5 0\
 0 0 3 6v4a.5.5 \
0 0 0 .5.5h2.325\
l2.363 1.89A.5.5\
 0 0 0 9 12zm3.0\
25 4a4.5 4.5 0 0\
 1-1.318 3.182L1\
0 10.475A3.5 3.5\
 0 0 0 11.025 8 \
3.5 3.5 0 0 0 10\
 5.525l.707-.707\
A4.5 4.5 0 0 1 1\
2.025 8\x22 />\x0d\x0a</s\
vg>\
\x00\x00\x03+\
<\
svg xmlns=\x22http:\
//www.w3.org/200\
0/svg\x22 width=\x2216\
\x22 height=\x2216\x22 fi\
ll=\x22currentColor\
\x22 class=\x22bi bi-g\
ear-fill\x22 viewBo\
x=\x220 0 16 16\x22>\x0a \
 <path d=\x22M9.405\
 1.05c-.413-1.4-\
2.397-1.4-2.81 0\
l-.1.34a1.464 1.\
464 0 0 1-2.105.\
872l-.31-.17c-1.\
283-.698-2.686.7\
05-1.987 1.987l.\
169.311c.446.82.\
023 1.841-.872 2\
.105l-.34.1c-1.4\
.413-1.4 2.397 0\
 2.81l.34.1a1.46\
4 1.464 0 0 1 .8\
72 2.105l-.17.31\
c-.698 1.283.705\
 2.686 1.987 1.9\
87l.311-.169a1.4\
64 1.464 0 0 1 2\
.105.872l.1.34c.\
413 1.4 2.397 1.\
4 2.81 0l.1-.34a\
1.464 1.464 0 0 \
1 2.105-.872l.31\
.17c1.283.698 2.\
686-.705 1.987-1\
.987l-.169-.311a\
1.464 1.464 0 0 \
1 .872-2.105l.34\
-.1c1.4-.413 1.4\
-2.397 0-2.81l-.\
34-.1a1.464 1.46\
4 0 0 1-.872-2.1\
05l.17-.31c.698-\
1.283-.705-2.686\
-1.987-1.987l-.3\
11.169a1.464 1.4\
64 0 0 1-2.105-.\
872zM8 10.93a2.9\
29 2.929 0 1 1 0\
-5.86 2.929 2.92\
9 0 0 1 0 5.858z\
\x22/>\x0a</svg>\
\x00\x00\x01]\
<\
svg xmlns=\x22http:\
//www.w3.org/200\
0/svg\x22 width=\x2216\
\x22 height=\x2216\x22 fi\
ll=\x22#e0e0e0\x22 cla\
ss=\x22bi bi-arrow-\
clockwise\x22 viewB\
ox=\x220 0 16 16\x22>\x0d\
\x0a  <path fill-ru\
le=\x22evenodd\x22 d=\x22\
M8 3a5 5 0 1 0 4\
.546 2.914.5.5 0\
 0 1 .908-.417A6\
 6 0 1 1 8 2z\x22 /\
>\x0d\x0a  <path d=\x22M8\
 4.466V.534a.25.\
25 0 0 1 .41-.19\
2l2.36 1.966c.12\
.1.12.284 0 .384\
L8.41 4.658A.25.\
25 0 0 1 8 4.466\
\x22 />\x0d\x0a</svg>\
\x00\x00\x01\x12\
<\
svg xmlns=\x22http:\
//www.w3.org/200\
0/svg\x22 width=\x2216\
\x22 height=\x2216\x22 fi\
ll=\x22#e0e0e0\x22 cla\
ss=\x22bi bi-plus-c\
ircle-fill\x22 view\
Box=\x220 0 16 16\x22>\
\x0d\x0a  <path d=\x22M16\
 8A8 8 0 1 1 0 8\
a8 8 0 0 1 16 0M\
8.5 4.5a.5.5 0 0\
 0-1 0v3h-3a.5.5\
 0 0 0 0 1h3v3a.\
5.5 0 0 0 1 0v-3\
h3a.5.5 0 0 0 0-\
1h-3z\x22 />\x0d\x0a</svg\
>\
\x00\x00\x01\xbc\
<\
svg xmlns=\x22http:\
//www.w3.org/200\
0/svg\x22 width=\x2216\
\x22 height=\x2216\x22 fi\
ll=\x22#e0e0e0\x22 cla\
ss=\x22bi bi-box\x22 v\
iewBox=\x220 0 16 1\
6\x22>\x0d\x0a  <path d=\x22\
M8.186 1.113a.5.\
5 0 0 0-.372 0L1\
.846 3.5 8 5.961\
 14.154 3.5zM15 \
4.239l-6.5 2.6v7\
.922l6.5-2.6V4.2\
4zM7.5 14.762V6.\
838L1 4.239v7.92\
3zM7.443.184a1.5\
 1.5 0 0 1 1.114\
 0l7.129 2.852A.\
5.5 0 0 1 16 3.5\
v8.662a1 1 0 0 1\
-.629.928l-7.185\
 2.874a.5.5 0 0 \
1-.372 0L.63 13.\
09a1 1 0 0 1-.63\
-.928V3.5a.5.5 0\
 0 1 .314-.464z\x22\
 />\x0d\x0a</svg>\
\x00\x00\x01\xc7\
<\
svg xmlns=\x22http:\
//www.w3.org/200\
0/svg\x22 width=\x2216\
\x22 height=\x2216\x22 fi\
ll=\x22currentColor\
\x22 class=\x22bi bi-c\
ode-slash\x22 viewB\
ox=\x220 0 16 16\x22>\x0a\
  <path d=\x22M10.4\
78 1.647a.5.5 0 \
1 0-.956-.294l-4\
 13a.5.5 0 0 0 .\
956.294zM4.854 4\
.146a.5.5 0 0 1 \
0 .708L1.707 8l3\
.147 3.146a.5.5 \
0 0 1-.708.708l-\
3.5-3.5a.5.5 0 0\
 1 0-.708l3.5-3.\
5a.5.5 0 0 1 .70\
8 0m6.292 0a.5.5\
 0 0 0 0 .708L14\
.293 8l-3.147 3.\
146a.5.5 0 0 0 .\
708.708l3.5-3.5a\
.5.5 0 0 0 0-.70\
8l-3.5-3.5a.5.5 \
0 0 0-.708 0\x22/>\x0a\
</svg>\
\x00\x00\x02b\
<\
svg xmlns=\x22http:\
//www.w3.org/200\
0/svg\x22 width=\x2216\
\x22 height=\x2216\x22 fi\
ll=\x22current_colo\
r\x22 class=\x22bi bi-\
file-earmark-zip\
-fill\x22 viewBox=\x22\
0 0 16 16\x22>\x0d\x0a  <\
path d=\x22M5.5 9.4\
38V8.5h1v.938a1 \
1 0 0 0 .03.243l\
.4 1.598-.93.62-\
.93-.62.4-1.598a\
1 1 0 0 0 .03-.2\
43\x22 />\x0d\x0a  <path \
d=\x22M9.293 0H4a2 \
2 0 0 0-2 2v12a2\
 2 0 0 0 2 2h8a2\
 2 0 0 0 2-2V4.7\
07A1 1 0 0 0 13.\
707 4L10 .293A1 \
1 0 0 0 9.293 0M\
9.5 3.5v-2l3 3h-\
2a1 1 0 0 1-1-1m\
-4-.5V2h-1V1H6v1\
h1v1H6v1h1v1H6v1\
h1v1H5.5V6h-1V5h\
1V4h-1V3zm0 4.5h\
1a1 1 0 0 1 1 1v\
.938l.4 1.599a1 \
1 0 0 1-.416 1.0\
74l-.93.62a1 1 0\
 0 1-1.109 0l-.9\
3-.62a1 1 0 0 1-\
.415-1.074l.4-1.\
599V8.5a1 1 0 0 \
1 1-1\x22 />\x0d\x0a</svg\
>\
\x00\x00\x01\x8a\
<\
svg xmlns=\x22http:\
//www.w3.org/200\
0/svg\x22 width=\x2216\
\x22 height=\x2216\x22 fi\
ll=\x22currentColor\
\x22 class=\x22bi bi-f\
ile-earmark-plus\
-fill\x22 viewBox=\x22\
0 0 16 16\x22>\x0a  <p\
ath d=\x22M9.293 0H\
4a2 2 0 0 0-2 2v\
12a2 2 0 0 0 2 2\
h8a2 2 0 0 0 2-2\
V4.707A1 1 0 0 0\
 13.707 4L10 .29\
3A1 1 0 0 0 9.29\
3 0M9.5 3.5v-2l3\
 3h-2a1 1 0 0 1-\
1-1M8.5 7v1.5H10\
a.5.5 0 0 1 0 1H\
8.5V11a.5.5 0 0 \
1-1 0V9.5H6a.5.5\
 0 0 1 0-1h1.5V7\
a.5.5 0 0 1 1 0\x22\
/>\x0a</svg>\
\x00\x00\x02\x06\
<\
svg xmlns=\x22http:\
//www.w3.org/200\
0/svg\x22 width=\x2216\
\x22 height=\x2216\x22 fi\
ll=\x22#e0e0e0\x22 cla\
ss=\x22bi bi-link-4\
5deg\x22 viewBox=\x220\
 0 16 16\x22>\x0d\x0a  <p\
ath d=\x22M4.715 6.\
542 3.343 7.914a\
3 3 0 1 0 4.243 \
4.243l1.828-1.82\
9A3 3 0 0 0 8.58\
6 5.5L8 6.086a1 \
1 0 0 0-.154.199\
 2 2 0 0 1 .861 \
3.337L6.88 11.45\
a2 2 0 1 1-2.83-\
2.83l.793-.792a4\
 4 0 0 1-.128-1.\
287z\x22 />\x0d\x0a  <pat\
h d=\x22M6.586 4.67\
2A3 3 0 0 0 7.41\
4 9.5l.775-.776a\
2 2 0 0 1-.896-3\
.346L9.12 3.55a2\
 2 0 1 1 2.83 2.\
83l-.793.792c.11\
2.42.155.855.128\
 1.287l1.372-1.3\
72a3 3 0 1 0-4.2\
43-4.243z\x22 />\x0d\x0a<\
/svg>\
\x00\x00\x01\x92\
<\
svg xmlns=\x22http:\
//www.w3.org/200\
0/svg\x22 width=\x2216\
\x22 height=\x2216\x22 fi\
ll=\x22#e0e0e0\x22 cla\
ss=\x22bi bi-image\x22\
 viewBox=\x220 0 16\
 16\x22>\x0d\x0a  <path d\
=\x22M6.002 5.5a1.5\
 1.5 0 1 1-3 0 1\
.5 1.5 0 0 1 3 0\
\x22 />\x0d\x0a  <path d=\
\x22M2.002 1a2 2 0 \
0 0-2 2v10a2 2 0\
 0 0 2 2h12a2 2 \
0 0 0 2-2V3a2 2 \
0 0 0-2-2zm12 1a\
1 1 0 0 1 1 1v6.\
5l-3.777-1.947a.\
5.5 0 0 0-.577.0\
93l-3.71 3.71-2.\
66-1.772a.5.5 0 \
0 0-.63.062L1.00\
2 12V3a1 1 0 0 1\
 1-1z\x22 />\x0d\x0a</svg\
>\
\x00\x00\x01'\
<\
svg xmlns=\x22http:\
//www.w3.org/200\
0/svg\x22 width=\x2216\
\x22 height=\x2216\x22 fi\
ll=\x22#e0e0e0\x22 cla\
ss=\x22bi bi-eye-fi\
ll\x22 viewBox=\x220 0\
 16 16\x22>\x0d\x0a  <pat\
h d=\x22M10.5 8a2.5\
 2.5 0 1 1-5 0 2\
.5 2.5 0 0 1 5 0\
\x22 />\x0d\x0a  <path d=\
\x22M0 8s3-5.5 8-5.\
5S16 8 16 8s-3 5\
.5-8 5.5S0 8 0 8\
m8 3.5a3.5 3.5 0\
 1 0 0-7 3.5 3.5\
 0 0 0 0 7\x22 />\x0d\x0a\
</svg>\
\x00\x00\x00\xd3\
<\
svg xmlns=\x22http:\
//www.w3.org/200\
0/svg\x22 width=\x2216\
\x22 height=\x2216\x22 fi\
ll=\x22#e0e0e0\x22 cla\
ss=\x22bi bi-circle\
\x22 viewBox=\x220 0 1\
6 16\x22>\x0d\x0a  <path \
d=\x22M8 15A7 7 0 1\
 1 8 1a7 7 0 0 1\
 0 14m0 1A8 8 0 \
1 0 8 0a8 8 0 0 \
0 0 16\x22 />\x0d\x0a</sv\
g>\
\x00\x00\x01'\
<\
svg xmlns=\x22http:\
//www.w3.org/200\
0/svg\x22 width=\x2216\
\x22 height=\x2216\x22 fi\
ll=\x22current_colo\
r\x22 class=\x22bi bi-\
volume-off-fill\x22\
 viewBox=\x220 0 16\
 16\x22>\x0d\x0a  <path d\
=\x22M10.717 3.55A.\
5.5 0 0 1 11 4v8\
a.5.5 0 0 1-.812\
.39L7.825 10.5H5\
.5A.5.5 0 0 1 5 \
10V6a.5.5 0 0 1 \
.5-.5h2.325l2.36\
3-1.89a.5.5 0 0 \
1 .529-.06\x22 />\x0d\x0a\
</svg>\
\x00\x00\x02G\
\x00\
\x00\x08Ax\xda\xed\x96\xdbn\x1aA\x0c\x86\xef+\xf5\
\x1d\xac\xe9\xf5\x98\xb1\xe7\x5cA$z\x9f\x87\xd8,\x94\
]i\x09(\x10\x88\xfa\xf4\xb5\x97C\xc8EU)R\
\x94\x8bV\xec\xec\x0ec\x8f\xe7\xf7\xb7\xbf\x04\xd3\xdda\
\x05/\xeb\xe1q73\xdd~\xbf\xfd>\x99\x1c\x8fG\
<z\xdc<\xad&\xec\x9c\x9bH\x86\x81c\xbf\xd8w\
3C\xc9@\xb7\xecW\xdd\xfe4\xff\xd9\x0f\xc3\xcc|\
[:\xfd\x18h\x87f'\x85\x1ezx\xe8m\xfb\xbc\
\xb5\xddfo5\xc7\xc0\xa1_\x1e\x7fl^f\xc6\x81\
\x03Jr\x99\xbb\xaf_\x00\xa6\xdbf\xdf\x8du\xec\xd3\
\xf3\xb0\x9c\x99\xe5a\xf9\xb8Y,\x0c,f\xe6\x1e#\
\xa4\x06\xa3<t\x9b\xb3\x18J\xc1\xe4\xca@\x98\x22C\
\xc6\xe0\xc3\x9c%\xcc\x97\x14\x08H.H\xf9.b\xae\
\xdc\xbc\x0d2\x86`\x09k,\x03\x92'\x8b\xb16\x1e\
\xfc9J\xe8m\xc4\x12\xc3\x80\xcc\x12\xacu\xfez6\
\x90W5\xbf\xee\xc9\x03I\xc5\x86\x81O\xeb\x16=%\
\x8b\x8e\xe3\x80%e\xeb\xb1\xd4\x22\xaa\x9c#8\xdd\xc7\
48o40\xb9\xe9\x5c\xba\x5c\x07\x0cX\xa4\x80\xf3\
2\x82L(\xc8\xa8M\x80p\xe9\x9b]\x90S\xe0r\
\xa6\xacP \xe4\x94[=8\xa1S\x01^\xb6U\xd6\
I\x16\x08\xfe\xa0\xd5\x1aL\x98\xce\x1dHT\xf6\x84\xd2\
\xa2\xcbQ\xfa\xf7H\xb9 gF\xef\x8a\x90\x11\xfd\x8e\
\xe4\xe2\x16\x89\x0aR\x94`B\x1f2J\xc1\x18$]\
\xf4\xcbG(\xc6\xa8\x8f\x1c\x14\x0eRQ\xf5)\xa2O\
2!\xaa\x18j\xb8r%U/G\x94\x02\x11\xe2u\
)zY\xe2A\xbb-\xcaN\xfb\x8f2F\x10\x8a\x8d\
_\xe1\x13xi\x22 \x0f\x0aI\x13\x14\xd0H\xea\x86\
\x12(%\xfb\x06\x13(&;rRL\xaaR1Y\
\xe5\xa4\x98\xacr\xbaA\xa4\x01\xd5\xc6\xf3\xd7\xaaz4\
c\x19\x95\xea\xe0\xe6\xa6\x0d-!d\xe6\x84Q\xde\xae\
\xde\xcez\xf5K\xab\xafI\x0c+h\xac\xb2Q4V\
\xd9\xa0\x8b2!/+*\x86sPDV\x195\x09\
\xd2\xb9\x862\xb2#\xa43\x1f\x1fo\x91\x8c\xaeY\xfb\
Q\xf4\x7f\xe7\xfc\xd19\xe9\xf3\x9c\x93\xde\xe3\x9c\xf4\xf1\
\xce\xc9\xff\xacs\xf8\xea\x9c\xfaw\xe7\xd4\xcfsN}\
\x8fs\xea\xc7;\x87\x9cZ\xe7\xf4\x0b6\xd5\x7f\x06w\
\xbf\x01f\x15\xa9\xaf\
\x00\x00\x01\xbe\
<\
svg xmlns=\x22http:\
//www.w3.org/200\
0/svg\x22 width=\x2216\
\x22 height=\x2216\x22 fi\
ll=\x22currentColor\
\x22 class=\x22bi bi-b\
ox\x22 viewBox=\x220 0\
 16 16\x22>\x0a  <path\
 d=\x22M8.186 1.113\
a.5.5 0 0 0-.372\
 0L1.846 3.5 8 5\
.961 14.154 3.5z\
M15 4.239l-6.5 2\
.6v7.922l6.5-2.6\
V4.24zM7.5 14.76\
2V6.838L1 4.239v\
7.923zM7.443.184\
a1.5 1.5 0 0 1 1\
.114 0l7.129 2.8\
52A.5.5 0 0 1 16\
 3.5v8.662a1 1 0\
 0 1-.629.928l-7\
.185 2.874a.5.5 \
0 0 1-.372 0L.63\
 13.09a1 1 0 0 1\
-.63-.928V3.5a.5\
.5 0 0 1 .314-.4\
64z\x22/>\x0a</svg>\
\x00\x00\x01\xa6\
<\
svg xmlns=\x22http:\
//www.w3.org/200\
0/svg\x22 width=\x2216\
\x22 height=\x2216\x22 fi\
ll=\x22#e0e0e0\x22 cla\
ss=\x22bi bi-downlo\
ad\x22 viewBox=\x220 0\
 16 16\x22>\x0d\x0a  <pat\
h d=\x22M.5 9.9a.5.\
5 0 0 1 .5.5v2.5\
a1 1 0 0 0 1 1h1\
2a1 1 0 0 0 1-1v\
-2.5a.5.5 0 0 1 \
1 0v2.5a2 2 0 0 \
1-2 2H2a2 2 0 0 \
1-2-2v-2.5a.5.5 \
0 0 1 .5-.5\x22 />\x0d\
\x0a  <path d=\x22M7.6\
46 11.854a.5.5 0\
 0 0 .708 0l3-3a\
.5.5 0 0 0-.708-\
.708L8.5 10.293V\
1.5a.5.5 0 0 0-1\
 0v8.793L5.354 8\
.146a.5.5 0 1 0-\
.708.708z\x22 />\x0d\x0a<\
/svg>\
\x00\x00\x01~\
<\
svg xmlns=\x22http:\
//www.w3.org/200\
0/svg\x22 width=\x2216\
\x22 height=\x2216\x22 fi\
ll=\x22#e0e0e0\x22 cla\
ss=\x22bi bi-volume\
-down-fill\x22 view\
Box=\x220 0 16 16\x22>\
\x0d\x0a  <path d=\x22M9 \
4a.5.5 0 0 0-.81\
2-.39L5.825 5.5H\
3.5A.5.5 0 0 0 3\
 6v4a.5.5 0 0 0 \
.5.5h2.325l2.363\
 1.89A.5.5 0 0 0\
 9 12zm3.025 4a4\
.5 4.5 0 0 1-1.3\
18 3.182L10 10.4\
75A3.5 3.5 0 0 0\
 11.025 8 3.5 3.\
5 0 0 0 10 5.525\
l.707-.707A4.5 4\
.5 0 0 1 12.025 \
8\x22 />\x0d\x0a</svg>\
\x00\x00\x01\x84\
<\
svg xmlns=\x22http:\
//www.w3.org/200\
0/svg\x22 width=\x2216\
\x22 height=\x2216\x22 fi\
ll=\x22current_colo\
r\x22 class=\x22bi bi-\
bell-slash-fill\x22\
 viewBox=\x220 0 16\
 16\x22>\x0d\x0a  <path d\
=\x22M5.164 14H15c-\
1.5-1-2-5.902-2-\
7q0-.396-.06-.77\
6zm6.288-10.617A\
5 5 0 0 0 8.995 \
2.1a1 1 0 1 0-1.\
99 0A5 5 0 0 0 3\
 7c0 .898-.335 4\
.342-1.278 6.113\
zM10 15a2 2 0 1 \
1-4 0zm-9.375.62\
5a.53.53 0 0 0 .\
75.75l14.75-14.7\
5a.53.53 0 0 0-.\
75-.75z\x22 />\x0d\x0a</s\
vg>\
\x00\x00\x01\x0a\
<\
svg xmlns=\x22http:\
//www.w3.org/200\
0/svg\x22 width=\x2216\
\x22 height=\x2216\x22 fi\
ll=\x22#e0e0e0\x22 cla\
ss=\x22bi bi-dash-s\
quare-fill\x22 view\
Box=\x220 0 16 16\x22>\
\x0d\x0a  <path d=\x22M2 \
0a2 2 0 0 0-2 2v\
12a2 2 0 0 0 2 2\
h12a2 2 0 0 0 2-\
2V2a2 2 0 0 0-2-\
2zm2.5 7.5h7a.5.\
5 0 0 1 0 1h-7a.\
5.5 0 0 1 0-1\x22 /\
>\x0d\x0a</svg>\
\x00\x00\x01\xd2\
<\
svg xmlns=\x22http:\
//www.w3.org/200\
0/svg\x22 width=\x2216\
\x22 height=\x2216\x22 fi\
ll=\x22#e0e0e0\x22 cla\
ss=\x22bi bi-file-e\
armark-diff-fill\
\x22 viewBox=\x220 0 1\
6 16\x22>\x0d\x0a  <path \
d=\x22M9.293 0H4a2 \
2 0 0 0-2 2v12a2\
 2 0 0 0 2 2h8a2\
 2 0 0 0 2-2V4.7\
07A1 1 0 0 0 13.\
707 4L10 .293A1 \
1 0 0 0 9.293 0M\
9.5 3.5v-2l3 3h-\
2a1 1 0 0 1-1-1M\
8 6a.5.5 0 0 1 .\
5.5V8H10a.5.5 0 \
0 1 0 1H8.5v1.5a\
.5.5 0 0 1-1 0V9\
H6a.5.5 0 0 1 0-\
1h1.5V6.5A.5.5 0\
 0 1 8 6m-2.5 6.\
5A.5.5 0 0 1 6 1\
2h4a.5.5 0 0 1 0\
 1H6a.5.5 0 0 1-\
.5-.5\x22 />\x0d\x0a</svg\
>\
\x00\x00\x02\x0a\
<\
svg xmlns=\x22http:\
//www.w3.org/200\
0/svg\x22 width=\x2216\
\x22 height=\x2216\x22 fi\
ll=\x22current_colo\
r\x22 class=\x22bi bi-\
images\x22 viewBox=\
\x220 0 16 16\x22>\x0d\x0a  \
<path d=\x22M4.502 \
9a1.5 1.5 0 1 0 \
0-3 1.5 1.5 0 0 \
0 0 3\x22 />\x0d\x0a  <pa\
th d=\x22M14.002 13\
a2 2 0 0 1-2 2h-\
10a2 2 0 0 1-2-2\
V5A2 2 0 0 1 2 3\
a2 2 0 0 1 2-2h1\
0a2 2 0 0 1 2 2v\
8a2 2 0 0 1-1.99\
8 2M14 2H4a1 1 0\
 0 0-1 1h9.002a2\
 2 0 0 1 2 2v7A1\
 1 0 0 0 15 11V3\
a1 1 0 0 0-1-1M2\
.002 4a1 1 0 0 0\
-1 1v8l2.646-2.3\
54a.5.5 0 0 1 .6\
3-.062l2.66 1.77\
3 3.71-3.71a.5.5\
 0 0 1 .577-.094\
l1.777 1.947V5a1\
 1 0 0 0-1-1z\x22 /\
>\x0d\x0a</svg>\
\x00\x00\x02\x0a\
<\
svg xmlns=\x22http:\
//www.w3.org/200\
0/svg\x22 width=\x2216\
\x22 height=\x2216\x22 fi\
ll=\x22#e0e0e0\x22 cla\
ss=\x22bi bi-floppy\
-fill\x22 viewBox=\x22\
0 0 16 16\x22>\x0d\x0a  <\
path d=\x22M0 1.5A1\
.5 1.5 0 0 1 1.5\
 0H3v5.5A1.5 1.5\
 0 0 0 4.5 7h7A1\
.5 1.5 0 0 0 13 \
5.5V0h.086a1.5 1\
.5 0 0 1 1.06.44\
l1.415 1.414A1.5\
 1.5 0 0 1 16 2.\
914V14.5a1.5 1.5\
 0 0 1-1.5 1.5H1\
4v-5.5A1.5 1.5 0\
 0 0 12.5 9h-9A1\
.5 1.5 0 0 0 2 1\
0.5V16h-.5A1.5 1\
.5 0 0 1 0 14.5z\
\x22 />\x0d\x0a  <path d=\
\x22M3 16h10v-5.5a.\
5.5 0 0 0-.5-.5h\
-9a.5.5 0 0 0-.5\
.5zm9-16H4v5.5a.\
5.5 0 0 0 .5.5h7\
a.5.5 0 0 0 .5-.\
5zM9 1h2v4H9z\x22 /\
>\x0d\x0a</svg>\
\x00\x00\x00\xda\
<\
svg xmlns=\x22http:\
//www.w3.org/200\
0/svg\x22 width=\x2216\
\x22 height=\x2216\x22 fi\
ll=\x22#e0e0e0\x22 cla\
ss=\x22bi bi-square\
-fill\x22 viewBox=\x22\
0 0 16 16\x22>\x0d\x0a  <\
path d=\x22M0 2a2 2\
 0 0 1 2-2h12a2 \
2 0 0 1 2 2v12a2\
 2 0 0 1-2 2H2a2\
 2 0 0 1-2-2z\x22 /\
>\x0d\x0a</svg>\
\x00\x00\x03\x02\
<\
svg xmlns=\x22http:\
//www.w3.org/200\
0/svg\x22 width=\x2216\
\x22 height=\x2216\x22 fi\
ll=\x22#e0e0e0\x22 cla\
ss=\x22bi bi-braces\
\x22 viewBox=\x220 0 1\
6 16\x22>\x0d\x0a  <path \
d=\x22M2.114 8.063V\
7.9c1.005-.102 1\
.497-.615 1.497-\
1.6V4.503c0-1.09\
4.39-1.538 1.354\
-1.538h.273V2h-.\
376C3.25 2 2.49 \
2.759 2.49 4.352\
v1.524c0 1.094-.\
376 1.456-1.49 1\
.456v1.299c1.114\
 0 1.49.362 1.49\
 1.456v1.524c0 1\
.593.759 2.352 2\
.372 2.352h.376v\
-.964h-.273c-.96\
4 0-1.354-.444-1\
.354-1.538V9.663\
c0-.984-.492-1.4\
97-1.497-1.6M13.\
886 7.9v.163c-1.\
005.103-1.497.61\
6-1.497 1.6v1.79\
8c0 1.094-.39 1.\
538-1.354 1.538h\
-.273v.964h.376c\
1.613 0 2.372-.7\
59 2.372-2.352v-\
1.524c0-1.094.37\
6-1.456 1.49-1.4\
56V7.332c-1.114 \
0-1.49-.362-1.49\
-1.456V4.352C13.\
51 2.759 12.75 2\
 11.138 2h-.376v\
.964h.273c.964 0\
 1.354.444 1.354\
 1.538V6.3c0 .98\
4.492 1.497 1.49\
7 1.6\x22 />\x0d\x0a</svg\
>\
\x00\x00\x01~\
<\
svg xmlns=\x22http:\
//www.w3.org/200\
0/svg\x22 width=\x2216\
\x22 height=\x2216\x22 fi\
ll=\x22#e0e0e0\x22 cla\
ss=\x22bi bi-bell-s\
lash-fill\x22 viewB\
ox=\x220 0 16 16\x22>\x0d\
\x0a  <path d=\x22M5.1\
64 14H15c-1.5-1-\
2-5.902-2-7q0-.3\
96-.06-.776zm6.2\
88-10.617A5 5 0 \
0 0 8.995 2.1a1 \
1 0 1 0-1.99 0A5\
 5 0 0 0 3 7c0 .\
898-.335 4.342-1\
.278 6.113zM10 1\
5a2 2 0 1 1-4 0z\
m-9.375.625a.53.\
53 0 0 0 .75.75l\
14.75-14.75a.53.\
53 0 0 0-.75-.75\
z\x22 />\x0d\x0a</svg>\
\x00\x00\x02C\
<\
svg xmlns=\x22http:\
//www.w3.org/200\
0/svg\x22 width=\x2216\
\x22 height=\x2216\x22 fi\
ll=\x22currentColor\
\x22 class=\x22bi bi-c\
lipboard-check-f\
ill\x22 viewBox=\x220 \
0 16 16\x22>\x0a  <pat\
h d=\x22M6.5 0A1.5 \
1.5 0 0 0 5 1.5v\
1A1.5 1.5 0 0 0 \
6.5 4h3A1.5 1.5 \
0 0 0 11 2.5v-1A\
1.5 1.5 0 0 0 9.\
5 0zm3 1a.5.5 0 \
0 1 .5.5v1a.5.5 \
0 0 1-.5.5h-3a.5\
.5 0 0 1-.5-.5v-\
1a.5.5 0 0 1 .5-\
.5z\x22/>\x0a  <path d\
=\x22M4 1.5H3a2 2 0\
 0 0-2 2V14a2 2 \
0 0 0 2 2h10a2 2\
 0 0 0 2-2V3.5a2\
 2 0 0 0-2-2h-1v\
1A2.5 2.5 0 0 1 \
9.5 5h-3A2.5 2.5\
 0 0 1 4 2.5zm6.\
854 7.354-3 3a.5\
.5 0 0 1-.708 0l\
-1.5-1.5a.5.5 0 \
0 1 .708-.708L7.\
5 10.793l2.646-2\
.647a.5.5 0 0 1 \
.708.708\x22/>\x0a</sv\
g>\
\x00\x00\x01\xed\
<\
svg xmlns=\x22http:\
//www.w3.org/200\
0/svg\x22 width=\x2216\
\x22 height=\x2216\x22 fi\
ll=\x22current_colo\
r\x22 class=\x22bi bi-\
volume-mute-fill\
\x22 viewBox=\x220 0 1\
6 16\x22>\x0d\x0a  <path \
d=\x22M6.717 3.55A.\
5.5 0 0 1 7 4v8a\
.5.5 0 0 1-.812.\
39L3.825 10.5H1.\
5A.5.5 0 0 1 1 1\
0V6a.5.5 0 0 1 .\
5-.5h2.325l2.363\
-1.89a.5.5 0 0 1\
 .529-.06m7.137 \
2.096a.5.5 0 0 1\
 0 .708L12.207 8\
l1.647 1.646a.5.\
5 0 0 1-.708.708\
L11.5 8.707l-1.6\
46 1.647a.5.5 0 \
0 1-.708-.708L10\
.793 8 9.146 6.3\
54a.5.5 0 1 1 .7\
08-.708L11.5 7.2\
93l1.646-1.647a.\
5.5 0 0 1 .708 0\
\x22 />\x0d\x0a</svg>\
\x00\x00\x02\xca\
<\
svg xmlns=\x22http:\
//www.w3.org/200\
0/svg\x22 width=\x2216\
\x22 height=\x2216\x22 fi\
ll=\x22current_colo\
r\x22 class=\x22bi bi-\
folder-symlink\x22 \
viewBox=\x220 0 16 \
16\x22>\x0d\x0a  <path d=\
\x22m11.798 8.271-3\
.182 1.97c-.27.1\
66-.616-.036-.61\
6-.372V9.1s-2.57\
1-.3-4 2.4c.571-\
4.8 3.143-4.8 4-\
4.8v-.769c0-.336\
.346-.538.616-.3\
71l3.182 1.969c.\
27.166.27.576 0 \
.742\x22 />\x0d\x0a  <pat\
h d=\x22m.5 3 .04.8\
7a2 2 0 0 0-.342\
 1.311l.637 7A2 \
2 0 0 0 2.826 14\
h10.348a2 2 0 0 \
0 1.991-1.819l.6\
37-7A2 2 0 0 0 1\
3.81 3H9.828a2 2\
 0 0 1-1.414-.58\
6l-.828-.828A2 2\
 0 0 0 6.172 1H2\
.5a2 2 0 0 0-2 2\
m.694 2.09A1 1 0\
 0 1 2.19 4h11.6\
2a1 1 0 0 1 .996\
 1.09l-.636 7a1 \
1 0 0 1-.996.91H\
2.826a1 1 0 0 1-\
.995-.91zM6.172 \
2a1 1 0 0 1 .707\
.293L7.586 3H2.1\
9q-.362.002-.683\
.12L1.5 2.98a1 1\
 0 0 1 1-.98z\x22 /\
>\x0d\x0a</svg>\
\x00\x00\x027\
<\
svg xmlns=\x22http:\
//www.w3.org/200\
0/svg\x22 width=\x2216\
\x22 height=\x2216\x22 fi\
ll=\x22#e0e0e0\x22 cla\
ss=\x22bi bi-arrow-\
repeat\x22 viewBox=\
\x220 0 16 16\x22>\x0d\x0a  \
<path d=\x22M11.534\
 7h3.932a.25.25 \
0 0 1 .192.41l-1\
.966 2.36a.25.25\
 0 0 1-.384 0l-1\
.966-2.36a.25.25\
 0 0 1 .192-.41m\
-11 2h3.932a.25.\
25 0 0 0 .192-.4\
1L2.692 6.23a.25\
.25 0 0 0-.384 0\
L.342 8.59A.25.2\
5 0 0 0 .534 9\x22 \
/>\x0d\x0a  <path fill\
-rule=\x22evenodd\x22 \
d=\x22M8 3c-1.552 0\
-2.94.707-3.857 \
1.818a.5.5 0 1 1\
-.771-.636A6.002\
 6.002 0 0 1 13.\
917 7H12.9A5 5 0\
 0 0 8 3M3.1 9a5\
.002 5.002 0 0 0\
 8.757 2.182.5.5\
 0 1 1 .771.636A\
6.002 6.002 0 0 \
1 2.083 9z\x22 />\x0d\x0a\
</svg>\
\x00\x00\x01\xac\
<\
svg xmlns=\x22http:\
//www.w3.org/200\
0/svg\x22 width=\x2216\
\x22 height=\x2216\x22 fi\
ll=\x22#e0e0e0\x22 cla\
ss=\x22bi bi-lightb\
ulb-fill\x22 viewBo\
x=\x220 0 16 16\x22>\x0d\x0a\
  <path d=\x22M2 6a\
6 6 0 1 1 10.174\
 4.31c-.203.196-\
.359.4-.453.619l\
-.762 1.769A.5.5\
 0 0 1 10.5 13h-\
5a.5.5 0 0 1-.46\
-.302l-.761-1.77\
a2 2 0 0 0-.453-\
.618A5.98 5.98 0\
 0 1 2 6m3 8.5a.\
5.5 0 0 1 .5-.5h\
5a.5.5 0 0 1 0 1\
l-.224.447a1 1 0\
 0 1-.894.553H6.\
618a1 1 0 0 1-.8\
94-.553L5.5 15a.\
5.5 0 0 1-.5-.5\x22\
 />\x0d\x0a</svg>\
\x00\x00\x01 \
<\
svg xmlns=\x22http:\
//www.w3.org/200\
0/svg\x22 width=\x2216\
\x22 height=\x2216\x22 fi\
ll=\x22current_colo\
r\x22 class=\x22bi bi-\
toggle-off\x22 view\
Box=\x220 0 16 16\x22>\
\x0d\x0a  <path d=\x22M11\
 4a4 4 0 0 1 0 8\
H8a5 5 0 0 0 2-4\
 5 5 0 0 0-2-4zm\
-6 8a4 4 0 1 1 0\
-8 4 4 0 0 1 0 8\
M0 8a5 5 0 0 0 5\
 5h6a5 5 0 0 0 0\
-10H5a5 5 0 0 0-\
5 5\x22 />\x0d\x0a</svg>\
\x00\x00\x02\x1a\
<\
svg xmlns=\x22http:\
//www.w3.org/200\
0/svg\x22 width=\x2216\
\x22 height=\x2216\x22 fi\
ll=\x22currentColor\
\x22 class=\x22bi bi-b\
ox-arrow-up\x22 vie\
wBox=\x220 0 16 16\x22\
>\x0a  <path fill-r\
ule=\x22evenodd\x22 d=\
\x22M3.5 6a.5.5 0 0\
 0-.5.5v8a.5.5 0\
 0 0 .5.5h9a.5.5\
 0 0 0 .5-.5v-8a\
.5.5 0 0 0-.5-.5\
h-2a.5.5 0 0 1 0\
-1h2A1.5 1.5 0 0\
 1 14 6.5v8a1.5 \
1.5 0 0 1-1.5 1.\
5h-9A1.5 1.5 0 0\
 1 2 14.5v-8A1.5\
 1.5 0 0 1 3.5 5\
h2a.5.5 0 0 1 0 \
1z\x22/>\x0a  <path fi\
ll-rule=\x22evenodd\
\x22 d=\x22M7.646.146a\
.5.5 0 0 1 .708 \
0l3 3a.5.5 0 0 1\
-.708.708L8.5 1.\
707V10.5a.5.5 0 \
0 1-1 0V1.707L5.\
354 3.854a.5.5 0\
 1 1-.708-.708z\x22\
/>\x0a</svg>\
\x00\x00\x01C\
<\
svg xmlns=\x22http:\
//www.w3.org/200\
0/svg\x22 width=\x2216\
\x22 height=\x2216\x22 fi\
ll=\x22currentColor\
\x22 class=\x22bi bi-p\
erson-dash-fill\x22\
 viewBox=\x220 0 16\
 16\x22>\x0a  <path fi\
ll-rule=\x22evenodd\
\x22 d=\x22M11 7.5a.5.\
5 0 0 1 .5-.5h4a\
.5.5 0 0 1 0 1h-\
4a.5.5 0 0 1-.5-\
.5\x22/>\x0a  <path d=\
\x22M1 14s-1 0-1-1 \
1-4 6-4 6 3 6 4-\
1 1-1 1zm5-6a3 3\
 0 1 0 0-6 3 3 0\
 0 0 0 6\x22/>\x0a</sv\
g>\
\x00\x00\x01n\
<\
svg xmlns=\x22http:\
//www.w3.org/200\
0/svg\x22 width=\x2216\
\x22 height=\x2216\x22 fi\
ll=\x22#e0e0e0\x22 cla\
ss=\x22bi bi-capslo\
ck-fill\x22 viewBox\
=\x220 0 16 16\x22>\x0d\x0a \
 <path d=\x22M7.27 \
1.047a1 1 0 0 1 \
1.46 0l6.345 6.7\
7c.6.638.146 1.6\
83-.73 1.683H11.\
5v1a1 1 0 0 1-1 \
1h-5a1 1 0 0 1-1\
-1v-1H1.654C.78 \
9.5.326 8.455.92\
4 7.816zM4.5 13.\
5a1 1 0 0 1 1-1h\
5a1 1 0 0 1 1 1v\
1a1 1 0 0 1-1 1h\
-5a1 1 0 0 1-1-1\
z\x22 />\x0d\x0a</svg>\
\x00\x00\x02\x13\
<\
svg xmlns=\x22http:\
//www.w3.org/200\
0/svg\x22 width=\x2216\
\x22 height=\x2216\x22 fi\
ll=\x22current_colo\
r\x22 class=\x22bi bi-\
folder\x22 viewBox=\
\x220 0 16 16\x22>\x0d\x0a  \
<path d=\x22M.54 3.\
87.5 3a2 2 0 0 1\
 2-2h3.672a2 2 0\
 0 1 1.414.586l.\
828.828A2 2 0 0 \
0 9.828 3h3.982a\
2 2 0 0 1 1.992 \
2.181l-.637 7A2 \
2 0 0 1 13.174 1\
4H2.826a2 2 0 0 \
1-1.991-1.819l-.\
637-7a2 2 0 0 1 \
.342-1.31zM2.19 \
4a1 1 0 0 0-.996\
 1.09l.637 7a1 1\
 0 0 0 .995.91h1\
0.348a1 1 0 0 0 \
.995-.91l.637-7A\
1 1 0 0 0 13.81 \
4zm4.69-1.707A1 \
1 0 0 0 6.172 2H\
2.5a1 1 0 0 0-1 \
.981l.006.139q.3\
23-.119.684-.12h\
5.396z\x22 />\x0d\x0a</sv\
g>\
\x00\x00\x01\x18\
<\
svg xmlns=\x22http:\
//www.w3.org/200\
0/svg\x22 width=\x2216\
\x22 height=\x2216\x22 fi\
ll=\x22current_colo\
r\x22 class=\x22bi bi-\
plus-circle-fill\
\x22 viewBox=\x220 0 1\
6 16\x22>\x0d\x0a  <path \
d=\x22M16 8A8 8 0 1\
 1 0 8a8 8 0 0 1\
 16 0M8.5 4.5a.5\
.5 0 0 0-1 0v3h-\
3a.5.5 0 0 0 0 1\
h3v3a.5.5 0 0 0 \
1 0v-3h3a.5.5 0 \
0 0 0-1h-3z\x22 />\x0d\
\x0a</svg>\
\x00\x00\x02C\
<\
svg xmlns=\x22http:\
//www.w3.org/200\
0/svg\x22 width=\x2216\
\x22 height=\x2216\x22 fi\
ll=\x22#e0e0e0\x22 cla\
ss=\x22bi bi-journa\
ls\x22 viewBox=\x220 0\
 16 16\x22>\x0d\x0a  <pat\
h d=\x22M5 0h8a2 2 \
0 0 1 2 2v10a2 2\
 0 0 1-2 2 2 2 0\
 0 1-2 2H3a2 2 0\
 0 1-2-2h1a1 1 0\
 0 0 1 1h8a1 1 0\
 0 0 1-1V4a1 1 0\
 0 0-1-1H3a1 1 0\
 0 0-1 1H1a2 2 0\
 0 1 2-2h8a2 2 0\
 0 1 2 2v9a1 1 0\
 0 0 1-1V2a1 1 0\
 0 0-1-1H5a1 1 0\
 0 0-1 1H3a2 2 0\
 0 1 2-2\x22 />\x0d\x0a  \
<path d=\x22M1 6v-.\
5a.5.5 0 0 1 1 0\
V6h.5a.5.5 0 0 1\
 0 1h-2a.5.5 0 0\
 1 0-1zm0 3v-.5a\
.5.5 0 0 1 1 0V9\
h.5a.5.5 0 0 1 0\
 1h-2a.5.5 0 0 1\
 0-1zm0 2.5v.5H.\
5a.5.5 0 0 0 0 1\
h2a.5.5 0 0 0 0-\
1H2v-.5a.5.5 0 0\
 0-1 0\x22 />\x0d\x0a</sv\
g>\
\x00\x00\x00\xd5\
<\
svg xmlns=\x22http:\
//www.w3.org/200\
0/svg\x22 width=\x2216\
\x22 height=\x2216\x22 fi\
ll=\x22currentColor\
\x22 class=\x22bi bi-c\
ircle\x22 viewBox=\x22\
0 0 16 16\x22>\x0a  <p\
ath d=\x22M8 15A7 7\
 0 1 1 8 1a7 7 0\
 0 1 0 14m0 1A8 \
8 0 1 0 8 0a8 8 \
0 0 0 0 16\x22/>\x0a</\
svg>\
\x00\x00\x01c\
<\
svg xmlns=\x22http:\
//www.w3.org/200\
0/svg\x22 width=\x2216\
\x22 height=\x2216\x22 fi\
ll=\x22current_colo\
r\x22 class=\x22bi bi-\
arrow-clockwise\x22\
 viewBox=\x220 0 16\
 16\x22>\x0d\x0a  <path f\
ill-rule=\x22evenod\
d\x22 d=\x22M8 3a5 5 0\
 1 0 4.546 2.914\
.5.5 0 0 1 .908-\
.417A6 6 0 1 1 8\
 2z\x22 />\x0d\x0a  <path\
 d=\x22M8 4.466V.53\
4a.25.25 0 0 1 .\
41-.192l2.36 1.9\
66c.12.1.12.284 \
0 .384L8.41 4.65\
8A.25.25 0 0 1 8\
 4.466\x22 />\x0d\x0a</sv\
g>\
\x00\x00\x01!\
<\
svg xmlns=\x22http:\
//www.w3.org/200\
0/svg\x22 width=\x2216\
\x22 height=\x2216\x22 fi\
ll=\x22#e0e0e0\x22 cla\
ss=\x22bi bi-volume\
-off-fill\x22 viewB\
ox=\x220 0 16 16\x22>\x0d\
\x0a  <path d=\x22M10.\
717 3.55A.5.5 0 \
0 1 11 4v8a.5.5 \
0 0 1-.812.39L7.\
825 10.5H5.5A.5.\
5 0 0 1 5 10V6a.\
5.5 0 0 1 .5-.5h\
2.325l2.363-1.89\
a.5.5 0 0 1 .529\
-.06\x22 />\x0d\x0a</svg>\
\
\x00\x00\x03\x04\
<\
svg xmlns=\x22http:\
//www.w3.org/200\
0/svg\x22 width=\x2216\
\x22 height=\x2216\x22 fi\
ll=\x22currentColor\
\x22 class=\x22bi bi-b\
races\x22 viewBox=\x22\
0 0 16 16\x22>\x0a  <p\
ath d=\x22M2.114 8.\
063V7.9c1.005-.1\
02 1.497-.615 1.\
497-1.6V4.503c0-\
1.094.39-1.538 1\
.354-1.538h.273V\
2h-.376C3.25 2 2\
.49 2.759 2.49 4\
.352v1.524c0 1.0\
94-.376 1.456-1.\
49 1.456v1.299c1\
.114 0 1.49.362 \
1.49 1.456v1.524\
c0 1.593.759 2.3\
52 2.372 2.352h.\
376v-.964h-.273c\
-.964 0-1.354-.4\
44-1.354-1.538V9\
.663c0-.984-.492\
-1.497-1.497-1.6\
M13.886 7.9v.163\
c-1.005.103-1.49\
7.616-1.497 1.6v\
1.798c0 1.094-.3\
9 1.538-1.354 1.\
538h-.273v.964h.\
376c1.613 0 2.37\
2-.759 2.372-2.3\
52v-1.524c0-1.09\
4.376-1.456 1.49\
-1.456V7.332c-1.\
114 0-1.49-.362-\
1.49-1.456V4.352\
C13.51 2.759 12.\
75 2 11.138 2h-.\
376v.964h.273c.9\
64 0 1.354.444 1\
.354 1.538V6.3c0\
 .984.492 1.497 \
1.497 1.6\x22/>\x0a</s\
vg>\
\x00\x00\x02\xb7\
<\
svg xmlns=\x22http:\
//www.w3.org/200\
0/svg\x22 width=\x2216\
\x22 height=\x2216\x22 fi\
ll=\x22#e0e0e0\x22 cla\
ss=\x22bi bi-volume\
-up-fill\x22 viewBo\
x=\x220 0 16 16\x22>\x0d\x0a\
  <path d=\x22M11.5\
36 14.01A8.47 8.\
47 0 0 0 14.026 \
8a8.47 8.47 0 0 \
0-2.49-6.01l-.70\
8.707A7.48 7.48 \
0 0 1 13.025 8c0\
 2.071-.84 3.946\
-2.197 5.303z\x22 /\
>\x0d\x0a  <path d=\x22M1\
0.121 12.596A6.4\
8 6.48 0 0 0 12.\
025 8a6.48 6.48 \
0 0 0-1.904-4.59\
6l-.707.707A5.48\
 5.48 0 0 1 11.0\
25 8a5.48 5.48 0\
 0 1-1.61 3.89z\x22\
 />\x0d\x0a  <path d=\x22\
M8.707 11.182A4.\
5 4.5 0 0 0 10.0\
25 8a4.5 4.5 0 0\
 0-1.318-3.182L8\
 5.525A3.5 3.5 0\
 0 1 9.025 8 3.5\
 3.5 0 0 1 8 10.\
475zM6.717 3.55A\
.5.5 0 0 1 7 4v8\
a.5.5 0 0 1-.812\
.39L3.825 10.5H1\
.5A.5.5 0 0 1 1 \
10V6a.5.5 0 0 1 \
.5-.5h2.325l2.36\
3-1.89a.5.5 0 0 \
1 .529-.06\x22 />\x0d\x0a\
</svg>\
\x00\x00\x01\xc2\
<\
svg xmlns=\x22http:\
//www.w3.org/200\
0/svg\x22 width=\x2216\
\x22 height=\x2216\x22 fi\
ll=\x22#e0e0e0\x22 cla\
ss=\x22bi bi-info-s\
quare-fill\x22 view\
Box=\x220 0 16 16\x22>\
\x0d\x0a  <path d=\x22M0 \
2a2 2 0 0 1 2-2h\
12a2 2 0 0 1 2 2\
v12a2 2 0 0 1-2 \
2H2a2 2 0 0 1-2-\
2zm8.93 4.588-2.\
29.287-.082.38.4\
5.083c.294.07.35\
2.176.288.469l-.\
738 3.468c-.194.\
897.105 1.319.80\
8 1.319.545 0 1.\
178-.252 1.465-.\
598l.088-.416c-.\
2.176-.492.246-.\
686.246-.275 0-.\
375-.193-.304-.5\
33zM8 5.5a1 1 0 \
1 0 0-2 1 1 0 0 \
0 0 2\x22 />\x0d\x0a</svg\
>\
\x00\x00\x02e\
<\
svg xmlns=\x22http:\
//www.w3.org/200\
0/svg\x22 width=\x2216\
\x22 height=\x2216\x22 fi\
ll=\x22current_colo\
r\x22 class=\x22bi bi-\
journal-bookmark\
-fill\x22 viewBox=\x22\
0 0 16 16\x22>\x0d\x0a  <\
path fill-rule=\x22\
evenodd\x22 d=\x22M6 1\
h6v7a.5.5 0 0 1-\
.757.429L9 7.083\
 6.757 8.43A.5.5\
 0 0 1 6 8z\x22 />\x0d\
\x0a  <path d=\x22M3 0\
h10a2 2 0 0 1 2 \
2v12a2 2 0 0 1-2\
 2H3a2 2 0 0 1-2\
-2v-1h1v1a1 1 0 \
0 0 1 1h10a1 1 0\
 0 0 1-1V2a1 1 0\
 0 0-1-1H3a1 1 0\
 0 0-1 1v1H1V2a2\
 2 0 0 1 2-2\x22 />\
\x0d\x0a  <path d=\x22M1 \
5v-.5a.5.5 0 0 1\
 1 0V5h.5a.5.5 0\
 0 1 0 1h-2a.5.5\
 0 0 1 0-1zm0 3v\
-.5a.5.5 0 0 1 1\
 0V8h.5a.5.5 0 0\
 1 0 1h-2a.5.5 0\
 0 1 0-1zm0 3v-.\
5a.5.5 0 0 1 1 0\
v.5h.5a.5.5 0 0 \
1 0 1h-2a.5.5 0 \
0 1 0-1z\x22 />\x0d\x0a</\
svg>\
\x00\x00\x02\xd7\
<\
svg xmlns=\x22http:\
//www.w3.org/200\
0/svg\x22 width=\x2216\
\x22 height=\x2216\x22 fi\
ll=\x22current_colo\
r\x22 class=\x22bi bi-\
journal-x\x22 viewB\
ox=\x220 0 16 16\x22>\x0d\
\x0a  <path fill-ru\
le=\x22evenodd\x22 d=\x22\
M6.146 6.146a.5.\
5 0 0 1 .708 0L8\
 7.293l1.146-1.1\
47a.5.5 0 1 1 .7\
08.708L8.707 8l1\
.147 1.146a.5.5 \
0 0 1-.708.708L8\
 8.707 6.854 9.8\
54a.5.5 0 0 1-.7\
08-.708L7.293 8 \
6.146 6.854a.5.5\
 0 0 1 0-.708\x22 /\
>\x0d\x0a  <path d=\x22M3\
 0h10a2 2 0 0 1 \
2 2v12a2 2 0 0 1\
-2 2H3a2 2 0 0 1\
-2-2v-1h1v1a1 1 \
0 0 0 1 1h10a1 1\
 0 0 0 1-1V2a1 1\
 0 0 0-1-1H3a1 1\
 0 0 0-1 1v1H1V2\
a2 2 0 0 1 2-2\x22 \
/>\x0d\x0a  <path d=\x22M\
1 5v-.5a.5.5 0 0\
 1 1 0V5h.5a.5.5\
 0 0 1 0 1h-2a.5\
.5 0 0 1 0-1zm0 \
3v-.5a.5.5 0 0 1\
 1 0V8h.5a.5.5 0\
 0 1 0 1h-2a.5.5\
 0 0 1 0-1zm0 3v\
-.5a.5.5 0 0 1 1\
 0v.5h.5a.5.5 0 \
0 1 0 1h-2a.5.5 \
0 0 1 0-1z\x22 />\x0d\x0a\
</svg>\
\x00\x00\x01\xe0\
<\
svg xmlns=\x22http:\
//www.w3.org/200\
0/svg\x22 width=\x2216\
\x22 height=\x2216\x22 fi\
ll=\x22currentColor\
\x22 class=\x22bi bi-b\
ox-fill\x22 viewBox\
=\x220 0 16 16\x22>\x0a  \
<path fill-rule=\
\x22evenodd\x22 d=\x22M15\
.528 2.973a.75.7\
5 0 0 1 .472.696\
v8.662a.75.75 0 \
0 1-.472.696l-7.\
25 2.9a.75.75 0 \
0 1-.557 0l-7.25\
-2.9A.75.75 0 0 \
1 0 12.331V3.669\
a.75.75 0 0 1 .4\
71-.696L7.443.18\
4l.004-.001.274-\
.11a.75.75 0 0 1\
 .558 0l.274.11.\
004.001zm-1.374.\
527L8 5.962 1.84\
6 3.5 1 3.839v.4\
l6.5 2.6v7.922l.\
5.2.5-.2V6.84l6.\
5-2.6v-.4l-.846-\
.339Z\x22/>\x0a</svg>\
\x00\x00\x01v\
<\
svg xmlns=\x22http:\
//www.w3.org/200\
0/svg\x22 width=\x2216\
\x22 height=\x2216\x22 fi\
ll=\x22#e0e0e0\x22 cla\
ss=\x22bi bi-check-\
square-fill\x22 vie\
wBox=\x220 0 16 16\x22\
>\x0d\x0a  <path d=\x22M2\
 0a2 2 0 0 0-2 2\
v12a2 2 0 0 0 2 \
2h12a2 2 0 0 0 2\
-2V2a2 2 0 0 0-2\
-2zm10.03 4.97a.\
75.75 0 0 1 .011\
 1.05l-3.992 4.9\
9a.75.75 0 0 1-1\
.08.02L4.324 8.3\
84a.75.75 0 1 1 \
1.06-1.06l2.094 \
2.093 3.473-4.42\
5a.75.75 0 0 1 1\
.08-.022z\x22 />\x0d\x0a<\
/svg>\
\x00\x00\x01\x1a\
<\
svg xmlns=\x22http:\
//www.w3.org/200\
0/svg\x22 width=\x2216\
\x22 height=\x2216\x22 fi\
ll=\x22#e0e0e0\x22 cla\
ss=\x22bi bi-toggle\
-off\x22 viewBox=\x220\
 0 16 16\x22>\x0d\x0a  <p\
ath d=\x22M11 4a4 4\
 0 0 1 0 8H8a5 5\
 0 0 0 2-4 5 5 0\
 0 0-2-4zm-6 8a4\
 4 0 1 1 0-8 4 4\
 0 0 1 0 8M0 8a5\
 5 0 0 0 5 5h6a5\
 5 0 0 0 0-10H5a\
5 5 0 0 0-5 5\x22 /\
>\x0d\x0a</svg>\
\x00\x00\x02\x5c\
<\
svg xmlns=\x22http:\
//www.w3.org/200\
0/svg\x22 width=\x2216\
\x22 height=\x2216\x22 fi\
ll=\x22#e0e0e0\x22 cla\
ss=\x22bi bi-file-e\
armark-zip-fill\x22\
 viewBox=\x220 0 16\
 16\x22>\x0d\x0a  <path d\
=\x22M5.5 9.438V8.5\
h1v.938a1 1 0 0 \
0 .03.243l.4 1.5\
98-.93.62-.93-.6\
2.4-1.598a1 1 0 \
0 0 .03-.243\x22 />\
\x0d\x0a  <path d=\x22M9.\
293 0H4a2 2 0 0 \
0-2 2v12a2 2 0 0\
 0 2 2h8a2 2 0 0\
 0 2-2V4.707A1 1\
 0 0 0 13.707 4L\
10 .293A1 1 0 0 \
0 9.293 0M9.5 3.\
5v-2l3 3h-2a1 1 \
0 0 1-1-1m-4-.5V\
2h-1V1H6v1h1v1H6\
v1h1v1H6v1h1v1H5\
.5V6h-1V5h1V4h-1\
V3zm0 4.5h1a1 1 \
0 0 1 1 1v.938l.\
4 1.599a1 1 0 0 \
1-.416 1.074l-.9\
3.62a1 1 0 0 1-1\
.109 0l-.93-.62a\
1 1 0 0 1-.415-1\
.074l.4-1.599V8.\
5a1 1 0 0 1 1-1\x22\
 />\x0d\x0a</svg>\
\x00\x00\x02\x1a\
<\
svg xmlns=\x22http:\
//www.w3.org/200\
0/svg\x22 width=\x2216\
\x22 height=\x2216\x22 fi\
ll=\x22#e0e0e0\x22 cla\
ss=\x22bi bi-box-ar\
row-up\x22 viewBox=\
\x220 0 16 16\x22>\x0d\x0a  \
<path fill-rule=\
\x22evenodd\x22 d=\x22M3.\
5 6a.5.5 0 0 0-.\
5.5v8a.5.5 0 0 0\
 .5.5h9a.5.5 0 0\
 0 .5-.5v-8a.5.5\
 0 0 0-.5-.5h-2a\
.5.5 0 0 1 0-1h2\
A1.5 1.5 0 0 1 1\
4 6.5v8a1.5 1.5 \
0 0 1-1.5 1.5h-9\
A1.5 1.5 0 0 1 2\
 14.5v-8A1.5 1.5\
 0 0 1 3.5 5h2a.\
5.5 0 0 1 0 1z\x22 \
/>\x0d\x0a  <path fill\
-rule=\x22evenodd\x22 \
d=\x22M7.646.146a.5\
.5 0 0 1 .708 0l\
3 3a.5.5 0 0 1-.\
708.708L8.5 1.70\
7V10.5a.5.5 0 0 \
1-1 0V1.707L5.35\
4 3.854a.5.5 0 1\
 1-.708-.708z\x22 /\
>\x0d\x0a</svg>\
\x00\x00\x02\xc4\
<\
svg xmlns=\x22http:\
//www.w3.org/200\
0/svg\x22 width=\x2216\
\x22 height=\x2216\x22 fi\
ll=\x22#e0e0e0\x22 cla\
ss=\x22bi bi-folder\
-symlink\x22 viewBo\
x=\x220 0 16 16\x22>\x0d\x0a\
  <path d=\x22m11.7\
98 8.271-3.182 1\
.97c-.27.166-.61\
6-.036-.616-.372\
V9.1s-2.571-.3-4\
 2.4c.571-4.8 3.\
143-4.8 4-4.8v-.\
769c0-.336.346-.\
538.616-.371l3.1\
82 1.969c.27.166\
.27.576 0 .742\x22 \
/>\x0d\x0a  <path d=\x22m\
.5 3 .04.87a2 2 \
0 0 0-.342 1.311\
l.637 7A2 2 0 0 \
0 2.826 14h10.34\
8a2 2 0 0 0 1.99\
1-1.819l.637-7A2\
 2 0 0 0 13.81 3\
H9.828a2 2 0 0 1\
-1.414-.586l-.82\
8-.828A2 2 0 0 0\
 6.172 1H2.5a2 2\
 0 0 0-2 2m.694 \
2.09A1 1 0 0 1 2\
.19 4h11.62a1 1 \
0 0 1 .996 1.09l\
-.636 7a1 1 0 0 \
1-.996.91H2.826a\
1 1 0 0 1-.995-.\
91zM6.172 2a1 1 \
0 0 1 .707.293L7\
.586 3H2.19q-.36\
2.002-.683.12L1.\
5 2.98a1 1 0 0 1\
 1-.98z\x22 />\x0d\x0a</s\
vg>\
\x00\x00\x01t\
<\
svg xmlns=\x22http:\
//www.w3.org/200\
0/svg\x22 width=\x2216\
\x22 height=\x2216\x22 fi\
ll=\x22current_colo\
r\x22 class=\x22bi bi-\
capslock-fill\x22 v\
iewBox=\x220 0 16 1\
6\x22>\x0d\x0a  <path d=\x22\
M7.27 1.047a1 1 \
0 0 1 1.46 0l6.3\
45 6.77c.6.638.1\
46 1.683-.73 1.6\
83H11.5v1a1 1 0 \
0 1-1 1h-5a1 1 0\
 0 1-1-1v-1H1.65\
4C.78 9.5.326 8.\
455.924 7.816zM4\
.5 13.5a1 1 0 0 \
1 1-1h5a1 1 0 0 \
1 1 1v1a1 1 0 0 \
1-1 1h-5a1 1 0 0\
 1-1-1z\x22 />\x0d\x0a</s\
vg>\
\x00\x00\x00\xde\
<\
svg xmlns=\x22http:\
//www.w3.org/200\
0/svg\x22 width=\x2216\
\x22 height=\x2216\x22 fi\
ll=\x22current_colo\
r\x22 class=\x22bi bi-\
toggle-on\x22 viewB\
ox=\x220 0 16 16\x22>\x0d\
\x0a  <path d=\x22M5 3\
a5 5 0 0 0 0 10h\
6a5 5 0 0 0 0-10\
zm6 9a4 4 0 1 1 \
0-8 4 4 0 0 1 0 \
8\x22 />\x0d\x0a</svg>\
\x00\x00\x01\xab\
<\
svg xmlns=\x22http:\
//www.w3.org/200\
0/svg\x22 width=\x2216\
\x22 height=\x2216\x22 fi\
ll=\x22currentColor\
\x22 class=\x22bi bi-i\
nfo-circle-fill\x22\
 viewBox=\x220 0 16\
 16\x22>\x0a  <path d=\
\x22M8 16A8 8 0 1 0\
 8 0a8 8 0 0 0 0\
 16m.93-9.412-1 \
4.705c-.07.34.02\
9.533.304.533.19\
4 0 .487-.07.686\
-.246l-.088.416c\
-.287.346-.92.59\
8-1.465.598-.703\
 0-1.002-.422-.8\
08-1.319l.738-3.\
468c.064-.293.00\
6-.399-.287-.47l\
-.451-.081.082-.\
381 2.29-.287zM8\
 5.5a1 1 0 1 1 0\
-2 1 1 0 0 1 0 2\
\x22/>\x0a</svg>\
\x00\x00\x01%\
<\
svg xmlns=\x22http:\
//www.w3.org/200\
0/svg\x22 width=\x2216\
\x22 height=\x2216\x22 fi\
ll=\x22#e0e0e0\x22 cla\
ss=\x22bi bi-bell-f\
ill\x22 viewBox=\x220 \
0 16 16\x22>\x0d\x0a  <pa\
th d=\x22M8 16a2 2 \
0 0 0 2-2H6a2 2 \
0 0 0 2 2m.995-1\
4.901a1 1 0 1 0-\
1.99 0A5 5 0 0 0\
 3 6c0 1.098-.5 \
6-2 7h14c-1.5-1-\
2-5.902-2-7 0-2.\
42-1.72-4.44-4.0\
05-4.901\x22 />\x0d\x0a</\
svg>\
\x00\x00\x01x\
<\
svg xmlns=\x22http:\
//www.w3.org/200\
0/svg\x22 width=\x2216\
\x22 height=\x2216\x22 fi\
ll=\x22currentColor\
\x22 class=\x22bi bi-c\
heck-square-fill\
\x22 viewBox=\x220 0 1\
6 16\x22>\x0a  <path d\
=\x22M2 0a2 2 0 0 0\
-2 2v12a2 2 0 0 \
0 2 2h12a2 2 0 0\
 0 2-2V2a2 2 0 0\
 0-2-2zm10.03 4.\
97a.75.75 0 0 1 \
.011 1.05l-3.992\
 4.99a.75.75 0 0\
 1-1.08.02L4.324\
 8.384a.75.75 0 \
1 1 1.06-1.06l2.\
094 2.093 3.473-\
4.425a.75.75 0 0\
 1 1.08-.022z\x22/>\
\x0a</svg>\
\x00\x00\x02\x04\
<\
svg xmlns=\x22http:\
//www.w3.org/200\
0/svg\x22 width=\x2216\
\x22 height=\x2216\x22 fi\
ll=\x22#e0e0e0\x22 cla\
ss=\x22bi bi-images\
\x22 viewBox=\x220 0 1\
6 16\x22>\x0d\x0a  <path \
d=\x22M4.502 9a1.5 \
1.5 0 1 0 0-3 1.\
5 1.5 0 0 0 0 3\x22\
 />\x0d\x0a  <path d=\x22\
M14.002 13a2 2 0\
 0 1-2 2h-10a2 2\
 0 0 1-2-2V5A2 2\
 0 0 1 2 3a2 2 0\
 0 1 2-2h10a2 2 \
0 0 1 2 2v8a2 2 \
0 0 1-1.998 2M14\
 2H4a1 1 0 0 0-1\
 1h9.002a2 2 0 0\
 1 2 2v7A1 1 0 0\
 0 15 11V3a1 1 0\
 0 0-1-1M2.002 4\
a1 1 0 0 0-1 1v8\
l2.646-2.354a.5.\
5 0 0 1 .63-.062\
l2.66 1.773 3.71\
-3.71a.5.5 0 0 1\
 .577-.094l1.777\
 1.947V5a1 1 0 0\
 0-1-1z\x22 />\x0d\x0a</s\
vg>\
\x00\x00\x01\x07\
<\
svg xmlns=\x22http:\
//www.w3.org/200\
0/svg\x22 width=\x2216\
\x22 height=\x2216\x22 fi\
ll=\x22#e0e0e0\x22 cla\
ss=\x22bi bi-caret-\
up-fill\x22 viewBox\
=\x220 0 16 16\x22>\x0d\x0a \
 <path d=\x22m7.247\
 4.86-4.796 5.48\
1c-.566.647-.106\
 1.659.753 1.659\
h9.592a1 1 0 0 0\
 .753-1.659l-4.7\
96-5.48a1 1 0 0 \
0-1.506 0z\x22 />\x0d\x0a\
</svg>\
\x00\x00\x00\xa6\
<\
svg xmlns=\x22http:\
//www.w3.org/200\
0/svg\x22 width=\x2216\
\x22 height=\x2216\x22 fi\
ll=\x22#e0e0e0\x22 cla\
ss=\x22bi bi-circle\
-fill\x22 viewBox=\x22\
0 0 16 16\x22>\x0d\x0a  <\
circle cx=\x228\x22 cy\
=\x228\x22 r=\x228\x22 />\x0d\x0a<\
/svg>\
\x00\x00\x01(\
<\
svg xmlns=\x22http:\
//www.w3.org/200\
0/svg\x22 width=\x2216\
\x22 height=\x2216\x22 fi\
ll=\x22#e0e0e0\x22 cla\
ss=\x22bi bi-toggle\
2-off\x22 viewBox=\x22\
0 0 16 16\x22>\x0d\x0a  <\
path d=\x22M9 11c.6\
28-.836 1-1.874 \
1-3a4.98 4.98 0 \
0 0-1-3h4a3 3 0 \
1 1 0 6z\x22 />\x0d\x0a  \
<path d=\x22M5 12a4\
 4 0 1 1 0-8 4 4\
 0 0 1 0 8m0 1A5\
 5 0 1 0 5 3a5 5\
 0 0 0 0 10\x22 />\x0d\
\x0a</svg>\
\x00\x00\x00\xea\
<\
svg xmlns=\x22http:\
//www.w3.org/200\
0/svg\x22 width=\x2216\
\x22 height=\x2216\x22 fi\
ll=\x22#e0e0e0\x22 cla\
ss=\x22bi bi-micros\
oft\x22 viewBox=\x220 \
0 16 16\x22>\x0d\x0a  <pa\
th d=\x22M7.462 0H0\
v7.19h7.462zM16 \
0H8.538v7.19H16z\
M7.462 8.211H0V1\
6h7.462zm8.538 0\
H8.538V16H16z\x22 /\
>\x0d\x0a</svg>\
\x00\x00\x01\xe7\
<\
svg xmlns=\x22http:\
//www.w3.org/200\
0/svg\x22 width=\x2216\
\x22 height=\x2216\x22 fi\
ll=\x22#e0e0e0\x22 cla\
ss=\x22bi bi-volume\
-mute-fill\x22 view\
Box=\x220 0 16 16\x22>\
\x0d\x0a  <path d=\x22M6.\
717 3.55A.5.5 0 \
0 1 7 4v8a.5.5 0\
 0 1-.812.39L3.8\
25 10.5H1.5A.5.5\
 0 0 1 1 10V6a.5\
.5 0 0 1 .5-.5h2\
.325l2.363-1.89a\
.5.5 0 0 1 .529-\
.06m7.137 2.096a\
.5.5 0 0 1 0 .70\
8L12.207 8l1.647\
 1.646a.5.5 0 0 \
1-.708.708L11.5 \
8.707l-1.646 1.6\
47a.5.5 0 0 1-.7\
08-.708L10.793 8\
 9.146 6.354a.5.\
5 0 1 1 .708-.70\
8L11.5 7.293l1.6\
46-1.647a.5.5 0 \
0 1 .708 0\x22 />\x0d\x0a\
</svg>\
\x00\x00\x02:\
<\
svg xmlns=\x22http:\
//www.w3.org/200\
0/svg\x22 width=\x2216\
\x22 height=\x2216\x22 fi\
ll=\x22#e0e0e0\x22 cla\
ss=\x22bi bi-folder\
-minus\x22 viewBox=\
\x220 0 16 16\x22>\x0d\x0a  \
<path d=\x22m.5 3 .\
04.87a2 2 0 0 0-\
.342 1.311l.637 \
7A2 2 0 0 0 2.82\
6 14H9v-1H2.826a\
1 1 0 0 1-.995-.\
91l-.637-7A1 1 0\
 0 1 2.19 4h11.6\
2a1 1 0 0 1 .996\
 1.09L14.54 8h1.\
005l.256-2.819A2\
 2 0 0 0 13.81 3\
H9.828a2 2 0 0 1\
-1.414-.586l-.82\
8-.828A2 2 0 0 0\
 6.172 1H2.5a2 2\
 0 0 0-2 2m5.672\
-1a1 1 0 0 1 .70\
7.293L7.586 3H2.\
19q-.362.002-.68\
3.12L1.5 2.98a1 \
1 0 0 1 1-.98z\x22 \
/>\x0d\x0a  <path d=\x22M\
11 11.5a.5.5 0 0\
 1 .5-.5h4a.5.5 \
0 1 1 0 1h-4a.5.\
5 0 0 1-.5-.5\x22 /\
>\x0d\x0a</svg>\
\x00\x00\x00\xe0\
<\
svg xmlns=\x22http:\
//www.w3.org/200\
0/svg\x22 width=\x2216\
\x22 height=\x2216\x22 fi\
ll=\x22current_colo\
r\x22 class=\x22bi bi-\
square-fill\x22 vie\
wBox=\x220 0 16 16\x22\
>\x0d\x0a  <path d=\x22M0\
 2a2 2 0 0 1 2-2\
h12a2 2 0 0 1 2 \
2v12a2 2 0 0 1-2\
 2H2a2 2 0 0 1-2\
-2z\x22 />\x0d\x0a</svg>\
\x00\x00\x01\x9a\
<\
svg xmlns=\x22http:\
//www.w3.org/200\
0/svg\x22 width=\x2216\
\x22 height=\x2216\x22 fi\
ll=\x22current_colo\
r\x22 class=\x22bi bi-\
copy\x22 viewBox=\x220\
 0 16 16\x22>\x0d\x0a  <p\
ath fill-rule=\x22e\
venodd\x22 d=\x22M4 2a\
2 2 0 0 1 2-2h8a\
2 2 0 0 1 2 2v8a\
2 2 0 0 1-2 2H6a\
2 2 0 0 1-2-2zm2\
-1a1 1 0 0 0-1 1\
v8a1 1 0 0 0 1 1\
h8a1 1 0 0 0 1-1\
V2a1 1 0 0 0-1-1\
zM2 5a1 1 0 0 0-\
1 1v8a1 1 0 0 0 \
1 1h8a1 1 0 0 0 \
1-1v-1h1v1a2 2 0\
 0 1-2 2H2a2 2 0\
 0 1-2-2V6a2 2 0\
 0 1 2-2h1v1z\x22 /\
>\x0d\x0a</svg>\
\x00\x00\x01\x07\
<\
svg xmlns=\x22http:\
//www.w3.org/200\
0/svg\x22 width=\x2216\
\x22 height=\x2216\x22 fi\
ll=\x22#e0e0e0\x22 cla\
ss=\x22bi bi-caret-\
down-fill\x22 viewB\
ox=\x220 0 16 16\x22>\x0d\
\x0a  <path d=\x22M7.2\
47 11.14 2.451 5\
.658C1.885 5.013\
 2.345 4 3.204 4\
h9.592a1 1 0 0 1\
 .753 1.659l-4.7\
96 5.48a1 1 0 0 \
1-1.506 0z\x22 />\x0d\x0a\
</svg>\
\x00\x00\x01\x09\
<\
svg xmlns=\x22http:\
//www.w3.org/200\
0/svg\x22 width=\x2216\
\x22 height=\x2216\x22 fi\
ll=\x22currentColor\
\x22 class=\x22bi bi-c\
aret-down-fill\x22 \
viewBox=\x220 0 16 \
16\x22>\x0a  <path d=\x22\
M7.247 11.14 2.4\
51 5.658C1.885 5\
.013 2.345 4 3.2\
04 4h9.592a1 1 0\
 0 1 .753 1.659l\
-4.796 5.48a1 1 \
0 0 1-1.506 0z\x22/\
>\x0a</svg>\
\x00\x00\x02\x0d\
<\
svg xmlns=\x22http:\
//www.w3.org/200\
0/svg\x22 width=\x2216\
\x22 height=\x2216\x22 fi\
ll=\x22#e0e0e0\x22 cla\
ss=\x22bi bi-folder\
\x22 viewBox=\x220 0 1\
6 16\x22>\x0d\x0a  <path \
d=\x22M.54 3.87.5 3\
a2 2 0 0 1 2-2h3\
.672a2 2 0 0 1 1\
.414.586l.828.82\
8A2 2 0 0 0 9.82\
8 3h3.982a2 2 0 \
0 1 1.992 2.181l\
-.637 7A2 2 0 0 \
1 13.174 14H2.82\
6a2 2 0 0 1-1.99\
1-1.819l-.637-7a\
2 2 0 0 1 .342-1\
.31zM2.19 4a1 1 \
0 0 0-.996 1.09l\
.637 7a1 1 0 0 0\
 .995.91h10.348a\
1 1 0 0 0 .995-.\
91l.637-7A1 1 0 \
0 0 13.81 4zm4.6\
9-1.707A1 1 0 0 \
0 6.172 2H2.5a1 \
1 0 0 0-1 .981l.\
006.139q.323-.11\
9.684-.12h5.396z\
\x22 />\x0d\x0a</svg>\
\x00\x00\x02\xd1\
<\
svg xmlns=\x22http:\
//www.w3.org/200\
0/svg\x22 width=\x2216\
\x22 height=\x2216\x22 fi\
ll=\x22#e0e0e0\x22 cla\
ss=\x22bi bi-journa\
l-x\x22 viewBox=\x220 \
0 16 16\x22>\x0d\x0a  <pa\
th fill-rule=\x22ev\
enodd\x22 d=\x22M6.146\
 6.146a.5.5 0 0 \
1 .708 0L8 7.293\
l1.146-1.147a.5.\
5 0 1 1 .708.708\
L8.707 8l1.147 1\
.146a.5.5 0 0 1-\
.708.708L8 8.707\
 6.854 9.854a.5.\
5 0 0 1-.708-.70\
8L7.293 8 6.146 \
6.854a.5.5 0 0 1\
 0-.708\x22 />\x0d\x0a  <\
path d=\x22M3 0h10a\
2 2 0 0 1 2 2v12\
a2 2 0 0 1-2 2H3\
a2 2 0 0 1-2-2v-\
1h1v1a1 1 0 0 0 \
1 1h10a1 1 0 0 0\
 1-1V2a1 1 0 0 0\
-1-1H3a1 1 0 0 0\
-1 1v1H1V2a2 2 0\
 0 1 2-2\x22 />\x0d\x0a  \
<path d=\x22M1 5v-.\
5a.5.5 0 0 1 1 0\
V5h.5a.5.5 0 0 1\
 0 1h-2a.5.5 0 0\
 1 0-1zm0 3v-.5a\
.5.5 0 0 1 1 0V8\
h.5a.5.5 0 0 1 0\
 1h-2a.5.5 0 0 1\
 0-1zm0 3v-.5a.5\
.5 0 0 1 1 0v.5h\
.5a.5.5 0 0 1 0 \
1h-2a.5.5 0 0 1 \
0-1z\x22 />\x0d\x0a</svg>\
\
\x00\x00\x01!\
<\
svg xmlns=\x22http:\
//www.w3.org/200\
0/svg\x22 width=\x2216\
\x22 height=\x2216\x22 fi\
ll=\x22currentColor\
\x22 class=\x22bi bi-f\
ile-earmark-fill\
\x22 viewBox=\x220 0 1\
6 16\x22>\x0a  <path d\
=\x22M4 0h5.293A1 1\
 0 0 1 10 .293L1\
3.707 4a1 1 0 0 \
1 .293.707V14a2 \
2 0 0 1-2 2H4a2 \
2 0 0 1-2-2V2a2 \
2 0 0 1 2-2m5.5 \
1.5v2a1 1 0 0 0 \
1 1h2z\x22/>\x0a</svg>\
\
\x00\x00\x01\xb7\
<\
svg xmlns=\x22http:\
//www.w3.org/200\
0/svg\x22 width=\x2216\
\x22 height=\x2216\x22 fi\
ll=\x22#e0e0e0\x22 cla\
ss=\x22bi bi-trash-\
fill\x22 viewBox=\x220\
 0 16 16\x22>\x0d\x0a  <p\
ath d=\x22M2.5 1a1 \
1 0 0 0-1 1v1a1 \
1 0 0 0 1 1H3v9a\
2 2 0 0 0 2 2h6a\
2 2 0 0 0 2-2V4h\
.5a1 1 0 0 0 1-1\
V2a1 1 0 0 0-1-1\
H10a1 1 0 0 0-1-\
1H7a1 1 0 0 0-1 \
1zm3 4a.5.5 0 0 \
1 .5.5v7a.5.5 0 \
0 1-1 0v-7a.5.5 \
0 0 1 .5-.5M8 5a\
.5.5 0 0 1 .5.5v\
7a.5.5 0 0 1-1 0\
v-7A.5.5 0 0 1 8\
 5m3 .5v7a.5.5 0\
 0 1-1 0v-7a.5.5\
 0 0 1 1 0\x22 />\x0d\x0a\
</svg>\
\x00\x00\x02\x05\
<\
svg xmlns=\x22http:\
//www.w3.org/200\
0/svg\x22 width=\x2216\
\x22 height=\x2216\x22 fi\
ll=\x22#e0e0e0\x22 cla\
ss=\x22bi bi-lightb\
ulb-off-fill\x22 vi\
ewBox=\x220 0 16 16\
\x22>\x0d\x0a  <path d=\x22M\
2 6c0-.572.08-1.\
125.23-1.65l8.55\
8 8.559A.5.5 0 0\
 1 10.5 13h-5a.5\
.5 0 0 1-.46-.30\
2l-.761-1.77a2 2\
 0 0 0-.453-.618\
A5.98 5.98 0 0 1\
 2 6m10.303 4.18\
1L3.818 1.697a6 \
6 0 0 1 8.484 8.\
484zM5 14.5a.5.5\
 0 0 1 .5-.5h5a.\
5.5 0 0 1 0 1l-.\
224.447a1 1 0 0 \
1-.894.553H6.618\
a1 1 0 0 1-.894-\
.553L5.5 15a.5.5\
 0 0 1-.5-.5M2.3\
54 1.646a.5.5 0 \
1 0-.708.708l12 \
12a.5.5 0 0 0 .7\
08-.708z\x22 />\x0d\x0a</\
svg>\
\x00\x00\x02\xfd\
<\
svg xmlns=\x22http:\
//www.w3.org/200\
0/svg\x22 width=\x2216\
\x22 height=\x2216\x22 fi\
ll=\x22#e0e0e0\x22 cla\
ss=\x22bi bi-journa\
l-code\x22 viewBox=\
\x220 0 16 16\x22>\x0d\x0a  \
<path fill-rule=\
\x22evenodd\x22 d=\x22M8.\
646 5.646a.5.5 0\
 0 1 .708 0l2 2a\
.5.5 0 0 1 0 .70\
8l-2 2a.5.5 0 0 \
1-.708-.708L10.2\
93 8 8.646 6.354\
a.5.5 0 0 1 0-.7\
08m-1.292 0a.5.5\
 0 0 0-.708 0l-2\
 2a.5.5 0 0 0 0 \
.708l2 2a.5.5 0 \
0 0 .708-.708L5.\
707 8l1.647-1.64\
6a.5.5 0 0 0 0-.\
708\x22 />\x0d\x0a  <path\
 d=\x22M3 0h10a2 2 \
0 0 1 2 2v12a2 2\
 0 0 1-2 2H3a2 2\
 0 0 1-2-2v-1h1v\
1a1 1 0 0 0 1 1h\
10a1 1 0 0 0 1-1\
V2a1 1 0 0 0-1-1\
H3a1 1 0 0 0-1 1\
v1H1V2a2 2 0 0 1\
 2-2\x22 />\x0d\x0a  <pat\
h d=\x22M1 5v-.5a.5\
.5 0 0 1 1 0V5h.\
5a.5.5 0 0 1 0 1\
h-2a.5.5 0 0 1 0\
-1zm0 3v-.5a.5.5\
 0 0 1 1 0V8h.5a\
.5.5 0 0 1 0 1h-\
2a.5.5 0 0 1 0-1\
zm0 3v-.5a.5.5 0\
 0 1 1 0v.5h.5a.\
5.5 0 0 1 0 1h-2\
a.5.5 0 0 1 0-1z\
\x22 />\x0d\x0a</svg>\
\x00\x00\x02\x00\
<\
svg xmlns=\x22http:\
//www.w3.org/200\
0/svg\x22 width=\x2216\
\x22 height=\x2216\x22 fi\
ll=\x22current_colo\
r\x22 class=\x22bi bi-\
eye-slash-fill\x22 \
viewBox=\x220 0 16 \
16\x22>\x0d\x0a  <path d=\
\x22m10.79 12.912-1\
.614-1.615a3.5 3\
.5 0 0 1-4.474-4\
.474l-2.06-2.06C\
.938 6.278 0 8 0\
 8s3 5.5 8 5.5a7\
 7 0 0 0 2.79-.5\
88M5.21 3.088A7 \
7 0 0 1 8 2.5c5 \
0 8 5.5 8 5.5s-.\
939 1.721-2.641 \
3.238l-2.062-2.0\
62a3.5 3.5 0 0 0\
-4.474-4.474z\x22 /\
>\x0d\x0a  <path d=\x22M5\
.525 7.646a2.5 2\
.5 0 0 0 2.829 2\
.829zm4.95.708-2\
.829-2.83a2.5 2.\
5 0 0 1 2.829 2.\
829zm3.171 6-12-\
12 .708-.708 12 \
12z\x22 />\x0d\x0a</svg>\
\x00\x00\x00\xe7\
<\
svg xmlns=\x22http:\
//www.w3.org/200\
0/svg\x22 width=\x2216\
\x22 height=\x2216\x22 fi\
ll=\x22currentColor\
\x22 class=\x22bi bi-d\
ash-circle-fill\x22\
 viewBox=\x220 0 16\
 16\x22>\x0a  <path d=\
\x22M16 8A8 8 0 1 1\
 0 8a8 8 0 0 1 1\
6 0M4.5 7.5a.5.5\
 0 0 0 0 1h7a.5.\
5 0 0 0 0-1z\x22/>\x0a\
</svg>\
\x00\x00\x01\xd4\
<\
svg xmlns=\x22http:\
//www.w3.org/200\
0/svg\x22 width=\x2216\
\x22 height=\x2216\x22 fi\
ll=\x22currentColor\
\x22 class=\x22bi bi-f\
ile-earmark-diff\
-fill\x22 viewBox=\x22\
0 0 16 16\x22>\x0a  <p\
ath d=\x22M9.293 0H\
4a2 2 0 0 0-2 2v\
12a2 2 0 0 0 2 2\
h8a2 2 0 0 0 2-2\
V4.707A1 1 0 0 0\
 13.707 4L10 .29\
3A1 1 0 0 0 9.29\
3 0M9.5 3.5v-2l3\
 3h-2a1 1 0 0 1-\
1-1M8 6a.5.5 0 0\
 1 .5.5V8H10a.5.\
5 0 0 1 0 1H8.5v\
1.5a.5.5 0 0 1-1\
 0V9H6a.5.5 0 0 \
1 0-1h1.5V6.5A.5\
.5 0 0 1 8 6m-2.\
5 6.5A.5.5 0 0 1\
 6 12h4a.5.5 0 0\
 1 0 1H6a.5.5 0 \
0 1-.5-.5\x22/>\x0a</s\
vg>\
\x00\x00\x02!\
<\
svg xmlns=\x22http:\
//www.w3.org/200\
0/svg\x22 width=\x2216\
\x22 height=\x2216\x22 fi\
ll=\x22current_colo\
r\x22 class=\x22bi bi-\
trash\x22 viewBox=\x22\
0 0 16 16\x22>\x0d\x0a  <\
path d=\x22M5.5 5.5\
A.5.5 0 0 1 6 6v\
6a.5.5 0 0 1-1 0\
V6a.5.5 0 0 1 .5\
-.5m2.5 0a.5.5 0\
 0 1 .5.5v6a.5.5\
 0 0 1-1 0V6a.5.\
5 0 0 1 .5-.5m3 \
.5a.5.5 0 0 0-1 \
0v6a.5.5 0 0 0 1\
 0z\x22 />\x0d\x0a  <path\
 d=\x22M14.5 3a1 1 \
0 0 1-1 1H13v9a2\
 2 0 0 1-2 2H5a2\
 2 0 0 1-2-2V4h-\
.5a1 1 0 0 1-1-1\
V2a1 1 0 0 1 1-1\
H6a1 1 0 0 1 1-1\
h2a1 1 0 0 1 1 1\
h3.5a1 1 0 0 1 1\
 1zM4.118 4 4 4.\
059V13a1 1 0 0 0\
 1 1h6a1 1 0 0 0\
 1-1V4.059L11.88\
2 4zM2.5 3h11V2h\
-11z\x22 />\x0d\x0a</svg>\
\
\x00\x00\x01C\
<\
svg xmlns=\x22http:\
//www.w3.org/200\
0/svg\x22 width=\x2216\
\x22 height=\x2216\x22 fi\
ll=\x22#e0e0e0\x22 cla\
ss=\x22bi bi-person\
-dash-fill\x22 view\
Box=\x220 0 16 16\x22>\
\x0d\x0a  <path fill-r\
ule=\x22evenodd\x22 d=\
\x22M11 7.5a.5.5 0 \
0 1 .5-.5h4a.5.5\
 0 0 1 0 1h-4a.5\
.5 0 0 1-.5-.5\x22 \
/>\x0d\x0a  <path d=\x22M\
1 14s-1 0-1-1 1-\
4 6-4 6 3 6 4-1 \
1-1 1zm5-6a3 3 0\
 1 0 0-6 3 3 0 0\
 0 0 6\x22 />\x0d\x0a</sv\
g>\
\x00\x00\x02\x9f\
<\
svg xmlns=\x22http:\
//www.w3.org/200\
0/svg\x22 width=\x2216\
\x22 height=\x2216\x22 fi\
ll=\x22#e0e0e0\x22 cla\
ss=\x22bi bi-questi\
on-circle-fill\x22 \
viewBox=\x220 0 16 \
16\x22>\x0d\x0a  <path d=\
\x22M16 8A8 8 0 1 1\
 0 8a8 8 0 0 1 1\
6 0M5.496 6.033h\
.825c.138 0 .248\
-.113.266-.25.09\
-.656.54-1.134 1\
.342-1.134.686 0\
 1.314.343 1.314\
 1.168 0 .635-.3\
74.927-.965 1.37\
1-.673.489-1.206\
 1.06-1.168 1.98\
7l.003.217a.25.2\
5 0 0 0 .25.246h\
.811a.25.25 0 0 \
0 .25-.25v-.105c\
0-.718.273-.927 \
1.01-1.486.609-.\
463 1.244-.977 1\
.244-2.056 0-1.5\
11-1.276-2.241-2\
.673-2.241-1.267\
 0-2.655.59-2.75\
 2.286a.237.237 \
0 0 0 .241.247m2\
.325 6.443c.61 0\
 1.029-.394 1.02\
9-.927 0-.552-.4\
2-.94-1.029-.94-\
.584 0-1.009.388\
-1.009.94 0 .533\
.425.927 1.01.92\
7z\x22 />\x0d\x0a</svg>\
\x00\x00\x01\xfa\
<\
svg xmlns=\x22http:\
//www.w3.org/200\
0/svg\x22 width=\x2216\
\x22 height=\x2216\x22 fi\
ll=\x22#e0e0e0\x22 cla\
ss=\x22bi bi-eye-sl\
ash-fill\x22 viewBo\
x=\x220 0 16 16\x22>\x0d\x0a\
  <path d=\x22m10.7\
9 12.912-1.614-1\
.615a3.5 3.5 0 0\
 1-4.474-4.474l-\
2.06-2.06C.938 6\
.278 0 8 0 8s3 5\
.5 8 5.5a7 7 0 0\
 0 2.79-.588M5.2\
1 3.088A7 7 0 0 \
1 8 2.5c5 0 8 5.\
5 8 5.5s-.939 1.\
721-2.641 3.238l\
-2.062-2.062a3.5\
 3.5 0 0 0-4.474\
-4.474z\x22 />\x0d\x0a  <\
path d=\x22M5.525 7\
.646a2.5 2.5 0 0\
 0 2.829 2.829zm\
4.95.708-2.829-2\
.83a2.5 2.5 0 0 \
1 2.829 2.829zm3\
.171 6-12-12 .70\
8-.708 12 12z\x22 /\
>\x0d\x0a</svg>\
\x00\x00\x01\xed\
<\
svg xmlns=\x22http:\
//www.w3.org/200\
0/svg\x22 width=\x2216\
\x22 height=\x2216\x22 fi\
ll=\x22#e0e0e0\x22 cla\
ss=\x22bi bi-journa\
l\x22 viewBox=\x220 0 \
16 16\x22>\x0d\x0a  <path\
 d=\x22M3 0h10a2 2 \
0 0 1 2 2v12a2 2\
 0 0 1-2 2H3a2 2\
 0 0 1-2-2v-1h1v\
1a1 1 0 0 0 1 1h\
10a1 1 0 0 0 1-1\
V2a1 1 0 0 0-1-1\
H3a1 1 0 0 0-1 1\
v1H1V2a2 2 0 0 1\
 2-2\x22 />\x0d\x0a  <pat\
h d=\x22M1 5v-.5a.5\
.5 0 0 1 1 0V5h.\
5a.5.5 0 0 1 0 1\
h-2a.5.5 0 0 1 0\
-1zm0 3v-.5a.5.5\
 0 0 1 1 0V8h.5a\
.5.5 0 0 1 0 1h-\
2a.5.5 0 0 1 0-1\
zm0 3v-.5a.5.5 0\
 0 1 1 0v.5h.5a.\
5.5 0 0 1 0 1h-2\
a.5.5 0 0 1 0-1z\
\x22 />\x0d\x0a</svg>\
\x00\x00\x03,\
<\
svg xmlns=\x22http:\
//www.w3.org/200\
0/svg\x22 width=\x2216\
\x22 height=\x2216\x22 fi\
ll=\x22currentColor\
\x22 class=\x22bi bi-b\
andaid-fill\x22 vie\
wBox=\x220 0 16 16\x22\
>\x0a  <path d=\x22m2.\
68 7.676 6.49-6.\
504a4 4 0 0 1 5.\
66 5.653l-1.477 \
1.529-5.006 5.00\
6-1.523 1.472a4 \
4 0 0 1-5.653-5.\
66l.001-.002 1.5\
05-1.492.001-.00\
2Zm5.71-2.858a.5\
.5 0 1 0-.708.70\
7.5.5 0 0 0 .707\
-.707ZM6.974 6.9\
39a.5.5 0 1 0-.7\
07-.707.5.5 0 0 \
0 .707.707M5.56 \
8.354a.5.5 0 1 0\
-.707-.708.5.5 0\
 0 0 .707.708m2.\
828 2.828a.5.5 0\
 1 0-.707-.707.5\
.5 0 0 0 .707.70\
7m1.414-2.121a.5\
.5 0 1 0-.707.70\
7.5.5 0 0 0 .707\
-.707m1.414-.707\
a.5.5 0 1 0-.706\
-.708.5.5 0 0 0 \
.707.708Zm-4.242\
.707a.5.5 0 1 0-\
.707.707.5.5 0 0\
 0 .707-.707m1.4\
14-.707a.5.5 0 1\
 0-.707-.708.5.5\
 0 0 0 .707.708m\
1.414-2.122a.5.5\
 0 1 0-.707.707.\
5.5 0 0 0 .707-.\
707M8.646 3.354l\
4 4 .708-.708-4-\
4zm-1.292 9.292-\
4-4-.708.708 4 4\
z\x22/>\x0a</svg>\
\x00\x00\x00\xde\
<\
svg xmlns=\x22http:\
//www.w3.org/200\
0/svg\x22 width=\x2216\
\x22 height=\x2216\x22 fi\
ll=\x22currentColor\
\x22 class=\x22bi bi-p\
erson-fill\x22 view\
Box=\x220 0 16 16\x22>\
\x0a  <path d=\x22M3 1\
4s-1 0-1-1 1-4 6\
-4 6 3 6 4-1 1-1\
 1zm5-6a3 3 0 1 \
0 0-6 3 3 0 0 0 \
0 6\x22/>\x0a</svg>\
\x00\x00\x03\x03\
<\
svg xmlns=\x22http:\
//www.w3.org/200\
0/svg\x22 width=\x2216\
\x22 height=\x2216\x22 fi\
ll=\x22current_colo\
r\x22 class=\x22bi bi-\
journal-code\x22 vi\
ewBox=\x220 0 16 16\
\x22>\x0d\x0a  <path fill\
-rule=\x22evenodd\x22 \
d=\x22M8.646 5.646a\
.5.5 0 0 1 .708 \
0l2 2a.5.5 0 0 1\
 0 .708l-2 2a.5.\
5 0 0 1-.708-.70\
8L10.293 8 8.646\
 6.354a.5.5 0 0 \
1 0-.708m-1.292 \
0a.5.5 0 0 0-.70\
8 0l-2 2a.5.5 0 \
0 0 0 .708l2 2a.\
5.5 0 0 0 .708-.\
708L5.707 8l1.64\
7-1.646a.5.5 0 0\
 0 0-.708\x22 />\x0d\x0a \
 <path d=\x22M3 0h1\
0a2 2 0 0 1 2 2v\
12a2 2 0 0 1-2 2\
H3a2 2 0 0 1-2-2\
v-1h1v1a1 1 0 0 \
0 1 1h10a1 1 0 0\
 0 1-1V2a1 1 0 0\
 0-1-1H3a1 1 0 0\
 0-1 1v1H1V2a2 2\
 0 0 1 2-2\x22 />\x0d\x0a\
  <path d=\x22M1 5v\
-.5a.5.5 0 0 1 1\
 0V5h.5a.5.5 0 0\
 1 0 1h-2a.5.5 0\
 0 1 0-1zm0 3v-.\
5a.5.5 0 0 1 1 0\
V8h.5a.5.5 0 0 1\
 0 1h-2a.5.5 0 0\
 1 0-1zm0 3v-.5a\
.5.5 0 0 1 1 0v.\
5h.5a.5.5 0 0 1 \
0 1h-2a.5.5 0 0 \
1 0-1z\x22 />\x0d\x0a</sv\
g>\
\x00\x00\x02=\
<\
svg xmlns=\x22http:\
//www.w3.org/200\
0/svg\x22 width=\x2216\
\x22 height=\x2216\x22 fi\
ll=\x22current_colo\
r\x22 class=\x22bi bi-\
arrow-repeat\x22 vi\
ewBox=\x220 0 16 16\
\x22>\x0d\x0a  <path d=\x22M\
11.534 7h3.932a.\
25.25 0 0 1 .192\
.41l-1.966 2.36a\
.25.25 0 0 1-.38\
4 0l-1.966-2.36a\
.25.25 0 0 1 .19\
2-.41m-11 2h3.93\
2a.25.25 0 0 0 .\
192-.41L2.692 6.\
23a.25.25 0 0 0-\
.384 0L.342 8.59\
A.25.25 0 0 0 .5\
34 9\x22 />\x0d\x0a  <pat\
h fill-rule=\x22eve\
nodd\x22 d=\x22M8 3c-1\
.552 0-2.94.707-\
3.857 1.818a.5.5\
 0 1 1-.771-.636\
A6.002 6.002 0 0\
 1 13.917 7H12.9\
A5 5 0 0 0 8 3M3\
.1 9a5.002 5.002\
 0 0 0 8.757 2.1\
82.5.5 0 1 1 .77\
1.636A6.002 6.00\
2 0 0 1 2.083 9z\
\x22 />\x0d\x0a</svg>\
\x00\x00\x01\xf0\
<\
svg xmlns=\x22http:\
//www.w3.org/200\
0/svg\x22 width=\x2216\
\x22 height=\x2216\x22 fi\
ll=\x22#e0e0e0\x22 cla\
ss=\x22bi bi-cloud-\
arrow-down-fill\x22\
 viewBox=\x220 0 16\
 16\x22>\x0d\x0a  <path d\
=\x22M8 2a5.53 5.53\
 0 0 0-3.594 1.3\
42c-.766.66-1.32\
1 1.52-1.464 2.3\
83C1.266 6.095 0\
 7.555 0 9.318 0\
 11.366 1.708 13\
 3.781 13h8.906C\
14.502 13 16 11.\
57 16 9.773c0-1.\
636-1.242-2.969-\
2.834-3.194C12.9\
23 3.999 10.69 2\
 8 2m2.354 6.854\
-2 2a.5.5 0 0 1-\
.708 0l-2-2a.5.5\
 0 1 1 .708-.708\
L7.5 9.293V5.5a.\
5.5 0 0 1 1 0v3.\
793l1.146-1.147a\
.5.5 0 0 1 .708.\
708\x22 />\x0d\x0a</svg>\
\x00\x00\x01.\
<\
svg xmlns=\x22http:\
//www.w3.org/200\
0/svg\x22 width=\x2216\
\x22 height=\x2216\x22 fi\
ll=\x22current_colo\
r\x22 class=\x22bi bi-\
toggle2-off\x22 vie\
wBox=\x220 0 16 16\x22\
>\x0d\x0a  <path d=\x22M9\
 11c.628-.836 1-\
1.874 1-3a4.98 4\
.98 0 0 0-1-3h4a\
3 3 0 1 1 0 6z\x22 \
/>\x0d\x0a  <path d=\x22M\
5 12a4 4 0 1 1 0\
-8 4 4 0 0 1 0 8\
m0 1A5 5 0 1 0 5\
 3a5 5 0 0 0 0 1\
0\x22 />\x0d\x0a</svg>\
\x00\x00\x00\xca\
<\
svg xmlns=\x22http:\
//www.w3.org/200\
0/svg\x22 width=\x2216\
\x22 height=\x2216\x22 fi\
ll=\x22#e0e0e0\x22 cla\
ss=\x22bi bi-circle\
-half\x22 viewBox=\x22\
0 0 16 16\x22>\x0d\x0a  <\
path d=\x22M8 15A7 \
7 0 1 0 8 1zm0 1\
A8 8 0 1 1 8 0a8\
 8 0 0 1 0 16\x22 /\
>\x0d\x0a</svg>\
\x00\x00\x01\xaf\
<\
svg xmlns=\x22http:\
//www.w3.org/200\
0/svg\x22 width=\x2216\
\x22 height=\x2216\x22 fi\
ll=\x22currentColor\
\x22 class=\x22bi bi-p\
erson-fill-add\x22 \
viewBox=\x220 0 16 \
16\x22>\x0a  <path d=\x22\
M12.5 16a3.5 3.5\
 0 1 0 0-7 3.5 3\
.5 0 0 0 0 7m.5-\
5v1h1a.5.5 0 0 1\
 0 1h-1v1a.5.5 0\
 0 1-1 0v-1h-1a.\
5.5 0 0 1 0-1h1v\
-1a.5.5 0 0 1 1 \
0m-2-6a3 3 0 1 1\
-6 0 3 3 0 0 1 6\
 0\x22/>\x0a  <path d=\
\x22M2 13c0 1 1 1 1\
 1h5.256A4.5 4.5\
 0 0 1 8 12.5a4.\
5 4.5 0 0 1 1.54\
4-3.393Q8.844 9.\
002 8 9c-5 0-6 3\
-6 4\x22/>\x0a</svg>\
\x00\x00\x02 \
<\
svg xmlns=\x22http:\
//www.w3.org/200\
0/svg\x22 width=\x2216\
\x22 height=\x2216\x22 fi\
ll=\x22#e0e0e0\x22 cla\
ss=\x22bi bi-box-ar\
row-in-left\x22 vie\
wBox=\x220 0 16 16\x22\
>\x0d\x0a  <path fill-\
rule=\x22evenodd\x22 d\
=\x22M10 3.5a.5.5 0\
 0 0-.5-.5h-8a.5\
.5 0 0 0-.5.5v9a\
.5.5 0 0 0 .5.5h\
8a.5.5 0 0 0 .5-\
.5v-2a.5.5 0 0 1\
 1 0v2A1.5 1.5 0\
 0 1 9.5 14h-8A1\
.5 1.5 0 0 1 0 1\
2.5v-9A1.5 1.5 0\
 0 1 1.5 2h8A1.5\
 1.5 0 0 1 11 3.\
5v2a.5.5 0 0 1-1\
 0z\x22 />\x0d\x0a  <path\
 fill-rule=\x22even\
odd\x22 d=\x22M4.146 8\
.354a.5.5 0 0 1 \
0-.708l3-3a.5.5 \
0 1 1 .708.708L5\
.707 7.5H14.5a.5\
.5 0 0 1 0 1H5.7\
07l2.147 2.146a.\
5.5 0 0 1-.708.7\
08z\x22 />\x0d\x0a</svg>\
\x00\x00\x02 \
<\
svg xmlns=\x22http:\
//www.w3.org/200\
0/svg\x22 width=\x2216\
\x22 height=\x2216\x22 fi\
ll=\x22currentColor\
\x22 class=\x22bi bi-b\
ox-arrow-in-left\
\x22 viewBox=\x220 0 1\
6 16\x22>\x0a  <path f\
ill-rule=\x22evenod\
d\x22 d=\x22M10 3.5a.5\
.5 0 0 0-.5-.5h-\
8a.5.5 0 0 0-.5.\
5v9a.5.5 0 0 0 .\
5.5h8a.5.5 0 0 0\
 .5-.5v-2a.5.5 0\
 0 1 1 0v2A1.5 1\
.5 0 0 1 9.5 14h\
-8A1.5 1.5 0 0 1\
 0 12.5v-9A1.5 1\
.5 0 0 1 1.5 2h8\
A1.5 1.5 0 0 1 1\
1 3.5v2a.5.5 0 0\
 1-1 0z\x22/>\x0a  <pa\
th fill-rule=\x22ev\
enodd\x22 d=\x22M4.146\
 8.354a.5.5 0 0 \
1 0-.708l3-3a.5.\
5 0 1 1 .708.708\
L5.707 7.5H14.5a\
.5.5 0 0 1 0 1H5\
.707l2.147 2.146\
a.5.5 0 0 1-.708\
.708z\x22/>\x0a</svg>\
\x00\x00\x02Y\
<\
svg xmlns=\x22http:\
//www.w3.org/200\
0/svg\x22 width=\x2216\
\x22 height=\x2216\x22 fi\
ll=\x22current_colo\
r\x22 class=\x22bi bi-\
journal-minus\x22 v\
iewBox=\x220 0 16 1\
6\x22>\x0d\x0a  <path fil\
l-rule=\x22evenodd\x22\
 d=\x22M5.5 8a.5.5 \
0 0 1 .5-.5h4a.5\
.5 0 0 1 0 1H6a.\
5.5 0 0 1-.5-.5\x22\
 />\x0d\x0a  <path d=\x22\
M3 0h10a2 2 0 0 \
1 2 2v12a2 2 0 0\
 1-2 2H3a2 2 0 0\
 1-2-2v-1h1v1a1 \
1 0 0 0 1 1h10a1\
 1 0 0 0 1-1V2a1\
 1 0 0 0-1-1H3a1\
 1 0 0 0-1 1v1H1\
V2a2 2 0 0 1 2-2\
\x22 />\x0d\x0a  <path d=\
\x22M1 5v-.5a.5.5 0\
 0 1 1 0V5h.5a.5\
.5 0 0 1 0 1h-2a\
.5.5 0 0 1 0-1zm\
0 3v-.5a.5.5 0 0\
 1 1 0V8h.5a.5.5\
 0 0 1 0 1h-2a.5\
.5 0 0 1 0-1zm0 \
3v-.5a.5.5 0 0 1\
 1 0v.5h.5a.5.5 \
0 0 1 0 1h-2a.5.\
5 0 0 1 0-1z\x22 />\
\x0d\x0a</svg>\
\x00\x00\x01\xa6\
<\
svg xmlns=\x22http:\
//www.w3.org/200\
0/svg\x22 width=\x2216\
\x22 height=\x2216\x22 fi\
ll=\x22currentColor\
\x22 class=\x22bi bi-d\
ownload\x22 viewBox\
=\x220 0 16 16\x22>\x0a  \
<path d=\x22M.5 9.9\
a.5.5 0 0 1 .5.5\
v2.5a1 1 0 0 0 1\
 1h12a1 1 0 0 0 \
1-1v-2.5a.5.5 0 \
0 1 1 0v2.5a2 2 \
0 0 1-2 2H2a2 2 \
0 0 1-2-2v-2.5a.\
5.5 0 0 1 .5-.5\x22\
/>\x0a  <path d=\x22M7\
.646 11.854a.5.5\
 0 0 0 .708 0l3-\
3a.5.5 0 0 0-.70\
8-.708L8.5 10.29\
3V1.5a.5.5 0 0 0\
-1 0v8.793L5.354\
 8.146a.5.5 0 1 \
0-.708.708z\x22/>\x0a<\
/svg>\
\x00\x00\x01\xc5\
<\
svg xmlns=\x22http:\
//www.w3.org/200\
0/svg\x22 width=\x2216\
\x22 height=\x2216\x22 fi\
ll=\x22#e0e0e0\x22 cla\
ss=\x22bi bi-code-s\
lash\x22 viewBox=\x220\
 0 16 16\x22>\x0d\x0a  <p\
ath d=\x22M10.478 1\
.647a.5.5 0 1 0-\
.956-.294l-4 13a\
.5.5 0 0 0 .956.\
294zM4.854 4.146\
a.5.5 0 0 1 0 .7\
08L1.707 8l3.147\
 3.146a.5.5 0 0 \
1-.708.708l-3.5-\
3.5a.5.5 0 0 1 0\
-.708l3.5-3.5a.5\
.5 0 0 1 .708 0m\
6.292 0a.5.5 0 0\
 0 0 .708L14.293\
 8l-3.147 3.146a\
.5.5 0 0 0 .708.\
708l3.5-3.5a.5.5\
 0 0 0 0-.708l-3\
.5-3.5a.5.5 0 0 \
0-.708 0\x22 />\x0d\x0a</\
svg>\
\x00\x00\x01Z\
<\
svg xmlns=\x22http:\
//www.w3.org/200\
0/svg\x22 width=\x2216\
\x22 height=\x2216\x22 fi\
ll=\x22#e0e0e0\x22 cla\
ss=\x22bi bi-fonts\x22\
 viewBox=\x220 0 16\
 16\x22>\x0d\x0a  <path d\
=\x22M12.258 3h-8.5\
1l-.083 2.46h.47\
9c.26-1.544.758-\
1.783 2.693-1.84\
5l.424-.013v7.82\
7c0 .663-.144.82\
-1.3.923v.52h4.0\
82v-.52c-1.162-.\
103-1.306-.26-1.\
306-.923V3.602l.\
431.013c1.934.06\
2 2.434.301 2.69\
3 1.846h.479z\x22 /\
>\x0d\x0a</svg>\
\x00\x00\x04\xed\
\x00\
\x003wx\xda\xd5\x9b_\x8f\xa36\x10\xc0\xdf\xf7S\
P\xfar'\x15\x82m\xfe\xa6IN\xea\x9d*\xddK\
\x9f\xae\xcf\x15\xc1Nb-\xc1\xc8&\xc9\xe6\xaa~\xf7\
\x1a\x16\x92\x90\xdb=\xc5\x84\xe0$h\xa50c\xeca\
f\xfc\x1b\xe3\xb0\x93O/\xeb\xd4\xd8\x12.(\xcb\xa6\
&\xb0\x1d\xd3 Y\xc20\xcd\x96S\xf3\xefo\x7fZ\
\xa1i\x88\x22\xcep\x9c\xb2\x8cL\xcd\x8c\x99\x9ffO\
\x93_,\xcb\xf8\xccI\x5c\x10l\xech\xb12\xbef\
\xcf\x22\x89sb|X\x15E>\x1e\x8dv\xbb\x9dM\
k\xa1\xcd\xf8r\xf4\xd1\xb0\xac\xd9\xd3\xd3Dl\x97O\
\x86!\xaf\xc2\xc5jjz\x00\x9a\xe5\xe9\x8a\xd0\xe5\xaa\
8\x9eo)\xd9\xfd\xc1^\xa6\xa6c8\x06@\x9e\xed\
\xfa\xbe\xef\x1d\xbf\xbd6:\xda\x0d*\x01\xc5SS\xf6\
_\x9f\xd4\xa3\x8fO\x9a\xb962>8\x18x\x8b\xc0\
\xfb\xcd\x80\x0e\xf4,\x00-\xe8}\xac\xae\x10\xf2\xbes\
\xf97\xc6,\xc9\xe2\xb5\xbc\xdd\x94\xc5\xd8\x96=Vj\
\xe9\xaa\xb1\xc8\xe3D\xcasN\x04\xe1[\xd2\xc831\
n\x86\x9b\x9a\xefy\xa0\xec\xb2\xba^\x8c\x1a\xf9\xc9\xf5\
\xcd\xe0\x87\xeb\x1b\x81-\xd8\x86'd!\xbb vF\
\x8a\xd1\x97o_\x0eJ\xcb\xb1q\x81\x8f\xdd\xb4F\xdf\
\xa1j\x5c\xe88\xce\xe8\xe4&\xca\xc1\xb6\xcb\x9f\xb6\x9c\
\x95M'\x07\x7f\x94\x96\xe32$\x8d\x93\x0f\x823W\
\x8b\x15\xdb\xe5\xf1\x92\x88U\x8c\xd9nj\xc2\xb6\xbaT\
1\xe9\x01Z\xecede\xb2\xfd\xa0MV$y&\
|\xceb.\x879k\x80\x89xNX\xca\xf8\xd4\xfc\
\x15\x85\xe5q\xa6g\xc9fM\xb2\xc2\xdad\xb4\x90\xae\
\xc8_\xda\xfa\xef\x8c\xad\xa5M\xb6\x13D\xd0s\xce.\
Nd\xb2A\xe4\xd8(\x00\xae{\xa6\x92\xd6\xc2\x00\xd8\
\x01\x82n\xd4V\xedh&o\xd4\xaa\xb3\x19z\xbe\xf3\
\xa6\xbeIo\x80\xfc\xb7;\x90\x83[\xe1\x9b\x9a\xfd\xbb\
\x9au\xfcB\xd7\xf4;\x91\x8e:\x0bC\xb2\xe1\xbc\xf4\
C\x1a\xef\x89t\xd6\x82\xcbp\x05U\x93\xca\xc7\xb5\x0b\
\x17\xd5\xa7\x12\xcf\x19\xc7\x847\x0a\xa7\xfa\x9c(Nb\
\x06=\xd3\x18\xcd&\x98,D\x93\x0c\xe5wPI\x97\
-+\xd2xN\xd2\x1f\x82\xb8\xe4l\x93\xaf\x19.g\
Wi\xdea\xe2VV\xbe6\x16\xc5>\x95zLE\
.\xdb\xc8\xa9\x95\xd2\x8c\x98\xb3I\x9c\xd1\xb5d\x8e\x11\
\x17\x05\xa7\xf3MA\xfe\xaaf\xe9\x96\x0a:\xa7\xa9\xb4\
\xd04\xe6dI\xe5Tw\x84i\xe0\x0d/-\x06\xd0\
\x93'\x0b^\xc6\xbej\x99\x12\xd3(\x98\xcc\x7f\x8a1\
\xc9L\x83\x93\x5c\x92\xec3\xdbd2B\xd2\xb5dA\
e\xfe\x90\xea\x8e8I\x8a\xd2\xa2\x83M\x0b\x9a\xa6\xe3\
\x7fs.\x0d\xe1\xfb\x7fp\xcc\x9f\xff\xfb]\x14\x9c=\
\x93\xd7$\x18\xcb\x01\x83\x10\x82\xd7\x88\xbc\xdeY\xd9\x09\
\xac\xcf\x9bL\x81v\xe8\x82(\xaa\xa5M~\x9c\x89e\
V\x00\xc7\xf6B\x84\x90[\x8b\xf6\x95\xc8\x87!\xf2\xd0\
\xcf,\x14\x1b\xbe\x90\xa8\xb9\xd0\xb8:\xc3\xd4\xcd\xf3|\
\x1b\x01\x88`xc\xf3,\xd0\xd9\x7fr\xbe\xbb\x00A\
E\x03\xeb\x08_j\xe0\xb5\xe1\xf5\x8e\xe6\x1d]\xda\xab\
\xff,\xbf?\x0f^db3G\xd2\xb2\xe3\x8b\xfdx\
\xb5'\xfd\xd3@\x03;\x8a|\x04.6\x93\x88\xe2r\
\x97\x06\x9dm}s\xd6(\xd8\xda%\xfa\xfd\xce\xa0S\
cG\xcbw\xc8\x0f\xdal\x07}\xb1\xbdF\xfa\xed\xf9\
~\xb1\x83\x87\xa6{\x87\xfa#\xb3\xc0\xbd{\xc8[\x9e\
\x1e\xcc\xabB\xca{\x00\xdc[ \xd0I|\x05\x94\x96\
\x07\xd0\x84}e\xcf\x06W\x18\xdb\x95\xfb\xdd\xc2\xdf\xef\
d\xba\x88\xf8\xb0M|\xd8\x1b\xf1\x07\x02\xbe\x1a\x07\x5c\
=\xd4\xbf<\x0d\xe0\xc0\xc0\xefV\x96\x80\x85tR_\
\x0dT\xf0!\xc8\xafk\xad\xafhmy\x84\x03\x83\xbf\
\x13\xf0\xbd\xc7\x00~08\xf0Q\x1b\xf8\xa87\xe0\xa3\
`H\xe2\xab0 \xd0\xb4\xd6W*M\xa1\x15\xe9a\
\xbf\xd2b\xdf\xd5\xc4}eL\xa1\x81\xa9\xdf\xb5\x90J\
\x08\xc0\x81\xd1\xdf\x01\xf9\xe8\x11\x90\x8f\x1e\x03\xf9\xee\xe0\
\xc8w\xdb\xc8w{C\xfe@\xc0Wt\xb4\x0bu\xf2\
^mCR\xd3r_\xb12\xf5\xbcN\xe9\x7f#\x0a\
v.\x9eW\xf2^m\xf2\xa3\xfb'=\x88\x1e\x01\xf5\
\xa1\xa6m\xfc\x0e\xd5\xbd\xcf_q.\xe4\xbd\xd7\xe6\xbd\
\xd7\x1b\xef\xfd[o\xea(&\x83\xa3\x09\xf4\xca9\x0b\
]\x9d\xa0W*I\xe0\x8a\xe7\xfb\x81X\xefkZ\xdb\
+WM\xbf\xcf\x0d\xdd[\x11\xdf\xd1\xb4\x8f\xaf\xc6\xd2\
\xe0\x8a\x1a\x7f%\xf5U\x81\xef\x0c\x0e|\xbf\x0d|\xbf\
7\xe0\x07\xf7\xc5\xfb0\xba\xf3wr\xfa}\x06\xbde\
E\xea\xf99\xf4\x16\x98wub^\xb1f\xfa\xda^\
\xd6Q\xc1h\x85{_\x0f\xef\xd5P\xefkZ\xe0w\
(\xf1@\xc3{:A\x1b\xf8\xc1O\x81\xdf\xcf|D\
\xf7\x8e\xde\xe0\xfe\xdf\x88\xbc\xe6\xb5\xa3\xeb\xf6\xcf\xd5(\
\x11\x01M\xe8\xed\xb4\xa5\x8a<=\xe8U\xa1n\xa4\xf3\
\x1dI\xc5\xbd\x15W'{\x95\xeb\xae\x5co\xdf\xf4G\
\xd4\xf2\xbf+fO\xff\x037\xb3\xa4x\
"

qt_resource_name = b"\
\x00\x09\
\x008\x80\xfe\
\x00a\
\x00n\x00i\x00m\x00a\x00t\x00i\x00o\x00n\
\x00\x04\
\x00\x06\xfa^\
\x00i\
\x00c\x00o\x00n\
\x00\x07\
\x07\x95\xd0\xc5\
\x00p\
\x00r\x00o\x00f\x00i\x00l\x00e\
\x00\x09\
\x08\xa6\x8aG\
\x00g\
\x00r\x00a\x00s\x00s\x00.\x00p\x00n\x00g\
\x00\x0a\
\x0aq\xbag\
\x00p\
\x00o\x00r\x00t\x00a\x00l\x00.\x00p\x00n\x00g\
\x00\x0c\
\x02\x8b\x08\xc7\
\x00o\
\x00p\x00t\x00i\x00f\x00i\x00n\x00e\x00.\x00p\x00n\x00g\
\x00\x0a\
\x0a+f\xa7\
\x00b\
\x00r\x00i\x00c\x00k\x00s\x00.\x00p\x00n\x00g\
\x00\x0b\
\x07O\xc5\xc7\
\x00f\
\x00u\x00r\x00n\x00a\x00c\x00e\x00.\x00p\x00n\x00g\
\x00\x0b\
\x05O g\
\x00b\
\x00e\x00d\x00r\x00o\x00c\x00k\x00.\x00p\x00n\x00g\
\x00\x10\
\x03\xb5\xfeg\
\x00c\
\x00r\x00e\x00e\x00p\x00e\x00r\x00_\x00h\x00e\x00a\x00d\x00.\x00p\x00n\x00g\
\x00\x0a\
\x08\xfb\xd8g\
\x00f\
\x00a\x00b\x00r\x00i\x00c\x00.\x00p\x00n\x00g\
\x00\x08\
\x00\x97Z'\
\x00d\
\x00i\x00r\x00t\x00.\x00p\x00n\x00g\
\x00\x0b\
\x0c\xe2.G\
\x00d\
\x00e\x00f\x00a\x00u\x00l\x00t\x00.\x00p\x00n\x00g\
\x00\x0d\
\x0a\xe5\x05'\
\x00b\
\x00o\x00o\x00k\x00s\x00h\x00e\x00l\x00f\x00.\x00p\x00n\x00g\
\x00\x06\
\x07\xb09\x5c\
\x00s\
\x00y\x00m\x00b\x00o\x00l\
\x00\x10\
\x0cj\x9c\xa7\
\x00b\
\x00a\x00n\x00d\x00a\x00i\x00d\x00-\x00d\x00a\x00r\x00k\x00.\x00s\x00v\x00g\
\x00\x14\
\x0fpD\x07\
\x00e\
\x00m\x00o\x00j\x00i\x00-\x00f\x00r\x00o\x00w\x00n\x00-\x00f\x00i\x00l\x00l\x00.\
\x00s\x00v\x00g\
\x00\x10\
\x01Y\xe9\x07\
\x00j\
\x00o\x00u\x00r\x00n\x00a\x00l\x00-\x00p\x00l\x00u\x00s\x00.\x00s\x00v\x00g\
\x00\x12\
\x0b4S\x07\
\x00t\
\x00r\x00a\x00s\x00h\x00-\x00d\x00i\x00s\x00a\x00b\x00l\x00e\x00d\x00.\x00s\x00v\
\x00g\
\x00\x10\
\x07\xb9\x9f\xe7\
\x00v\
\x00i\x00s\x00i\x00b\x00l\x00e\x00-\x00d\x00a\x00r\x00k\x00.\x00s\x00v\x00g\
\x00\x11\
\x01\x94t\xc7\
\x00b\
\x00u\x00l\x00b\x00-\x00o\x00f\x00f\x00-\x00d\x00a\x00r\x00k\x00.\x00s\x00v\x00g\
\
\x00\x13\
\x0d\x873g\
\x00v\
\x00o\x00l\x00u\x00m\x00e\x00-\x001\x000\x000\x00-\x00d\x00a\x00r\x00k\x00.\x00s\
\x00v\x00g\
\x00\x0e\
\x09\xa1#g\
\x00t\
\x00r\x00a\x00s\x00h\x00-\x00d\x00a\x00r\x00k\x00.\x00s\x00v\x00g\
\x00\x11\
\x07z\xc0\xe7\
\x00a\
\x00l\x00t\x00-\x00t\x00o\x00g\x00g\x00l\x00e\x00-\x00o\x00n\x00.\x00s\x00v\x00g\
\
\x00\x0f\
\x0f\x9f7\xa7\
\x00s\
\x00q\x00u\x00a\x00r\x00e\x00-\x00d\x00a\x00r\x00k\x00.\x00s\x00v\x00g\
\x00\x0d\
\x07\x1a\x9f\xa7\
\x00t\
\x00o\x00g\x00g\x00l\x00e\x00-\x00o\x00n\x00.\x00s\x00v\x00g\
\x00\x0f\
\x06\x9fG\xa7\
\x00f\
\x00o\x00l\x00d\x00e\x00r\x00-\x00p\x00l\x00u\x00s\x00.\x00s\x00v\x00g\
\x00\x14\
\x07\xa3\xc8g\
\x00c\
\x00i\x00r\x00c\x00l\x00e\x00-\x00h\x00a\x00l\x00f\x00-\x00d\x00a\x00r\x00k\x00.\
\x00s\x00v\x00g\
\x00\x11\
\x0c\xfao\x07\
\x00j\
\x00o\x00u\x00r\x00n\x00a\x00l\x00-\x00m\x00i\x00n\x00u\x00s\x00.\x00s\x00v\x00g\
\
\x00\x14\
\x0ea\xbe'\
\x00f\
\x00o\x00l\x00d\x00e\x00r\x00-\x00p\x00l\x00u\x00s\x00-\x00d\x00a\x00r\x00k\x00.\
\x00s\x00v\x00g\
\x00\x19\
\x05d^G\
\x00e\
\x00m\x00o\x00j\x00i\x00-\x00f\x00r\x00o\x00w\x00n\x00-\x00f\x00i\x00l\x00l\x00-\
\x00d\x00a\x00r\x00k\x00.\x00s\x00v\x00g\
\x00\x0e\
\x07\x881\xe7\
\x00f\
\x00i\x00l\x00e\x00-\x00i\x00m\x00a\x00g\x00e\x00.\x00s\x00v\x00g\
\x00\x08\
\x0b\x07W\xa7\
\x00e\
\x00d\x00i\x00t\x00.\x00s\x00v\x00g\
\x00!\
\x02\x15\xdc'\
\x00c\
\x00i\x00r\x00c\x00l\x00e\x00-\x00c\x00o\x00u\x00n\x00t\x00e\x00r\x00-\x00c\x00l\
\x00o\x00c\x00k\x00w\x00i\x00s\x00e\x00-\x00d\x00a\x00r\x00k\x00.\x00s\x00v\x00g\
\
\x00\x14\
\x04\x9f\xb1\xc7\
\x00j\
\x00o\x00u\x00r\x00n\x00a\x00l\x00-\x00b\x00o\x00o\x00k\x00m\x00a\x00r\x00k\x00.\
\x00s\x00v\x00g\
\x00\x10\
\x0e\x0fq\xa7\
\x00f\
\x00o\x00l\x00d\x00e\x00r\x00-\x00c\x00h\x00e\x00c\x00k\x00.\x00s\x00v\x00g\
\x00\x08\
\x04\xd2T\xc7\
\x00i\
\x00n\x00f\x00o\x00.\x00s\x00v\x00g\
\x00\x0f\
\x0c\x06\xcc\xe7\
\x00p\
\x00r\x00o\x00f\x00i\x00l\x00e\x00-\x00a\x00d\x00d\x00.\x00s\x00v\x00g\
\x00\x11\
\x01\xd1/\xc7\
\x00j\
\x00o\x00u\x00r\x00n\x00a\x00l\x00s\x00-\x00d\x00a\x00r\x00k\x00.\x00s\x00v\x00g\
\
\x00\x15\
\x02\x88\xb6g\
\x00f\
\x00o\x00l\x00d\x00e\x00r\x00-\x00m\x00i\x00n\x00u\x00s\x00-\x00d\x00a\x00r\x00k\
\x00.\x00s\x00v\x00g\
\x00\x0f\
\x00W>\x87\
\x00r\
\x00e\x00m\x00o\x00v\x00e\x00-\x00d\x00a\x00r\x00k\x00.\x00s\x00v\x00g\
\x00\x0a\
\x08\x8b\x0b\xa7\
\x00s\
\x00q\x00u\x00a\x00r\x00e\x00.\x00s\x00v\x00g\
\x00\x0d\
\x0b\x97\x5cg\
\x00s\
\x00a\x00v\x00e\x00-\x00d\x00a\x00r\x00k\x00.\x00s\x00v\x00g\
\x00\x12\
\x09\x12\xa7\xe7\
\x00c\
\x00l\x00i\x00p\x00b\x00o\x00a\x00r\x00d\x00-\x00d\x00a\x00r\x00k\x00.\x00s\x00v\
\x00g\
\x00\x0e\
\x04L\x83G\
\x00t\
\x00o\x00o\x00l\x00s\x00-\x00d\x00a\x00r\x00k\x00.\x00s\x00v\x00g\
\x00\x10\
\x0a!\xe6\xa7\
\x00j\
\x00o\x00u\x00r\x00n\x00a\x00l\x00-\x00d\x00a\x00r\x00k\x00.\x00s\x00v\x00g\
\x00\x10\
\x0c\xcb\x9cg\
\x00b\
\x00a\x00n\x00d\x00a\x00i\x00d\x00-\x00f\x00i\x00l\x00l\x00.\x00s\x00v\x00g\
\x00\x0d\
\x0e\x87\x9cG\
\x00l\
\x00i\x00n\x00k\x00-\x00d\x00a\x00r\x00k\x00.\x00s\x00v\x00g\
\x00\x08\
\x06|W\x87\
\x00c\
\x00o\x00p\x00y\x00.\x00s\x00v\x00g\
\x00\x0f\
\x08\xf1;\x87\
\x00i\
\x00n\x00f\x00o\x00-\x00f\x00i\x00l\x00l\x00e\x00d\x00.\x00s\x00v\x00g\
\x00\x15\
\x04\xa9k\xe7\
\x00j\
\x00o\x00u\x00r\x00n\x00a\x00l\x00-\x00p\x00l\x00u\x00s\x00-\x00d\x00a\x00r\x00k\
\x00.\x00s\x00v\x00g\
\x00\x0b\
\x00\xcbqg\
\x00p\
\x00r\x00o\x00f\x00i\x00l\x00e\x00.\x00s\x00v\x00g\
\x00\x10\
\x02\x9c\xff\xc7\
\x00w\
\x00a\x00r\x00n\x00i\x00n\x00g\x00-\x00d\x00a\x00r\x00k\x00.\x00s\x00v\x00g\
\x00\x15\
\x0eb\xbe\x07\
\x00c\
\x00l\x00i\x00p\x00b\x00o\x00a\x00r\x00d\x00-\x00c\x00h\x00e\x00c\x00k\x00e\x00d\
\x00.\x00s\x00v\x00g\
\x00\x0b\
\x00\xb5Hg\
\x00w\
\x00a\x00r\x00n\x00i\x00n\x00g\x00.\x00s\x00v\x00g\
\x00\x0e\
\x0eyA\x87\
\x00i\
\x00m\x00a\x00g\x00e\x00-\x00d\x00a\x00r\x00k\x00.\x00s\x00v\x00g\
\x00\x13\
\x0a\x7fP\xe7\
\x00f\
\x00i\x00l\x00e\x00-\x00i\x00m\x00a\x00g\x00e\x00-\x00d\x00a\x00r\x00k\x00.\x00s\
\x00v\x00g\
\x00\x14\
\x0b\xd5D\xc7\
\x00e\
\x00m\x00o\x00j\x00i\x00-\x00f\x00r\x00o\x00w\x00n\x00-\x00d\x00a\x00r\x00k\x00.\
\x00s\x00v\x00g\
\x00\x10\
\x0c\x9a\x1f'\
\x00m\
\x00i\x00s\x00s\x00i\x00n\x00g\x00-\x00d\x00a\x00r\x00k\x00.\x00s\x00v\x00g\
\x00\x16\
\x00\x5cS\xc7\
\x00j\
\x00o\x00u\x00r\x00n\x00a\x00l\x00-\x00b\x00o\x00o\x00k\x00m\x00a\x00r\x00k\x00e\
\x00d\x00.\x00s\x00v\x00g\
\x00\x0b\
\x07&S\x87\
\x00b\
\x00a\x00n\x00d\x00a\x00i\x00d\x00.\x00s\x00v\x00g\
\x00\x08\
\x00(Wg\
\x00f\
\x00i\x00l\x00e\x00.\x00s\x00v\x00g\
\x00\x14\
\x0f\x90\xd2\xc7\
\x00d\
\x00r\x00o\x00p\x00d\x00o\x00w\x00n\x00-\x00u\x00p\x00-\x00d\x00a\x00r\x00k\x00.\
\x00s\x00v\x00g\
\x00\x16\
\x0ae\x0e\xc7\
\x00a\
\x00l\x00t\x00-\x00t\x00o\x00g\x00g\x00l\x00e\x00-\x00o\x00n\x00-\x00d\x00a\x00r\
\x00k\x00.\x00s\x00v\x00g\
\x00\x1c\
\x04\xfcWg\
\x00c\
\x00i\x00r\x00c\x00l\x00e\x00-\x00c\x00o\x00u\x00n\x00t\x00e\x00r\x00-\x00c\x00l\
\x00o\x00c\x00k\x00w\x00i\x00s\x00e\x00.\x00s\x00v\x00g\
\x00\x09\
\x066\xac\x07\
\x00t\
\x00o\x00o\x00l\x00s\x00.\x00s\x00v\x00g\
\x00\x15\
\x0fO\xb8\xe7\
\x00f\
\x00o\x00l\x00d\x00e\x00r\x00-\x00c\x00h\x00e\x00c\x00k\x00-\x00d\x00a\x00r\x00k\
\x00.\x00s\x00v\x00g\
\x00\x0c\
\x0b\xdf,\xc7\
\x00s\
\x00e\x00t\x00t\x00i\x00n\x00g\x00s\x00.\x00s\x00v\x00g\
\x00\x15\
\x06\xf20\xe7\
\x00n\
\x00o\x00t\x00i\x00f\x00i\x00c\x00a\x00t\x00i\x00o\x00n\x00-\x00d\x00a\x00r\x00k\
\x00.\x00s\x00v\x00g\
\x00\x0d\
\x08\x18\x1cG\
\x00i\
\x00n\x00f\x00o\x00-\x00d\x00a\x00r\x00k\x00.\x00s\x00v\x00g\
\x00\x0d\
\x0f\xee\xbc'\
\x00e\
\x00d\x00i\x00t\x00-\x00d\x00a\x00r\x00k\x00.\x00s\x00v\x00g\
\x00\x0a\
\x09\xb2jG\
\x00c\
\x00a\x00n\x00c\x00e\x00l\x00.\x00s\x00v\x00g\
\x00\x14\
\x0c\xd8O\x87\
\x00i\
\x00n\x00f\x00o\x00-\x00s\x00q\x00u\x00a\x00r\x00e\x00-\x00d\x00a\x00r\x00k\x00.\
\x00s\x00v\x00g\
\x00\x0d\
\x0c\xe7\x89\xc7\
\x00c\
\x00l\x00i\x00p\x00b\x00o\x00a\x00r\x00d\x00.\x00s\x00v\x00g\
\x00\x12\
\x08\xca\x18'\
\x00m\
\x00i\x00c\x00r\x00o\x00s\x00o\x00f\x00t\x00-\x00d\x00a\x00r\x00k\x00.\x00s\x00v\
\x00g\
\x00\x14\
\x04\xa3\x08g\
\x00c\
\x00i\x00r\x00c\x00l\x00e\x00-\x00f\x00i\x00l\x00l\x00-\x00d\x00a\x00r\x00k\x00.\
\x00s\x00v\x00g\
\x00\x0f\
\x0a\xf8\x90\xe7\
\x00e\
\x00m\x00o\x00j\x00i\x00-\x00f\x00r\x00o\x00w\x00n\x00.\x00s\x00v\x00g\
\x00\x0d\
\x02H\xbc'\
\x00f\
\x00o\x00n\x00t\x00-\x00d\x00a\x00r\x00k\x00.\x00s\x00v\x00g\
\x00\x0c\
\x05\x02=G\
\x00b\
\x00o\x00x\x00-\x00f\x00i\x00l\x00l\x00.\x00s\x00v\x00g\
\x00\x17\
\x01\xa0\xb1g\
\x00c\
\x00l\x00o\x00u\x00d\x00-\x00d\x00o\x00w\x00n\x00l\x00o\x00a\x00d\x00-\x00d\x00a\
\x00r\x00k\x00.\x00s\x00v\x00g\
\x00\x15\
\x0d\xf9wg\
\x00c\
\x00u\x00p\x00-\x00h\x00o\x00t\x00-\x00f\x00i\x00l\x00l\x00-\x00d\x00a\x00r\x00k\
\x00.\x00s\x00v\x00g\
\x00\x0d\
\x0b\x0a\xfc'\
\x00b\
\x00u\x00l\x00b\x00-\x00d\x00a\x00r\x00k\x00.\x00s\x00v\x00g\
\x00\x19\
\x08!\xa0\xe7\
\x00j\
\x00o\x00u\x00r\x00n\x00a\x00l\x00-\x00b\x00o\x00o\x00k\x00m\x00a\x00r\x00k\x00-\
\x00d\x00a\x00r\x00k\x00.\x00s\x00v\x00g\
\x00\x0c\
\x0a\x07\x0a\xa7\
\x00f\
\x00i\x00l\x00e\x00-\x00a\x00d\x00d\x00.\x00s\x00v\x00g\
\x00\x12\
\x0f\xc6\xcdg\
\x00v\
\x00o\x00l\x00u\x00m\x00e\x00-\x005\x000\x00-\x00d\x00a\x00r\x00k\x00.\x00s\x00v\
\x00g\
\x00\x11\
\x09\xf9\xb3G\
\x00s\
\x00e\x00t\x00t\x00i\x00n\x00g\x00s\x00-\x00d\x00a\x00r\x00k\x00.\x00s\x00v\x00g\
\
\x00\x14\
\x06\xd7\xaag\
\x00c\
\x00i\x00r\x00c\x00l\x00e\x00-\x00c\x00l\x00o\x00c\x00k\x00w\x00i\x00s\x00e\x00.\
\x00s\x00v\x00g\
\x00\x07\
\x07\xa7Z\x07\
\x00a\
\x00d\x00d\x00.\x00s\x00v\x00g\
\x00\x07\
\x09kZ\x07\
\x00b\
\x00o\x00x\x00.\x00s\x00v\x00g\
\x00\x13\
\x04\xf7,G\
\x00c\
\x00o\x00d\x00e\x00-\x00s\x00l\x00a\x00s\x00h\x00-\x00d\x00a\x00r\x00k\x00.\x00s\
\x00v\x00g\
\x00\x11\
\x03\x1a7\x87\
\x00f\
\x00i\x00l\x00e\x00-\x00z\x00i\x00p\x00-\x00d\x00a\x00r\x00k\x00.\x00s\x00v\x00g\
\
\x00\x11\
\x0f\xce\xb7\x87\
\x00f\
\x00i\x00l\x00e\x00-\x00a\x00d\x00d\x00-\x00d\x00a\x00r\x00k\x00.\x00s\x00v\x00g\
\
\x00\x08\
\x00NT\xa7\
\x00l\
\x00i\x00n\x00k\x00.\x00s\x00v\x00g\
\x00\x09\
\x07\xd8\xba\xa7\
\x00i\
\x00m\x00a\x00g\x00e\x00.\x00s\x00v\x00g\
\x00\x0b\
\x09\xdeI'\
\x00v\
\x00i\x00s\x00i\x00b\x00l\x00e\x00.\x00s\x00v\x00g\
\x00\x0a\
\x0a-\x1b\xc7\
\x00c\
\x00i\x00r\x00c\x00l\x00e\x00.\x00s\x00v\x00g\
\x00\x0f\
\x0f\x0d(\x07\
\x00v\
\x00o\x00l\x00u\x00m\x00e\x00-\x00d\x00a\x00r\x00k\x00.\x00s\x00v\x00g\
\x00\x10\
\x0b\xd9\x0d\x87\
\x00c\
\x00u\x00p\x00-\x00h\x00o\x00t\x00-\x00f\x00i\x00l\x00l\x00.\x00s\x00v\x00g\
\x00\x0c\
\x05\xa3=\x87\
\x00b\
\x00o\x00x\x00-\x00d\x00a\x00r\x00k\x00.\x00s\x00v\x00g\
\x00\x0c\
\x08\x1a\x90\xa7\
\x00d\
\x00o\x00w\x00n\x00l\x00o\x00a\x00d\x00.\x00s\x00v\x00g\
\x00\x0d\
\x0aD\xdd\xa7\
\x00v\
\x00o\x00l\x00u\x00m\x00e\x00-\x005\x000\x00.\x00s\x00v\x00g\
\x00\x1c\
\x03\x8c5\x07\
\x00n\
\x00o\x00t\x00i\x00f\x00i\x00c\x00a\x00t\x00i\x00o\x00n\x00-\x00s\x00i\x00l\x00e\
\x00n\x00t\x00-\x00d\x00a\x00r\x00k\x00.\x00s\x00v\x00g\
\x00\x0a\
\x06\xcbBG\
\x00r\
\x00e\x00m\x00o\x00v\x00e\x00.\x00s\x00v\x00g\
\x00\x0d\
\x05\xcc\x5c'\
\x00f\
\x00i\x00l\x00e\x00-\x00d\x00i\x00f\x00f\x00.\x00s\x00v\x00g\
\x00\x0f\
\x077\xddG\
\x00i\
\x00m\x00a\x00g\x00e\x00s\x00-\x00d\x00a\x00r\x00k\x00.\x00s\x00v\x00g\
\x00\x08\
\x08\xc8U\xe7\
\x00s\
\x00a\x00v\x00e\x00.\x00s\x00v\x00g\
\x00\x11\
\x03\xda\xec\x87\
\x00s\
\x00q\x00u\x00a\x00r\x00e\x00-\x00f\x00i\x00l\x00l\x00e\x00d\x00.\x00s\x00v\x00g\
\
\x00\x0a\
\x09\xcbj'\
\x00b\
\x00r\x00a\x00c\x00e\x00s\x00.\x00s\x00v\x00g\
\x00\x17\
\x083\x1eg\
\x00n\
\x00o\x00t\x00i\x00f\x00i\x00c\x00a\x00t\x00i\x00o\x00n\x00-\x00s\x00i\x00l\x00e\
\x00n\x00t\x00.\x00s\x00v\x00g\
\x00\x1a\
\x05B\x01\x07\
\x00c\
\x00l\x00i\x00p\x00b\x00o\x00a\x00r\x00d\x00-\x00c\x00h\x00e\x00c\x00k\x00e\x00d\
\x00-\x00d\x00a\x00r\x00k\x00.\x00s\x00v\x00g\
\x00\x14\
\x09\xea3'\
\x00v\
\x00o\x00l\x00u\x00m\x00e\x00-\x00m\x00u\x00t\x00e\x00-\x00d\x00a\x00r\x00k\x00.\
\x00s\x00v\x00g\
\x00\x17\
\x00\xbe+\xe7\
\x00f\
\x00o\x00l\x00d\x00e\x00r\x00-\x00s\x00y\x00m\x00l\x00i\x00n\x00k\x00-\x00d\x00a\
\x00r\x00k\x00.\x00s\x00v\x00g\
\x00\x0b\
\x0cj!\xc7\
\x00r\
\x00e\x00f\x00r\x00e\x00s\x00h\x00.\x00s\x00v\x00g\
\x00\x08\
\x0c%W\xe7\
\x00b\
\x00u\x00l\x00b\x00.\x00s\x00v\x00g\
\x00\x13\
\x05D\xf7G\
\x00t\
\x00o\x00g\x00g\x00l\x00e\x00-\x00o\x00f\x00f\x00-\x00d\x00a\x00r\x00k\x00.\x00s\
\x00v\x00g\
\x00\x0e\
\x05\x9fC\xe7\
\x00s\
\x00h\x00a\x00r\x00e\x00-\x00d\x00a\x00r\x00k\x00.\x00s\x00v\x00g\
\x00\x17\
\x03{\xd1\x07\
\x00p\
\x00r\x00o\x00f\x00i\x00l\x00e\x00-\x00r\x00e\x00m\x00o\x00v\x00e\x00-\x00d\x00a\
\x00r\x00k\x00.\x00s\x00v\x00g\
\x00\x0c\
\x08\xae\xae\xa7\
\x00c\
\x00a\x00p\x00s\x00l\x00o\x00c\x00k\x00.\x00s\x00v\x00g\
\x00\x0f\
\x0d\xd7H\x07\
\x00f\
\x00o\x00l\x00d\x00e\x00r\x00-\x00d\x00a\x00r\x00k\x00.\x00s\x00v\x00g\
\x00\x0c\
\x04z\xbd\x87\
\x00a\
\x00d\x00d\x00-\x00d\x00a\x00r\x00k\x00.\x00s\x00v\x00g\
\x00\x0c\
\x0a\x1b\xc8G\
\x00j\
\x00o\x00u\x00r\x00n\x00a\x00l\x00s\x00.\x00s\x00v\x00g\
\x00\x0f\
\x09\xcb\xf5\xa7\
\x00c\
\x00i\x00r\x00c\x00l\x00e\x00-\x00d\x00a\x00r\x00k\x00.\x00s\x00v\x00g\
\x00\x19\
\x02X\xa3\x87\
\x00c\
\x00i\x00r\x00c\x00l\x00e\x00-\x00c\x00l\x00o\x00c\x00k\x00w\x00i\x00s\x00e\x00-\
\x00d\x00a\x00r\x00k\x00.\x00s\x00v\x00g\
\x00\x0a\
\x0c;\xf6\xa7\
\x00v\
\x00o\x00l\x00u\x00m\x00e\x00.\x00s\x00v\x00g\
\x00\x0f\
\x07\xb7;\x87\
\x00b\
\x00r\x00a\x00c\x00e\x00s\x00-\x00d\x00a\x00r\x00k\x00.\x00s\x00v\x00g\
\x00\x0e\
\x08K-\x87\
\x00v\
\x00o\x00l\x00u\x00m\x00e\x00-\x001\x000\x000\x00.\x00s\x00v\x00g\
\x00\x0f\
\x02\xd0\xca\x87\
\x00i\
\x00n\x00f\x00o\x00-\x00s\x00q\x00u\x00a\x00r\x00e\x00.\x00s\x00v\x00g\
\x00\x1b\
\x08\x89\xdc\xa7\
\x00j\
\x00o\x00u\x00r\x00n\x00a\x00l\x00-\x00b\x00o\x00o\x00k\x00m\x00a\x00r\x00k\x00e\
\x00d\x00-\x00d\x00a\x00r\x00k\x00.\x00s\x00v\x00g\
\x00\x12\
\x0b@\x18\xa7\
\x00j\
\x00o\x00u\x00r\x00n\x00a\x00l\x00-\x00x\x00-\x00d\x00a\x00r\x00k\x00.\x00s\x00v\
\x00g\
\x00\x11\
\x00.\x11g\
\x00b\
\x00o\x00x\x00-\x00f\x00i\x00l\x00l\x00-\x00d\x00a\x00r\x00k\x00.\x00s\x00v\x00g\
\
\x00\x14\
\x0d,\xdcG\
\x00c\
\x00h\x00e\x00c\x00k\x00b\x00o\x00x\x00-\x00c\x00h\x00e\x00c\x00k\x00e\x00d\x00.\
\x00s\x00v\x00g\
\x00\x0e\
\x0eu\x0c\x07\
\x00t\
\x00o\x00g\x00g\x00l\x00e\x00-\x00o\x00f\x00f\x00.\x00s\x00v\x00g\
\x00\x0c\
\x0c\xa3\x0ag\
\x00f\
\x00i\x00l\x00e\x00-\x00z\x00i\x00p\x00.\x00s\x00v\x00g\
\x00\x09\
\x08\x88\xa9\x07\
\x00s\
\x00h\x00a\x00r\x00e\x00.\x00s\x00v\x00g\
\x00\x12\
\x01\x83\xe9G\
\x00f\
\x00o\x00l\x00d\x00e\x00r\x00-\x00s\x00y\x00m\x00l\x00i\x00n\x00k\x00.\x00s\x00v\
\x00g\
\x00\x11\
\x0f\x9b\x83\x07\
\x00c\
\x00a\x00p\x00s\x00l\x00o\x00c\x00k\x00-\x00d\x00a\x00r\x00k\x00.\x00s\x00v\x00g\
\
\x00\x12\
\x0eq\x05'\
\x00t\
\x00o\x00g\x00g\x00l\x00e\x00-\x00o\x00n\x00-\x00d\x00a\x00r\x00k\x00.\x00s\x00v\
\x00g\
\x00\x14\
\x0d\x94q\xa7\
\x00i\
\x00n\x00f\x00o\x00-\x00f\x00i\x00l\x00l\x00e\x00d\x00-\x00d\x00a\x00r\x00k\x00.\
\x00s\x00v\x00g\
\x00\x10\
\x03\xe31'\
\x00n\
\x00o\x00t\x00i\x00f\x00i\x00c\x00a\x00t\x00i\x00o\x00n\x00.\x00s\x00v\x00g\
\x00\x19\
\x01+\xcdG\
\x00c\
\x00h\x00e\x00c\x00k\x00b\x00o\x00x\x00-\x00c\x00h\x00e\x00c\x00k\x00e\x00d\x00-\
\x00d\x00a\x00r\x00k\x00.\x00s\x00v\x00g\
\x00\x0a\
\x0d\xcc\x5c'\
\x00i\
\x00m\x00a\x00g\x00e\x00s\x00.\x00s\x00v\x00g\
\x00\x0f\
\x08\x14 \xa7\
\x00d\
\x00r\x00o\x00p\x00d\x00o\x00w\x00n\x00-\x00u\x00p\x00.\x00s\x00v\x00g\
\x00\x0f\
\x01j\xf5\x07\
\x00c\
\x00i\x00r\x00c\x00l\x00e\x00-\x00f\x00i\x00l\x00l\x00.\x00s\x00v\x00g\
\x00\x12\
\x04p\xf8'\
\x00a\
\x00l\x00t\x00-\x00t\x00o\x00g\x00g\x00l\x00e\x00-\x00o\x00f\x00f\x00.\x00s\x00v\
\x00g\
\x00\x0d\
\x02\x22w\xc7\
\x00m\
\x00i\x00c\x00r\x00o\x00s\x00o\x00f\x00t\x00.\x00s\x00v\x00g\
\x00\x0f\
\x0b#/\xc7\
\x00v\
\x00o\x00l\x00u\x00m\x00e\x00-\x00m\x00u\x00t\x00e\x00.\x00s\x00v\x00g\
\x00\x10\
\x00W\x05g\
\x00f\
\x00o\x00l\x00d\x00e\x00r\x00-\x00m\x00i\x00n\x00u\x00s\x00.\x00s\x00v\x00g\
\x00\x16\
\x0c\xf9\x0bG\
\x00s\
\x00q\x00u\x00a\x00r\x00e\x00-\x00f\x00i\x00l\x00l\x00e\x00d\x00-\x00d\x00a\x00r\
\x00k\x00.\x00s\x00v\x00g\
\x00\x0d\
\x0cE\xdc'\
\x00c\
\x00o\x00p\x00y\x00-\x00d\x00a\x00r\x00k\x00.\x00s\x00v\x00g\
\x00\x0c\
\x0b\xd3\x97\xa7\
\x00d\
\x00r\x00o\x00p\x00d\x00o\x00w\x00n\x00.\x00s\x00v\x00g\
\x00\x11\
\x0f\xf8$'\
\x00d\
\x00r\x00o\x00p\x00d\x00o\x00w\x00n\x00-\x00d\x00a\x00r\x00k\x00.\x00s\x00v\x00g\
\
\x00\x0a\
\x0a\xc8\xf6\x87\
\x00f\
\x00o\x00l\x00d\x00e\x00r\x00.\x00s\x00v\x00g\
\x00\x0d\
\x0d\x92s\xe7\
\x00j\
\x00o\x00u\x00r\x00n\x00a\x00l\x00-\x00x\x00.\x00s\x00v\x00g\
\x00\x0d\
\x02\x8b\x5c'\
\x00f\
\x00i\x00l\x00e\x00-\x00d\x00a\x00r\x00k\x00.\x00s\x00v\x00g\
\x00\x09\
\x08\x9b\xad\xc7\
\x00t\
\x00r\x00a\x00s\x00h\x00.\x00s\x00v\x00g\
\x00\x0c\
\x08\xf1\x10G\
\x00b\
\x00u\x00l\x00b\x00-\x00o\x00f\x00f\x00.\x00s\x00v\x00g\
\x00\x10\
\x077\xe6\xa7\
\x00j\
\x00o\x00u\x00r\x00n\x00a\x00l\x00-\x00c\x00o\x00d\x00e\x00.\x00s\x00v\x00g\
\x00\x12\
\x0b\xc1\x9f\xc7\
\x00i\
\x00n\x00v\x00i\x00s\x00i\x00b\x00l\x00e\x00-\x00d\x00a\x00r\x00k\x00.\x00s\x00v\
\x00g\
\x00\x0f\
\x01\xbc\x1b\x87\
\x00c\
\x00a\x00n\x00c\x00e\x00l\x00-\x00d\x00a\x00r\x00k\x00.\x00s\x00v\x00g\
\x00\x12\
\x067\xddG\
\x00f\
\x00i\x00l\x00e\x00-\x00d\x00i\x00f\x00f\x00-\x00d\x00a\x00r\x00k\x00.\x00s\x00v\
\x00g\
\x00\x17\
\x05\xec\xdc\xa7\
\x00t\
\x00r\x00a\x00s\x00h\x00-\x00d\x00i\x00s\x00a\x00b\x00l\x00e\x00d\x00-\x00d\x00a\
\x00r\x00k\x00.\x00s\x00v\x00g\
\x00\x12\
\x0f\xac>g\
\x00p\
\x00r\x00o\x00f\x00i\x00l\x00e\x00-\x00r\x00e\x00m\x00o\x00v\x00e\x00.\x00s\x00v\
\x00g\
\x00\x0b\
\x00\xa2O\x87\
\x00m\
\x00i\x00s\x00s\x00i\x00n\x00g\x00.\x00s\x00v\x00g\
\x00\x0d\
\x09\x9eH\xe7\
\x00i\
\x00n\x00v\x00i\x00s\x00i\x00b\x00l\x00e\x00.\x00s\x00v\x00g\
\x00\x0b\
\x04\x9d\x83\xe7\
\x00j\
\x00o\x00u\x00r\x00n\x00a\x00l\x00.\x00s\x00v\x00g\
\x00\x15\
\x03\x17%G\
\x00b\
\x00a\x00n\x00d\x00a\x00i\x00d\x00-\x00f\x00i\x00l\x00l\x00-\x00d\x00a\x00r\x00k\
\x00.\x00s\x00v\x00g\
\x00\x10\
\x02\x978\xe7\
\x00p\
\x00r\x00o\x00f\x00i\x00l\x00e\x00-\x00d\x00a\x00r\x00k\x00.\x00s\x00v\x00g\
\x00\x15\
\x0el\xaa\x07\
\x00j\
\x00o\x00u\x00r\x00n\x00a\x00l\x00-\x00c\x00o\x00d\x00e\x00-\x00d\x00a\x00r\x00k\
\x00.\x00s\x00v\x00g\
\x00\x10\
\x09\x03\x12\xe7\
\x00r\
\x00e\x00f\x00r\x00e\x00s\x00h\x00-\x00d\x00a\x00r\x00k\x00.\x00s\x00v\x00g\
\x00\x12\
\x08\x97=G\
\x00c\
\x00l\x00o\x00u\x00d\x00-\x00d\x00o\x00w\x00n\x00l\x00o\x00a\x00d\x00.\x00s\x00v\
\x00g\
\x00\x17\
\x06\x04I\xc7\
\x00a\
\x00l\x00t\x00-\x00t\x00o\x00g\x00g\x00l\x00e\x00-\x00o\x00f\x00f\x00-\x00d\x00a\
\x00r\x00k\x00.\x00s\x00v\x00g\
\x00\x0f\
\x09l\xf5'\
\x00c\
\x00i\x00r\x00c\x00l\x00e\x00-\x00h\x00a\x00l\x00f\x00.\x00s\x00v\x00g\
\x00\x14\
\x0b\x0e\x8fG\
\x00p\
\x00r\x00o\x00f\x00i\x00l\x00e\x00-\x00a\x00d\x00d\x00-\x00d\x00a\x00r\x00k\x00.\
\x00s\x00v\x00g\
\x00\x0a\
\x06\x99R'\
\x00i\
\x00m\x00p\x00o\x00r\x00t\x00.\x00s\x00v\x00g\
\x00\x0f\
\x06a|\x87\
\x00i\
\x00m\x00p\x00o\x00r\x00t\x00-\x00d\x00a\x00r\x00k\x00.\x00s\x00v\x00g\
\x00\x16\
\x05\x15\x1b'\
\x00j\
\x00o\x00u\x00r\x00n\x00a\x00l\x00-\x00m\x00i\x00n\x00u\x00s\x00-\x00d\x00a\x00r\
\x00k\x00.\x00s\x00v\x00g\
\x00\x11\
\x0f\x91\x04\xc7\
\x00d\
\x00o\x00w\x00n\x00l\x00o\x00a\x00d\x00-\x00d\x00a\x00r\x00k\x00.\x00s\x00v\x00g\
\
\x00\x0e\
\x03\xcb\xd4\x07\
\x00c\
\x00o\x00d\x00e\x00-\x00s\x00l\x00a\x00s\x00h\x00.\x00s\x00v\x00g\
\x00\x08\
\x06WWg\
\x00f\
\x00o\x00n\x00t\x00.\x00s\x00v\x00g\
\x00\x08\
\x05wT\xa7\
\x00l\
\x00o\x00a\x00d\x00.\x00s\x00v\x00g\
"

qt_resource_struct = b"\
\x00\x00\x00\x00\x00\x02\x00\x00\x00\x03\x00\x00\x00\x01\
\x00\x00\x00\x00\x00\x00\x00\x00\
\x00\x00\x00\x18\x00\x02\x00\x00\x00\x01\x00\x00\x00\x10\
\x00\x00\x00\x00\x00\x00\x00\x00\
\x00\x00\x00\x00\x00\x02\x00\x00\x00\x01\x00\x00\x00\x0f\
\x00\x00\x00\x00\x00\x00\x00\x00\
\x00\x00\x00&\x00\x02\x00\x00\x00\x0b\x00\x00\x00\x04\
\x00\x00\x00\x00\x00\x00\x00\x00\
\x00\x00\x01\x1c\x00\x00\x00\x00\x00\x01\x00\x00\x8d6\
\x00\x00\x01\x99\x9f\xff\x8d\x8c\
\x00\x00\x00l\x00\x00\x00\x00\x00\x01\x00\x00\x18\x18\
\x00\x00\x01\x99\x9f\xff\x8d\x90\
\x00\x00\x00\xdc\x00\x00\x00\x00\x00\x01\x00\x00p\xe4\
\x00\x00\x01\x99\x9f\xff\x8d\x8c\
\x00\x00\x00\xc0\x00\x00\x00\x00\x00\x01\x00\x00Y+\
\x00\x00\x01\x99\x9f\xff\x8d\x8c\
\x00\x00\x00\xa4\x00\x00\x00\x00\x00\x01\x00\x00D\xf0\
\x00\x00\x01\x99\x9f\xff\x8d\x90\
\x00\x00\x00:\x00\x00\x00\x00\x00\x01\x00\x00\x00\x00\
\x00\x00\x01\x99\x9f\xff\x8d\x90\
\x00\x00\x01\x02\x00\x00\x00\x00\x00\x01\x00\x00~\xc5\
\x00\x00\x01\x99\x9f\xff\x8d\x8c\
\x00\x00\x00\x8a\x00\x00\x00\x00\x00\x01\x00\x00*\xdf\
\x00\x00\x01\x99\x9f\xff\x8d\x8c\
\x00\x00\x00R\x00\x00\x00\x00\x00\x01\x00\x00\x13\xd0\
\x00\x00\x01\x99\x9f\xff\x8d\x90\
\x00\x00\x01N\x00\x00\x00\x00\x00\x01\x00\x00\xaf\xdd\
\x00\x00\x01\x99\x9f\xff\x8d\x8c\
\x00\x00\x012\x00\x00\x00\x00\x00\x01\x00\x00\xa1\x0b\
\x00\x00\x01\x9d<\xea\xe5\x0e\
\x00\x00\x19\xb4\x00\x01\x00\x00\x00\x01\x00\x01\xf6R\
\x00\x00\x01\x9di\xf0\xbc\xb6\
\x00\x00\x01n\x00\x02\x00\x00\x00\xa4\x00\x00\x00\x11\
\x00\x00\x00\x00\x00\x00\x00\x00\
\x00\x00\x08p\x00\x00\x00\x00\x00\x01\x00\x01%\x15\
\x00\x00\x01\x9dO\x06\x7f\x1c\
\x00\x00\x12`\x00\x00\x00\x00\x00\x01\x00\x01\x9f<\
\x00\x00\x01\x9d?+\xe5J\
\x00\x00\x0d\x1a\x00\x00\x00\x00\x00\x01\x00\x01\x5c\xb0\
\x00\x00\x01\x9dkh\x82-\
\x00\x00\x14\xe6\x00\x00\x00\x00\x00\x01\x00\x01\xb9n\
\x00\x00\x01\x9do\x02K\x1d\
\x00\x00\x05r\x00\x00\x00\x00\x00\x01\x00\x00\xfa&\
\x00\x00\x01\x9d?1T\xe4\
\x00\x00\x08\x22\x00\x00\x00\x00\x00\x01\x00\x01\x1e\xef\
\x00\x00\x01\x9do\x02K0\
\x00\x00\x170\x00\x00\x00\x00\x00\x01\x00\x01\xd5I\
\x00\x00\x01\x9dy\x12\xf8\x08\
\x00\x00\x07d\x00\x00\x00\x00\x00\x01\x00\x01\x15M\
\x00\x00\x01\x9dO\x06\x7f!\
\x00\x00\x0f\xb4\x00\x00\x00\x00\x00\x01\x00\x01|\xdc\
\x00\x00\x01\x9do\x02K*\
\x00\x00\x06\xf2\x00\x00\x00\x00\x00\x01\x00\x01\x10\xe4\
\x00\x00\x01\x9dO\x06\x7f\x1f\
\x00\x00\x13\xde\x00\x00\x00\x00\x00\x01\x00\x01\xb00\
\x00\x00\x01\x9d?.\x08\xb5\
\x00\x00\x01\xd4\x00\x00\x00\x00\x00\x01\x00\x00\xcd\xdc\
\x00\x00\x01\x9do\x02K3\
\x00\x00\x14T\x00\x00\x00\x00\x00\x01\x00\x01\xb4\xbf\
\x00\x00\x01\x9dO\x06\x7f\x16\
\x00\x00\x13\x0e\x00\x00\x00\x00\x00\x01\x00\x01\xa86\
\x00\x00\x01\x9do\x02K*\
\x00\x00\x02J\x00\x00\x00\x00\x00\x01\x00\x00\xd3\xb5\
\x00\x00\x01\x9dkh\x81\xcd\
\x00\x00\x0b\x1c\x00\x00\x00\x00\x00\x01\x00\x01C\xe8\
\x00\x00\x01\x9d?/\xb9_\
\x00\x00\x16\x84\x00\x00\x00\x00\x00\x01\x00\x01\xcf\x1a\
\x00\x00\x01\x9d?10\xe9\
\x00\x00\x05\x1a\x00\x00\x00\x00\x00\x01\x00\x00\xf5\x95\
\x00\x00\x01\x9do\x02K4\
\x00\x00\x04D\x00\x00\x00\x00\x00\x01\x00\x00\xeb\x96\
\x00\x00\x01\x9dkh\x81\xda\
\x00\x00\x14\xa2\x00\x00\x00\x00\x00\x01\x00\x01\xb6\x95\
\x00\x00\x01\x9dO\x06\x7f\x1e\
\x00\x00\x0a\xde\x00\x00\x00\x00\x00\x01\x00\x01@\xa2\
\x00\x00\x01\x9dkh\x82\x1e\
\x00\x00\x11>\x00\x00\x00\x00\x00\x01\x00\x01\x8f\xe3\
\x00\x00\x01\x9dkh\x81\xda\
\x00\x00\x05B\x00\x00\x00\x00\x00\x01\x00\x00\xf7\xe2\
\x00\x00\x01\x9do\x02K\x1d\
\x00\x00\x15\xde\x00\x00\x00\x00\x00\x01\x00\x01\xc5,\
\x00\x00\x01\x9d?4\xab8\
\x00\x00\x17\xb8\x00\x00\x00\x00\x00\x01\x00\x01\xdf\x0b\
\x00\x00\x01\x9d?8\xed\xdb\
\x00\x00\x07\x0e\x00\x00\x00\x00\x00\x01\x00\x01\x11\xc4\
\x00\x00\x01\x9d?3K[\
\x00\x00\x11\xd6\x00\x00\x00\x00\x00\x01\x00\x01\x982\
\x00\x00\x01\x9dkh\x82'\
\x00\x00\x17\x88\x00\x00\x00\x00\x00\x01\x00\x01\xdb\xdb\
\x00\x00\x01\x9d?*\xb8\xfe\
\x00\x00\x0c\xca\x00\x00\x00\x00\x00\x01\x00\x01X\xbc\
\x00\x00\x01\x9do\x02K\x1b\
\x00\x00\x10h\x00\x00\x00\x00\x00\x01\x00\x01\x86\xd7\
\x00\x00\x01\x9d?9\x1ac\
\x00\x00\x0e$\x00\x00\x00\x00\x00\x01\x00\x01j\xb6\
\x00\x00\x01\x9dkh\x821\
\x00\x00\x19|\x00\x00\x00\x00\x00\x01\x00\x01\xf3+\
\x00\x00\x01\x9dO\x06\x7f\x19\
\x00\x00\x0e\xd6\x00\x00\x00\x00\x00\x01\x00\x01s>\
\x00\x00\x01\x9do\xfe\xe2\xc5\
\x00\x00\x13\xb8\x00\x00\x00\x00\x00\x01\x00\x01\xaf\x07\
\x00\x00\x01\x9dkh\x822\
\x00\x00\x05\xfa\x00\x00\x00\x00\x00\x01\x00\x01\x00=\
\x00\x00\x01\x9d?:}\x98\
\x00\x00\x14x\x00\x00\x00\x00\x00\x01\x00\x01\xb5i\
\x00\x00\x01\x9dkh\x81\xb7\
\x00\x00\x10\xde\x00\x00\x00\x00\x00\x01\x00\x01\x8b\xa7\
\x00\x00\x01\x9dkh\x81\xb6\
\x00\x00\x17l\x00\x00\x00\x00\x00\x01\x00\x01\xd9\xea\
\x00\x00\x01\x9do\x02K4\
\x00\x00\x04\x8c\x00\x00\x00\x00\x00\x01\x00\x00\xed\x04\
\x00\x00\x01\x9do\x02K/\
\x00\x00\x0a\x8c\x00\x00\x00\x00\x00\x01\x00\x01=\xdf\
\x00\x00\x01\x9d?.\x86\x01\
\x00\x00\x06\xc2\x00\x00\x00\x00\x00\x01\x00\x01\x0eU\
\x00\x00\x01\x9do\x02K2\
\x00\x00\x04\xe0\x00\x00\x00\x00\x00\x01\x00\x00\xf2\x12\
\x00\x00\x01\x9dO\x06\x7f\x1e\
\x00\x00\x0c\x9e\x00\x00\x00\x00\x00\x01\x00\x01V\xf1\
\x00\x00\x01\x9d?/\xfe9\
\x00\x00\x08\xe6\x00\x00\x00\x00\x00\x01\x00\x01(c\
\x00\x00\x01\x9dkh\x81\xdb\
\x00\x00\x0a\xfe\x00\x00\x00\x00\x00\x01\x00\x01B\x06\
\x00\x00\x01\x9dO\x06\x7f\x14\
\x00\x00\x19\x22\x00\x00\x00\x00\x00\x01\x00\x01\xef$\
\x00\x00\x01\x9do\x02K2\
\x00\x00\x0fL\x00\x00\x00\x00\x00\x01\x00\x01x\xa4\
\x00\x00\x01\x9d?/I&\
\x00\x00\x10\x1a\x00\x00\x00\x00\x00\x01\x00\x01\x83\x95\
\x00\x00\x01\x9dkh\x82N\
\x00\x00\x03\xd4\x00\x00\x00\x00\x00\x01\x00\x00\xe5m\
\x00\x00\x01\x9d?2\xe2\xcb\
\x00\x00\x10F\x00\x00\x00\x00\x00\x01\x00\x01\x84\xb9\
\x00\x00\x01\x9d?+\xb4\xff\
\x00\x00\x0d\xc8\x00\x00\x00\x00\x00\x01\x00\x01e\xc8\
\x00\x00\x01\x9d?+<\x9c\
\x00\x00\x0e|\x00\x00\x00\x00\x00\x01\x00\x01mL\
\x00\x00\x01\x9dO\x06\x7f\x1c\
\x00\x00\x16\xd2\x00\x00\x00\x00\x00\x01\x00\x01\xd1\xdd\
\x00\x00\x01\x9dn\xf3\xc54\
\x00\x00\x18^\x00\x00\x00\x00\x00\x01\x00\x01\xe7)\
\x00\x00\x01\x9dkh\x81\xb7\
\x00\x00\x09$\x00\x00\x00\x00\x00\x01\x00\x01)\xcb\
\x00\x00\x01\x9dO\x06\x7f!\
\x00\x00\x16\xa8\x00\x00\x00\x00\x00\x01\x00\x01\xd0\x05\
\x00\x00\x01\x9d?4\xdf\x81\
\x00\x00\x19\x9e\x00\x00\x00\x00\x00\x01\x00\x01\xf4\xf4\
\x00\x00\x01\x9dkh\x82\x1f\
\x00\x00\x18\xfe\x00\x00\x00\x00\x00\x01\x00\x01\xed\x00\
\x00\x00\x01\x9d?+}\xd4\
\x00\x00\x06\x88\x00\x00\x00\x00\x00\x01\x00\x01\x0b\x10\
\x00\x00\x01\x9do\x02K\x18\
\x00\x00\x18\xe4\x00\x00\x00\x00\x00\x01\x00\x01\xea\xdc\
\x00\x00\x01\x9dO\x06\x7f\x1d\
\x00\x00\x03,\x00\x00\x00\x00\x00\x01\x00\x00\xdd^\
\x00\x00\x01\x9do\x02K)\
\x00\x00\x0eb\x00\x00\x00\x00\x00\x01\x00\x01l>\
\x00\x00\x01\x9dO\x06\x7f\x1f\
\x00\x00\x0cH\x00\x00\x00\x00\x00\x01\x00\x01R\xba\
\x00\x00\x01\x9dkh\x81\xda\
\x00\x00\x09\x8a\x00\x00\x00\x00\x00\x01\x00\x013\x19\
\x00\x00\x01\x9dkh\x822\
\x00\x00\x03\x0c\x00\x00\x00\x00\x00\x01\x00\x00\xdc\x82\
\x00\x00\x01\x9dkh\x82O\
\x00\x00\x08T\x00\x00\x00\x00\x00\x01\x00\x01!R\
\x00\x00\x01\x9dO\x06\x7f\x14\
\x00\x00\x0e\x9c\x00\x00\x00\x00\x00\x01\x00\x01o\x22\
\x00\x00\x01\x9do\x02K-\
\x00\x00\x164\x00\x00\x00\x00\x00\x01\x00\x01\xca\x15\
\x00\x00\x01\x9do\x02K1\
\x00\x00\x02\xc0\x00\x00\x00\x00\x00\x01\x00\x00\xdaF\
\x00\x00\x01\x9dkh\x81\xb8\
\x00\x00\x04\x0c\x00\x00\x00\x00\x00\x01\x00\x00\xe7S\
\x00\x00\x01\x9dh\x99C\x1e\
\x00\x00\x03P\x00\x00\x00\x00\x00\x01\x00\x00\xdf\xcf\
\x00\x00\x01\x9d?.=h\
\x00\x00\x0cv\x00\x00\x00\x00\x00\x01\x00\x01T\x1b\
\x00\x00\x01\x9dkh\x81\xb7\
\x00\x00\x11\x90\x00\x00\x00\x00\x00\x01\x00\x01\x92o\
\x00\x00\x01\x9d?,.\x02\
\x00\x00\x02$\x00\x00\x00\x00\x00\x01\x00\x00\xd2\x84\
\x00\x00\x01\x9dkh\x82T\
\x00\x00\x0d0\x00\x00\x00\x00\x00\x01\x00\x01^\xba\
\x00\x00\x01\x9do\x02K,\
\x00\x00\x140\x00\x00\x00\x00\x00\x01\x00\x01\xb3\xb4\
\x00\x00\x01\x9dO\x06\x7f\x1a\
\x00\x00\x09\xba\x00\x00\x00\x00\x00\x01\x00\x014H\
\x00\x00\x01\x9d?7\x9a\xfd\
\x00\x00\x0d\xe6\x00\x00\x00\x00\x00\x01\x00\x01g\x8a\
\x00\x00\x01\x9dO\x06\x7f\x1a\
\x00\x00\x0b\xa0\x00\x00\x00\x00\x00\x01\x00\x01I\xe2\
\x00\x00\x01\x9do\x02K/\
\x00\x00\x0f\x18\x00\x00\x00\x00\x00\x01\x00\x01w\x22\
\x00\x00\x01\x9dkh\x821\
\x00\x00\x11\xb4\x00\x00\x00\x00\x00\x01\x00\x01\x95w\
\x00\x00\x01\x9dkh\x82U\
\x00\x00\x12\xf6\x00\x00\x00\x00\x00\x01\x00\x01\xa6\x18\
\x00\x00\x01\x9dO\x06\x7f \
\x00\x00\x11\xfa\x00\x00\x00\x00\x00\x01\x00\x01\x99\xf8\
\x00\x00\x01\x9do\x02K0\
\x00\x00\x05\x96\x00\x00\x00\x00\x00\x01\x00\x00\xfb6\
\x00\x00\x01\x9do\xfe\xe2\xc6\
\x00\x00\x184\x00\x00\x00\x00\x00\x01\x00\x01\xe55\
\x00\x00\x01\x9dO\x06\x7f\x19\
\x00\x00\x15\xfe\x00\x00\x00\x00\x00\x01\x00\x01\xc6Q\
\x00\x00\x01\x9dn\xf3\xc55\
\x00\x00\x10\x9c\x00\x00\x00\x00\x00\x01\x00\x01\x88\x1e\
\x00\x00\x01\x9dkh\x81\xd5\
\x00\x00\x0e\xc0\x00\x00\x00\x00\x00\x01\x00\x01q0\
\x00\x00\x01\x9dO\x06\x7f \
\x00\x00\x0ab\x00\x00\x00\x00\x00\x01\x00\x01<\xef\
\x00\x00\x01\x9d?8O|\
\x00\x00\x16\x16\x00\x00\x00\x00\x00\x01\x00\x01\xc8\x0c\
\x00\x00\x01\x9dkh\x81\xcf\
\x00\x00\x06\x9e\x00\x00\x00\x00\x00\x01\x00\x01\x0c\xa8\
\x00\x00\x01\x9dO\x06\x7f\x1d\
\x00\x00\x18\x0e\x00\x00\x00\x00\x00\x01\x00\x01\xe2\xf4\
\x00\x00\x01\x9dkh\x82>\
\x00\x00\x05\xd0\x00\x00\x00\x00\x00\x01\x00\x00\xfeb\
\x00\x00\x01\x9d?/:1\
\x00\x00\x0c\x8a\x00\x00\x00\x00\x00\x01\x00\x01U1\
\x00\x00\x01\x9dO\x06\x7f\x15\
\x00\x00\x18\x92\x00\x00\x00\x00\x00\x01\x00\x01\xe8[\
\x00\x00\x01\x9dO\x06\x7f\x17\
\x00\x00\x17L\x00\x00\x00\x00\x00\x01\x00\x01\xd7\xec\
\x00\x00\x01\x9dkh\x82,\
\x00\x00\x02\x9e\x00\x00\x00\x00\x00\x01\x00\x00\xd8\x85\
\x00\x00\x01\x9dn\xf3\xc55\
\x00\x00\x09\xfa\x00\x00\x00\x00\x00\x01\x00\x018a\
\x00\x00\x01\x9dO\x06\x7f\x16\
\x00\x00\x0e\xfe\x00\x00\x00\x00\x00\x01\x00\x01t\x1c\
\x00\x00\x01\x9dO\x06\x7f\x15\
\x00\x00\x11\x1a\x00\x00\x00\x00\x00\x01\x00\x01\x8f\x0a\
\x00\x00\x01\x9d?.pX\
\x00\x00\x0dH\x00\x00\x00\x00\x00\x01\x00\x01`P\
\x00\x00\x01\x9dkh\x82T\
\x00\x00\x0f\x86\x00\x00\x00\x00\x00\x01\x00\x01z\xeb\
\x00\x00\x01\x9dkh\x82V\
\x00\x00\x0c \x00\x00\x00\x00\x00\x01\x00\x01O\x8b\
\x00\x00\x01\x9d?6\xd9W\
\x00\x00\x0b\xd8\x00\x00\x00\x00\x00\x01\x00\x01Lw\
\x00\x00\x01\x9dO\x06\x7f\x1c\
\x00\x00\x10\xfc\x00\x00\x00\x00\x00\x01\x00\x01\x8c\xc3\
\x00\x00\x01\x9do\x02K5\
\x00\x00\x06\x1c\x00\x00\x00\x00\x00\x01\x00\x01\x03\xdb\
\x00\x00\x01\x9do\x02K4\
\x00\x00\x0dd\x00\x00\x00\x00\x00\x01\x00\x01a{\
\x00\x00\x01\x9dO\x06\x7f\x18\
\x00\x00\x0e\x04\x00\x00\x00\x00\x00\x01\x00\x01i4\
\x00\x00\x01\x9dkh\x82V\
\x00\x00\x08\xb4\x00\x00\x00\x00\x00\x01\x00\x01'E\
\x00\x00\x01\x9dkh\x81\xb8\
\x00\x00\x07\xa2\x00\x00\x00\x00\x00\x01\x00\x01\x18)\
\x00\x00\x01\x9dh\x99C\x1e\
\x00\x00\x15\xa4\x00\x00\x00\x00\x00\x01\x00\x01\xc0F\
\x00\x00\x01\x9do\x02K+\
\x00\x00\x0a\xba\x00\x00\x00\x00\x00\x01\x00\x01>\x8b\
\x00\x00\x01\x9dO\x06\x7f\x1b\
\x00\x00\x04.\x00\x00\x00\x00\x00\x01\x00\x00\xe9S\
\x00\x00\x01\x9dkh\x82\x03\
\x00\x00\x0b\x80\x00\x00\x00\x00\x00\x01\x00\x01H,\
\x00\x00\x01\x9dkh\x81\xd0\
\x00\x00\x18\xb6\x00\x00\x00\x00\x00\x01\x00\x01\xe9)\
\x00\x00\x01\x9d?9),\
\x00\x00\x14\xc2\x00\x00\x00\x00\x00\x01\x00\x01\xb7\x83\
\x00\x00\x01\x9dkh\x82W\
\x00\x00\x01\xfa\x00\x00\x00\x00\x00\x01\x00\x00\xd0e\
\x00\x00\x01\x9dn\xf3\xc55\
\x00\x00\x126\x00\x00\x00\x00\x00\x01\x00\x01\x9ca\
\x00\x00\x01\x9do\x02K3\
\x00\x00\x05\xb0\x00\x00\x00\x00\x00\x01\x00\x00\xfcT\
\x00\x00\x01\x9d?6\x19:\
\x00\x00\x16Z\x00\x00\x00\x00\x00\x01\x00\x01\xcd\x16\
\x00\x00\x01\x9dkh\x82,\
\x00\x00\x15^\x00\x00\x00\x00\x00\x01\x00\x01\xbe.\
\x00\x00\x01\x9dO\x06\x7f\x1a\
\x00\x00\x07\xce\x00\x00\x00\x00\x00\x01\x00\x01\x1a/\
\x00\x00\x01\x9d?2\xd0P\
\x00\x00\x0d\xa2\x00\x01\x00\x00\x00\x01\x00\x01c}\
\x00\x00\x01\x9dO\x06\x7f\x19\
\x00\x00\x09l\x00\x00\x00\x00\x00\x01\x00\x01/\xec\
\x00\x00\x01\x9dO\x06\x7f \
\x00\x00\x04\xf6\x00\x00\x00\x00\x00\x01\x00\x00\xf3\xe2\
\x00\x00\x01\x9dO\x06\x7f\x1e\
\x00\x00\x10\x04\x00\x00\x00\x00\x00\x01\x00\x01\x81\xe5\
\x00\x00\x01\x9dkh\x81\xd0\
\x00\x00\x11v\x00\x00\x00\x00\x00\x01\x00\x01\x91J\
\x00\x00\x01\x9dkh\x82X\
\x00\x00\x15>\x00\x00\x00\x00\x00\x01\x00\x01\xbc\x90\
\x00\x00\x01\x9do\x02K\x17\
\x00\x00\x0f\xe8\x00\x00\x00\x00\x00\x01\x00\x01\x7f\xaa\
\x00\x00\x01\x9dkh\x82>\
\x00\x00\x01\x80\x00\x00\x00\x00\x00\x01\x00\x00\xc85\
\x00\x00\x01\x9d?*\xa1\xf3\
\x00\x00\x07\xfc\x00\x00\x00\x00\x00\x01\x00\x01\x1cF\
\x00\x00\x01\x9dy\x12\xf8\x07\
\x00\x00\x12\xd8\x00\x00\x00\x00\x00\x01\x00\x01\xa3\xb8\
\x00\x00\x01\x9do\x02K\x1b\
\x00\x00\x06B\x00\x00\x00\x00\x00\x01\x00\x01\x05\xd2\
\x00\x00\x01\x9dO\x06\x7f\x13\
\x00\x00\x0a\x14\x00\x00\x00\x00\x00\x01\x00\x019J\
\x00\x00\x01\x9dkh\x82'\
\x00\x00\x0aB\x00\x00\x00\x00\x00\x01\x00\x01;\x16\
\x00\x00\x01\x9dO\x06\x7f\x19\
\x00\x00\x15\x0c\x00\x00\x00\x00\x00\x01\x00\x01\xbb\xac\
\x00\x00\x01\x9do\xfe\xe2\xc5\
\x00\x00\x03~\x00\x00\x00\x00\x00\x01\x00\x00\xe0\x9f\
\x00\x00\x01\x9do\x02K2\
\x00\x00\x12\x88\x00\x00\x00\x00\x00\x01\x00\x01\xa1 \
\x00\x00\x01\x9dO\x06\x7f\x16\
\x00\x00\x02r\x00\x00\x00\x00\x00\x01\x00\x00\xd5\xc4\
\x00\x00\x01\x9dkh\x82U\
\x00\x00\x15\xbe\x00\x00\x00\x00\x00\x01\x00\x01\xc2W\
\x00\x00\x01\x9do\x02K3\
\x00\x00\x13\x8a\x00\x00\x00\x00\x00\x01\x00\x01\xadX\
\x00\x00\x01\x9d?7\xaa7\
\x00\x00\x14\x16\x00\x00\x00\x00\x00\x01\x00\x01\xb1\xac\
\x00\x00\x01\x9do\x02K-\
\x00\x00\x10\xba\x00\x00\x00\x00\x00\x01\x00\x01\x89\x90\
\x00\x00\x01\x9do\x02K*\
\x00\x00\x0bP\x00\x01\x00\x00\x00\x01\x00\x01E\xde\
\x00\x00\x01\x9d?0\x82\xd1\
\x00\x00\x04\xba\x00\x00\x00\x00\x00\x01\x00\x00\xef\x93\
\x00\x00\x01\x9do\x02K\x1c\
\x00\x00\x03\xa6\x00\x00\x00\x00\x00\x01\x00\x00\xe2\xf6\
\x00\x00\x01\x9do\x02K)\
\x00\x00\x074\x00\x00\x00\x00\x00\x01\x00\x01\x13\x06\
\x00\x00\x01\x9dO\x06\x7f\x18\
\x00\x00\x17\xde\x00\x00\x00\x00\x00\x01\x00\x01\xdf\xed\
\x00\x00\x01\x9do\x02K1\
\x00\x00\x13`\x00\x00\x00\x00\x00\x01\x00\x01\xacv\
\x00\x00\x01\x9dkh\x82O\
\x00\x00\x12\xb6\x00\x00\x00\x00\x00\x01\x00\x01\xa2\x9a\
\x00\x00\x01\x9dkh\x82O\
\x00\x00\x07\x80\x00\x00\x00\x00\x00\x01\x00\x01\x16\x8d\
\x00\x00\x01\x9do\x02K,\
\x00\x00\x06h\x00\x00\x00\x00\x00\x01\x00\x01\x09\x00\
\x00\x00\x01\x9dkh\x82,\
\x00\x00\x0d~\x00\x00\x00\x00\x00\x01\x00\x01bR\
\x00\x00\x01\x9dkh\x82W\
\x00\x00\x09<\x00\x00\x00\x00\x00\x01\x00\x01-g\
\x00\x00\x01\x9do\x02K\x1c\
\x00\x00\x01\xa6\x00\x00\x00\x00\x00\x01\x00\x00\xcb\xf8\
\x00\x00\x01\x9dO\x06\x7f\x1b\
\x00\x00\x08\x86\x00\x00\x00\x00\x00\x01\x00\x01&8\
\x00\x00\x01\x9d?-\x89\x96\
\x00\x00\x19T\x00\x00\x00\x00\x00\x01\x00\x01\xf1\x81\
\x00\x00\x01\x9d?2z\xd0\
\x00\x00\x138\x00\x00\x00\x00\x00\x01\x00\x01\xaa\xfe\
\x00\x00\x01\x9dkh\x81\xd5\
\x00\x00\x02\xe8\x00\x00\x00\x00\x00\x01\x00\x00\xdb^\
\x00\x00\x01\x9do\xfe\xe2\xc6\
\x00\x00\x17\x06\x00\x00\x00\x00\x00\x01\x00\x01\xd4\x02\
\x00\x00\x01\x9dO\x06\x7f\x1f\
\x00\x00\x0b\xf6\x00\x00\x00\x00\x00\x01\x00\x01N\x03\
\x00\x00\x01\x9dkh\x82V\
\x00\x00\x0c\xf2\x00\x00\x00\x00\x00\x01\x00\x01[\x22\
\x00\x00\x01\x9d?5'\xe0\
\x00\x00\x09\xda\x00\x00\x00\x00\x00\x01\x00\x016\x18\
\x00\x00\x01\x9dkh\x82\x02\
\x00\x00\x15|\x00\x00\x00\x00\x00\x01\x00\x01\xbf9\
\x00\x00\x01\x9d?-9\x9d\
"

def qInitResources():
    QtCore.qRegisterResourceData(0x03, qt_resource_struct, qt_resource_name, qt_resource_data)

def qCleanupResources():
    QtCore.qUnregisterResourceData(0x03, qt_resource_struct, qt_resource_name, qt_resource_data)

qInitResources()
